[12:49:00] [main/INFO]: ModLauncher running: args [--username, bastelkorb, --version, forge-36.2.42, --gameDir, C:\Users\bastelkorb\curseforge\minecraft\Instances\testy (1), --assetsDir, C:\Users\bastelkorb\curseforge\minecraft\Install\assets, --assetIndex, 1.16, --uuid, 0119aa6625564beebf18e609f01b8ff5, --accessToken, ????????, --userType, msa, --versionType, release, --width, 1024, --height, 768, --launchTarget, fmlclient, --fml.forgeVersion, 36.2.42, --fml.mcVersion, 1.16.5, --fml.forgeGroup, net.minecraftforge, --fml.mcpVersion, 20210115.111550]
[12:49:00] [main/INFO]: ModLauncher 8.1.3+8.1.3+main-8.1.x.c94d18ec starting: java version 1.8.0_51 by Oracle Corporation
[12:49:00] [main/WARN]: LEGACY JDK DETECTED, SECURED JAR HANDLING DISABLED
[12:49:01] [main/INFO]: Added Lets Encrypt root certificates as additional trust
[12:49:01] [main/INFO]: SpongePowered MIXIN Subsystem Version=0.8.4 Source=file:/C:/Users/bastelkorb/curseforge/minecraft/Install/libraries/org/spongepowered/mixin/0.8.4/mixin-0.8.4.jar Service=ModLauncher Env=CLIENT
[12:49:02] [main/INFO]: Launching target 'fmlclient' with arguments [--version, forge-36.2.42, --gameDir, C:\Users\bastelkorb\curseforge\minecraft\Instances\testy (1), --assetsDir, C:\Users\bastelkorb\curseforge\minecraft\Install\assets, --uuid, 0119aa6625564beebf18e609f01b8ff5, --username, bastelkorb, --assetIndex, 1.16, --accessToken, ????????, --userType, msa, --versionType, release, --width, 1024, --height, 768]
[12:49:02] [main/INFO]: Transforming class: net.minecraft.entity.Entity
[12:49:03] [main/INFO]: Transforming class: net.minecraft.tileentity.TileEntity
[12:49:03] [main/INFO]: Transforming method: setupTerrain net.minecraft.client.renderer.WorldRenderer
[12:49:03] [main/INFO]: Transforming method: updateCameraAndRender net.minecraft.client.renderer.WorldRenderer
[12:49:03] [main/INFO]: [MemoryLeakFix] Will be applying 5 memory leak fixes!
[12:49:03] [main/INFO]: [MemoryLeakFix] Currently enabled memory leak fixes: [targetEntityLeak, readResourcesLeak, entityMemoriesLeak, biomeTemperatureLeak, drownedNavigationLeak]
[12:49:03] [main/INFO]: Initializing MixinExtras via cam72cam.universalmodcore.shade.com.llamalad7.mixinextras.service.MixinExtrasServiceImpl(version=0.5.0).
[12:49:03] [main/WARN]: Found problematic active MixinExtras instance at ca.fxco.memoryleakfix.mixinextras (version 0.2.0-beta.6)
[12:49:03] [main/WARN]: Versions from 0.2.0-beta.1 to 0.2.0-beta.9 have limited support and it is strongly recommended to update.
[12:49:03] [pool-3-thread-1/INFO]: Transforming class: net.minecraft.entity.Entity
[12:49:04] [pool-3-thread-1/INFO]: Using Java 8 class definer
[12:49:04] [pool-3-thread-1/INFO]: Transforming class: net.minecraft.tileentity.TileEntity
[12:49:06] [main/INFO]: Environment: authHost='https://authserver.mojang.com', accountsHost='https://api.mojang.com', sessionHost='https://sessionserver.mojang.com', servicesHost='https://api.minecraftservices.com', name='PROD'
[12:49:07] [main/INFO]: Setting user: bastelkorb
[12:49:07] [main/INFO]: Backend library: LWJGL version 3.2.2 build 10
[12:49:08] [main/INFO]: [cam72cam.mod.ModCore:info:526]: INFO: Detected GL_MAX_TEXTURE_SIZE as: 32768
[12:49:08] [modloading-worker-11/INFO]: Forge mod loading, version 36.2.42, for MC 1.16.5 with MCP 20210115.111550
[12:49:08] [modloading-worker-3/INFO]: [cam72cam.mod.ModCore:<init>:82]: Welcome to UniversalModCore!
[12:49:08] [modloading-worker-11/INFO]: MinecraftForge v36.2.42 Initialized
[12:49:08] [modloading-worker-3/INFO]: Potentially Dangerous alternative prefix `immersiverailroading` for name `block_rail_preview`, expected `universalmodcore`. This could be a intended override, but in most cases indicates a broken mod.
[12:49:08] [modloading-worker-3/INFO]: Potentially Dangerous alternative prefix `immersiverailroading` for name `block_rail_gag`, expected `universalmodcore`. This could be a intended override, but in most cases indicates a broken mod.
[12:49:08] [modloading-worker-3/INFO]: Potentially Dangerous alternative prefix `immersiverailroading` for name `block_rail`, expected `universalmodcore`. This could be a intended override, but in most cases indicates a broken mod.
[12:49:08] [modloading-worker-3/INFO]: Potentially Dangerous alternative prefix `immersiverailroading` for name `multiblock`, expected `universalmodcore`. This could be a intended override, but in most cases indicates a broken mod.
[12:49:08] [modloading-worker-3/INFO]: Potentially Dangerous alternative prefix `immersiverailroading` for name `item_rolling_stock`, expected `universalmodcore`. This could be a intended override, but in most cases indicates a broken mod.
[12:49:08] [modloading-worker-3/INFO]: Potentially Dangerous alternative prefix `immersiverailroading` for name `item_multiple_unit`, expected `universalmodcore`. This could be a intended override, but in most cases indicates a broken mod.
[12:49:08] [modloading-worker-3/INFO]: Potentially Dangerous alternative prefix `immersiverailroading` for name `item_rolling_stock_component`, expected `universalmodcore`. This could be a intended override, but in most cases indicates a broken mod.
[12:49:08] [modloading-worker-3/INFO]: Potentially Dangerous alternative prefix `immersiverailroading` for name `item_large_wrench`, expected `universalmodcore`. This could be a intended override, but in most cases indicates a broken mod.
[12:49:08] [modloading-worker-3/INFO]: Potentially Dangerous alternative prefix `immersiverailroading` for name `item_hook`, expected `universalmodcore`. This could be a intended override, but in most cases indicates a broken mod.
[12:49:08] [modloading-worker-3/INFO]: Potentially Dangerous alternative prefix `immersiverailroading` for name `item_augment`, expected `universalmodcore`. This could be a intended override, but in most cases indicates a broken mod.
[12:49:08] [modloading-worker-3/INFO]: Potentially Dangerous alternative prefix `immersiverailroading` for name `item_rail`, expected `universalmodcore`. This could be a intended override, but in most cases indicates a broken mod.
[12:49:08] [modloading-worker-3/INFO]: Potentially Dangerous alternative prefix `immersiverailroading` for name `item_manual`, expected `universalmodcore`. This could be a intended override, but in most cases indicates a broken mod.
[12:49:08] [modloading-worker-3/INFO]: Potentially Dangerous alternative prefix `immersiverailroading` for name `item_rail_part`, expected `universalmodcore`. This could be a intended override, but in most cases indicates a broken mod.
[12:49:08] [modloading-worker-3/INFO]: Potentially Dangerous alternative prefix `immersiverailroading` for name `item_plate`, expected `universalmodcore`. This could be a intended override, but in most cases indicates a broken mod.
[12:49:08] [modloading-worker-3/INFO]: Potentially Dangerous alternative prefix `immersiverailroading` for name `item_cast_rail`, expected `universalmodcore`. This could be a intended override, but in most cases indicates a broken mod.
[12:49:08] [modloading-worker-3/INFO]: Potentially Dangerous alternative prefix `immersiverailroading` for name `item_conductor_whistle`, expected `universalmodcore`. This could be a intended override, but in most cases indicates a broken mod.
[12:49:08] [modloading-worker-3/INFO]: Potentially Dangerous alternative prefix `immersiverailroading` for name `item_paint_brush`, expected `universalmodcore`. This could be a intended override, but in most cases indicates a broken mod.
[12:49:08] [modloading-worker-3/INFO]: Potentially Dangerous alternative prefix `immersiverailroading` for name `item_golden_spike`, expected `universalmodcore`. This could be a intended override, but in most cases indicates a broken mod.
[12:49:08] [modloading-worker-3/INFO]: Potentially Dangerous alternative prefix `immersiverailroading` for name `item_radio_control_card`, expected `universalmodcore`. This could be a intended override, but in most cases indicates a broken mod.
[12:49:08] [modloading-worker-3/INFO]: Potentially Dangerous alternative prefix `immersiverailroading` for name `item_switch_key`, expected `universalmodcore`. This could be a intended override, but in most cases indicates a broken mod.
[12:49:08] [modloading-worker-3/INFO]: Potentially Dangerous alternative prefix `immersiverailroading` for name `item_track_exchanger`, expected `universalmodcore`. This could be a intended override, but in most cases indicates a broken mod.
[12:49:08] [modloading-worker-3/INFO]: Potentially Dangerous alternative prefix `immersiverailroading` for name `item_wireless_remotecontrol`, expected `universalmodcore`. This could be a intended override, but in most cases indicates a broken mod.
[12:49:08] [modloading-worker-3/INFO]: Potentially Dangerous alternative prefix `immersiverailroading` for name `item_typewriter`, expected `universalmodcore`. This could be a intended override, but in most cases indicates a broken mod.
[12:49:08] [modloading-worker-4/INFO]: Transforming method: setupTerrain net.minecraft.client.renderer.WorldRenderer
[12:49:08] [modloading-worker-4/INFO]: Transforming method: updateCameraAndRender net.minecraft.client.renderer.WorldRenderer
[12:49:09] [main/WARN]: Registry minecraft:block: The object Block{immersivepetroleum:distillationtower} has been registered twice for the same name immersivepetroleum:distillationtower.
[12:49:09] [main/WARN]: Registry minecraft:block: The object Block{immersivepetroleum:pumpjack} has been registered twice for the same name immersivepetroleum:pumpjack.
[12:49:09] [main/WARN]: Registry minecraft:block: The object Block{immersivepetroleum:cokerunit} has been registered twice for the same name immersivepetroleum:cokerunit.
[12:49:09] [main/WARN]: Registry minecraft:block: The object Block{immersivepetroleum:hydrotreater} has been registered twice for the same name immersivepetroleum:hydrotreater.
[12:49:09] [main/INFO]: Potentially Dangerous alternative prefix `immersiverailroading` for name `block_rail_preview`, expected `universalmodcore`. This could be a intended override, but in most cases indicates a broken mod.
[12:49:09] [main/INFO]: Potentially Dangerous alternative prefix `immersiverailroading` for name `block_rail_gag`, expected `universalmodcore`. This could be a intended override, but in most cases indicates a broken mod.
[12:49:09] [main/INFO]: Potentially Dangerous alternative prefix `immersiverailroading` for name `block_rail`, expected `universalmodcore`. This could be a intended override, but in most cases indicates a broken mod.
[12:49:09] [main/INFO]: Potentially Dangerous alternative prefix `immersiverailroading` for name `multiblock`, expected `universalmodcore`. This could be a intended override, but in most cases indicates a broken mod.
[12:49:09] [main/INFO]: Potentially Dangerous alternative prefix `immersiverailroading` for name `carfreight`, expected `universalmodcore`. This could be a intended override, but in most cases indicates a broken mod.
[12:49:09] [main/INFO]: Potentially Dangerous alternative prefix `immersiverailroading` for name `carpassenger`, expected `universalmodcore`. This could be a intended override, but in most cases indicates a broken mod.
[12:49:09] [main/INFO]: Potentially Dangerous alternative prefix `immersiverailroading` for name `cartank`, expected `universalmodcore`. This could be a intended override, but in most cases indicates a broken mod.
[12:49:09] [main/INFO]: Potentially Dangerous alternative prefix `immersiverailroading` for name `handcar`, expected `universalmodcore`. This could be a intended override, but in most cases indicates a broken mod.
[12:49:09] [main/INFO]: Potentially Dangerous alternative prefix `immersiverailroading` for name `locomotivediesel`, expected `universalmodcore`. This could be a intended override, but in most cases indicates a broken mod.
[12:49:09] [main/INFO]: Potentially Dangerous alternative prefix `immersiverailroading` for name `locomotivesteam`, expected `universalmodcore`. This could be a intended override, but in most cases indicates a broken mod.
[12:49:09] [main/INFO]: Potentially Dangerous alternative prefix `immersiverailroading` for name `tender`, expected `universalmodcore`. This could be a intended override, but in most cases indicates a broken mod.
[12:49:09] [main/INFO]: [cam72cam.mod.ModCore:info:526]: INFO: Attempting to detect optifine...
[12:49:09] [main/INFO]: [cam72cam.mod.ModCore:info:526]: INFO: Optifine not detected, phew
[12:49:09] [main/INFO]: Loading sounds.
[12:49:09] [main/INFO]: No valid inventory handler found for 1 speedboat
[12:49:10] [main/INFO]: Narrator library for x64 successfully loaded
[12:49:10] [main/INFO]: Reloading ResourceManager: Default, Mod Resources, Voxel-Trains-IR_edit-master.zip, UniversalModCore-1.16.5-forge-1.2.3-012a521.jar, Translation Hackery, ImmersiveRailroading-1.16.5-forge-1.10.0-2742641.jar
[12:49:10] [Forge Version Check/INFO]: [forge] Starting version check at https://files.minecraftforge.net/net/minecraftforge/forge/promotions_slim.json
[12:49:11] [Immersive Engineering Contributors Thread/INFO]: Attempting to download special revolvers from GitHub
[12:49:12] [Worker-Main-14/INFO]: Detected 21333MB of memory free
[12:49:12] [Worker-Main-14/INFO]: Adjusted to 19131MB of memory free
[12:49:12] [Worker-Main-14/INFO]: Using 16 threads to load Immersive Railroading (1024MB per thread)
[12:49:12] [ImmersiveRailroading-9/INFO]: Loading stock models.
[12:49:12] [Forge Version Check/INFO]: [forge] Found status: AHEAD Current: 36.2.42 Target: null
[12:49:12] [Forge Version Check/INFO]: [immersiveengineering] Starting version check at https://raw.githubusercontent.com/BluSunrize/ImmersiveEngineering/1.16.5/changelog.json
[12:49:12] [ImmersiveRailroading-1/INFO]: [cam72cam.immersiverailroading.registry.DefinitionManager:lambda$initModels$6:253]: GC
[12:49:12] [ImmersiveRailroading-1/INFO]: Loading Models 0% : rolling_stock/multiple_unit/rhb_capricorn.json
[12:49:12] [ImmersiveRailroading-1/INFO]: [cam72cam.immersiverailroading.registry.DefinitionManager:lambda$initModels$6:253]: GC
[12:49:12] [ImmersiveRailroading-1/INFO]: Loading Models 0% : rolling_stock/multiple_unit/ns_sng-iii.json
[12:49:12] [ImmersiveRailroading-1/INFO]: [cam72cam.immersiverailroading.registry.DefinitionManager:lambda$initModels$6:253]: GC
[12:49:13] [ImmersiveRailroading-1/INFO]: Loading Models 0% : rolling_stock/multiple_unit/ns_sng-iv.json
[12:49:13] [ImmersiveRailroading-1/INFO]: [cam72cam.immersiverailroading.registry.DefinitionManager:lambda$initModels$6:253]: GC
[12:49:13] [ImmersiveRailroading-1/INFO]: Loading Models 0% : rolling_stock/multiple_unit/ns_virmm-1-iv.json
[12:49:13] [Forge Version Check/INFO]: [immersiveengineering] Found status: UP_TO_DATE Current: 1.16.5-5.1.0-148 Target: null
[12:49:13] [ImmersiveRailroading-1/INFO]: [cam72cam.immersiverailroading.registry.DefinitionManager:lambda$initModels$6:253]: GC
[12:49:13] [ImmersiveRailroading-1/INFO]: Loading Models 0% : rolling_stock/multiple_unit/ns_virmm-1-vi.json
[12:49:13] [ImmersiveRailroading-1/INFO]: [cam72cam.immersiverailroading.registry.DefinitionManager:lambda$initModels$6:253]: GC
[12:49:14] [ImmersiveRailroading-1/INFO]: Loading Models 1% : rolling_stock/multiple_unit/ns_icmm-iii.json
[12:49:14] [ImmersiveRailroading-1/INFO]: [cam72cam.immersiverailroading.registry.DefinitionManager:lambda$initModels$6:253]: GC
[12:49:14] [ImmersiveRailroading-1/INFO]: Loading Models 1% : rolling_stock/multiple_unit/ns_icmm-iv.json
[12:49:14] [ImmersiveRailroading-1/INFO]: [cam72cam.immersiverailroading.registry.DefinitionManager:lambda$initModels$6:253]: GC
[12:49:14] [ImmersiveRailroading-1/INFO]: Loading Models 1% : rolling_stock/multiple_unit/forchbahn_be_4-6.json
[12:49:14] [ImmersiveRailroading-1/INFO]: [cam72cam.immersiverailroading.registry.DefinitionManager:lambda$initModels$6:253]: GC
[12:49:14] [ImmersiveRailroading-1/INFO]: Loading Models 1% : rolling_stock/multiple_unit/fb_be_4-6.json
[12:49:14] [ImmersiveRailroading-1/INFO]: [cam72cam.immersiverailroading.registry.DefinitionManager:lambda$initModels$6:253]: GC
[12:49:14] [ImmersiveRailroading-1/INFO]: Loading Models 1% : rolling_stock/multiple_unit/fb_be_8-8.json
[12:49:14] [ImmersiveRailroading-1/INFO]: [cam72cam.immersiverailroading.registry.DefinitionManager:lambda$initModels$6:253]: GC
[12:49:14] [ImmersiveRailroading-1/INFO]: Loading Models 1% : rolling_stock/multiple_unit/vbz_cobra.json
[12:49:14] [ImmersiveRailroading-1/INFO]: [cam72cam.immersiverailroading.registry.DefinitionManager:lambda$initModels$6:253]: GC
[12:49:15] [ImmersiveRailroading-1/INFO]: Loading Models 2% : rolling_stock/multiple_unit/vbg_cobra.json
[12:49:15] [ImmersiveRailroading-1/INFO]: [cam72cam.immersiverailroading.registry.DefinitionManager:lambda$initModels$6:253]: GC
[12:49:15] [ImmersiveRailroading-1/INFO]: Loading Models 2% : rolling_stock/multiple_unit/vbz_tram_2000_1.json
[12:49:15] [ImmersiveRailroading-1/INFO]: [cam72cam.immersiverailroading.registry.DefinitionManager:lambda$initModels$6:253]: GC
[12:49:15] [ImmersiveRailroading-1/INFO]: Loading Models 2% : rolling_stock/multiple_unit/vbz_tram_2000_1_bk.json
[12:49:15] [ImmersiveRailroading-1/INFO]: [cam72cam.immersiverailroading.registry.DefinitionManager:lambda$initModels$6:253]: GC
[12:49:15] [ImmersiveRailroading-1/INFO]: Loading Models 2% : rolling_stock/multiple_unit/vbz_tram_2000_2.json
[12:49:15] [ImmersiveRailroading-1/INFO]: [cam72cam.immersiverailroading.registry.DefinitionManager:lambda$initModels$6:253]: GC
[12:49:16] [ImmersiveRailroading-1/INFO]: Loading Models 2% : rolling_stock/multiple_unit/vbz_tram_2000_3.json
[12:49:16] [ImmersiveRailroading-1/INFO]: [cam72cam.immersiverailroading.registry.DefinitionManager:lambda$initModels$6:253]: GC
[12:49:16] [ImmersiveRailroading-1/INFO]: Loading Models 3% : rolling_stock/multiple_unit/hupac_t3000e.json
[12:49:16] [ImmersiveRailroading-1/INFO]: [cam72cam.immersiverailroading.registry.DefinitionManager:lambda$initModels$6:253]: GC
[12:49:16] [ImmersiveRailroading-1/INFO]: Loading Models 3% : rolling_stock/multiple_unit/laeks_427.json
[12:49:16] [ImmersiveRailroading-1/INFO]: [cam72cam.immersiverailroading.registry.DefinitionManager:lambda$initModels$6:253]: GC
[12:49:16] [ImmersiveRailroading-1/INFO]: Loading Models 3% : rolling_stock/multiple_unit/sbb_rabde_500.json
[12:49:16] [ImmersiveRailroading-1/INFO]: [cam72cam.immersiverailroading.registry.DefinitionManager:lambda$initModels$6:253]: GC
[12:49:17] [ImmersiveRailroading-1/INFO]: Loading Models 3% : rolling_stock/multiple_unit/sbb_rabe_501.json
[12:49:17] [ImmersiveRailroading-1/INFO]: [cam72cam.immersiverailroading.registry.DefinitionManager:lambda$initModels$6:253]: GC
[12:49:17] [ImmersiveRailroading-1/INFO]: Loading Models 3% : rolling_stock/multiple_unit/sbb_rabe_511_regio.json
[12:49:17] [ImmersiveRailroading-1/INFO]: [cam72cam.immersiverailroading.registry.DefinitionManager:lambda$initModels$6:253]: GC
[12:49:17] [ImmersiveRailroading-1/INFO]: Loading Models 3% : rolling_stock/multiple_unit/sbb_rabe_511_ir_4.json
[12:49:17] [ImmersiveRailroading-1/INFO]: [cam72cam.immersiverailroading.registry.DefinitionManager:lambda$initModels$6:253]: GC
[12:49:17] [ImmersiveRailroading-1/INFO]: Loading Models 4% : rolling_stock/multiple_unit/sbb_rabe_511_ir_6.json
[12:49:17] [ImmersiveRailroading-1/INFO]: [cam72cam.immersiverailroading.registry.DefinitionManager:lambda$initModels$6:253]: GC
[12:49:17] [ImmersiveRailroading-1/INFO]: Loading Models 4% : rolling_stock/multiple_unit/sbb_rabe_514.json
[12:49:17] [ImmersiveRailroading-1/INFO]: [cam72cam.immersiverailroading.registry.DefinitionManager:lambda$initModels$6:253]: GC
[12:49:18] [ImmersiveRailroading-1/INFO]: Loading Models 4% : rolling_stock/multiple_unit/sob_traverso.json
[12:49:18] [ImmersiveRailroading-1/INFO]: Loading Models 4% : rolling_stock/multiple_unit/sob_flirt3.json
[12:49:18] [ImmersiveRailroading-1/INFO]: Loading Models 4% : rolling_stock/multiple_unit/sbb_npz_do.json
[12:49:18] [ImmersiveRailroading-1/INFO]: Loading Models 5% : rolling_stock/multiple_unit/db_br_420-2.json
[12:49:18] [ImmersiveRailroading-1/INFO]: Loading Models 5% : rolling_stock/multiple_unit/db_br_420-5_pop.json
[12:49:18] [ImmersiveRailroading-1/INFO]: Loading Models 5% : rolling_stock/multiple_unit/db_br_420-5.json
[12:49:18] [ImmersiveRailroading-1/INFO]: Loading Models 5% : rolling_stock/multiple_unit/db_br_420-8.json
[12:49:18] [ImmersiveRailroading-1/INFO]: Loading Models 5% : rolling_stock/multiple_unit/db_br_420-8_modernized.json
[12:49:18] [ImmersiveRailroading-1/ERROR]: Unable to load stock rolling_stock/multiple_unit/sob_vt_628.json: file not found
[12:49:18] [ImmersiveRailroading-1/INFO]: Loading Models 5% : rolling_stock/multiple_unit/sob_vt_628.json
[12:49:18] [ImmersiveRailroading-1/INFO]: Loading Models 6% : rolling_stock/multiple_unit/sbb_hvz.json
[12:49:18] [ImmersiveRailroading-1/INFO]: Loading Models 6% : rolling_stock/multiple_unit/sbb_dpzplus.json
[12:49:18] [ImmersiveRailroading-0/INFO]: [cam72cam.immersiverailroading.registry.DefinitionManager:lambda$initModels$6:253]: GC
[12:49:19] [ImmersiveRailroading-0/INFO]: Loading Models 6% : rolling_stock/freight/russell_snow_plow.json
[12:49:19] [ImmersiveRailroading-1/INFO]: [cam72cam.immersiverailroading.registry.DefinitionManager:lambda$initModels$6:253]: GC
[12:49:19] [ImmersiveRailroading-1/INFO]: Loading Models 6% : rolling_stock/locomotives/emd_sd40-2.json
[12:49:19] [ImmersiveRailroading-0/INFO]: Loading Models 6% : rolling_stock/freight/drgw_3000class_boxcar.json
[12:49:19] [ImmersiveRailroading-5/INFO]: Generating heightmap rolling_stock/freight/rawie_typ_4_wood2.json
[12:49:19] [ImmersiveRailroading-0/INFO]: [cam72cam.immersiverailroading.registry.DefinitionManager:lambda$initModels$6:253]: GC
[12:49:20] [ImmersiveRailroading-0/INFO]: Loading Models 7% : rolling_stock/freight/drgw_1000class_gondola.json
[12:49:20] [ImmersiveRailroading-1/INFO]: Loading Models 7% : rolling_stock/locomotives/emd_sw1500.json
[12:49:20] [ImmersiveRailroading-5/INFO]: [cam72cam.immersiverailroading.registry.DefinitionManager:lambda$initModels$6:253]: GC
[12:49:20] [ImmersiveRailroading-5/INFO]: Loading Models 7% : rolling_stock/freight/rawie_typ_4_wood2.json
[12:49:20] [ImmersiveRailroading-1/INFO]: Loading Models 7% : rolling_stock/locomotives/alco_rs1.json
[12:49:20] [ImmersiveRailroading-0/INFO]: Loading Models 7% : rolling_stock/freight/drgw_5500class_stockcar.json
[12:49:21] [ImmersiveRailroading-1/INFO]: Loading Models 7% : rolling_stock/tender/a1_peppercorn_tender.json
[12:49:21] [ImmersiveRailroading-5/INFO]: Generating heightmap rolling_stock/freight/ip_buffer_metal.json
[12:49:21] [ImmersiveRailroading-1/INFO]: [cam72cam.immersiverailroading.registry.DefinitionManager:lambda$initModels$6:253]: GC
[12:49:21] [ImmersiveRailroading-1/INFO]: Loading Models 8% : rolling_stock/tender/big_boy_tender.json
[12:49:21] [ImmersiveRailroading-0/INFO]: Loading Models 8% : rolling_stock/freight/drgw_rail_and_tie_outfit.json
[12:49:21] [ImmersiveRailroading-5/INFO]: Loading Models 8% : rolling_stock/freight/ip_buffer_metal.json
[12:49:21] [ImmersiveRailroading-1/INFO]: Loading Models 8% : rolling_stock/tender/k4_tender.json
[12:49:21] [ImmersiveRailroading-0/INFO]: Loading Models 8% : rolling_stock/freight/waycar.json
[12:49:21] [ImmersiveRailroading-1/INFO]: Loading Models 9% : rolling_stock/tender/e6_tender.json
[12:49:21] [ImmersiveRailroading-0/INFO]: Loading Models 9% : rolling_stock/tank/tank_us2.json
[12:49:21] [ImmersiveRailroading-1/INFO]: Loading Models 9% : rolling_stock/tender/a5_tender.json
[12:49:21] [ImmersiveRailroading-0/INFO]: Loading Models 9% : rolling_stock/tank/kamx_t.json
[12:49:21] [ImmersiveRailroading-1/INFO]: Loading Models 9% : rolling_stock/tender/class_38_tender.json
[12:49:21] [ImmersiveRailroading-0/INFO]: [cam72cam.immersiverailroading.registry.DefinitionManager:lambda$initModels$6:253]: GC
[12:49:22] [ImmersiveRailroading-0/INFO]: Loading Models 9% : rolling_stock/tank/slag_car_1.json
[12:49:22] [ImmersiveRailroading-1/INFO]: Loading Models 10% : rolling_stock/tender/rodgers_460_tender.json
[12:49:22] [ImmersiveRailroading-5/INFO]: Generating heightmap rolling_stock/freight/bufferzh.json
[12:49:22] [ImmersiveRailroading-7/INFO]: Generating heightmap rolling_stock/passenger/dbuza.json
[12:49:22] [ImmersiveRailroading-8/INFO]: Generating heightmap rolling_stock/locomotives/wiebe.json
[12:49:22] [ImmersiveRailroading-0/INFO]: Loading Models 10% : rolling_stock/freight/boxcar_x26.json
[12:49:22] [ImmersiveRailroading-14/INFO]: Generating heightmap rolling_stock/passenger/ewivasmod.json
[12:49:22] [ImmersiveRailroading-1/INFO]: Loading Models 10% : rolling_stock/tender/skookum_tender.json
[12:49:22] [ImmersiveRailroading-5/INFO]: Loading Models 10% : rolling_stock/freight/bufferzh.json
[12:49:22] [ImmersiveRailroading-0/INFO]: Loading Models 10% : rolling_stock/freight/usra_boxcar_classrr40.json
[12:49:22] [ImmersiveRailroading-1/INFO]: Loading Models 11% : rolling_stock/tender/br01_tender.json
[12:49:22] [ImmersiveRailroading-0/INFO]: Loading Models 11% : rolling_stock/freight/70t_hopper_slsf.json
[12:49:22] [ImmersiveRailroading-1/INFO]: Loading Models 11% : rolling_stock/tender/cooke_tender.json
[12:49:22] [ImmersiveRailroading-0/INFO]: Loading Models 11% : rolling_stock/freight/attx_flatcar_1.json
[12:49:22] [ImmersiveRailroading-1/INFO]: Loading Models 11% : rolling_stock/tender/k36_tender.json
[12:49:22] [ImmersiveRailroading-0/INFO]: [cam72cam.immersiverailroading.registry.DefinitionManager:lambda$initModels$6:253]: GC
[12:49:22] [ImmersiveRailroading-0/INFO]: Loading Models 11% : rolling_stock/freight/dw_gondola.json
[12:49:22] [ImmersiveRailroading-2/INFO]: Generating heightmap rolling_stock/freight/hupac_t3000e_b.json
[12:49:22] [ImmersiveRailroading-0/INFO]: Loading Models 12% : rolling_stock/freight/prr_flatcar_1.json
[12:49:22] [ImmersiveRailroading-5/INFO]: Generating heightmap rolling_stock/freight/bufferzhextension.json
[12:49:22] [ImmersiveRailroading-1/INFO]: Loading Models 12% : rolling_stock/passenger/br_coach_mk1.json
[12:49:22] [ImmersiveRailroading-10/INFO]: Generating heightmap rolling_stock/passenger/icmma.json
[12:49:22] [ImmersiveRailroading-5/INFO]: Loading Models 12% : rolling_stock/freight/bufferzhextension.json
[12:49:22] [ImmersiveRailroading-1/INFO]: Loading Models 12% : rolling_stock/passenger/b70baggage.json
[12:49:22] [ImmersiveRailroading-0/INFO]: Loading Models 12% : rolling_stock/freight/usra_hopper_55t.json
[12:49:22] [ImmersiveRailroading-15/INFO]: Generating heightmap rolling_stock/passenger/ecapmmod.json
[12:49:22] [ImmersiveRailroading-9/INFO]: Generating heightmap rolling_stock/passenger/a5501.json
[12:49:22] [ImmersiveRailroading-1/INFO]: Loading Models 13% : rolling_stock/passenger/p70coach1.json
[12:49:22] [ImmersiveRailroading-0/INFO]: Loading Models 13% : rolling_stock/freight/n5c_cabin_car.json
[12:49:22] [ImmersiveRailroading-1/INFO]: Loading Models 13% : rolling_stock/locomotives/br01.json
[12:49:22] [ImmersiveRailroading-7/INFO]: Loading Models 13% : rolling_stock/passenger/dbuza.json
[12:49:23] [ImmersiveRailroading-1/INFO]: [cam72cam.immersiverailroading.registry.DefinitionManager:lambda$initModels$6:253]: GC
[12:49:23] [ImmersiveRailroading-1/INFO]: Loading Models 13% : rolling_stock/locomotives/cooke_mogul.json
[12:49:23] [ImmersiveRailroading-8/INFO]: Loading Models 13% : rolling_stock/locomotives/wiebe.json
[12:49:23] [ImmersiveRailroading-5/INFO]: Generating heightmap rolling_stock/freight/rawie_type_6.json
[12:49:23] [ImmersiveRailroading-13/INFO]: Generating heightmap rolling_stock/freight/gondola.json
[12:49:23] [ImmersiveRailroading-2/INFO]: Loading Models 14% : rolling_stock/freight/hupac_t3000e_b.json
[12:49:23] [ImmersiveRailroading-11/INFO]: Generating heightmap rolling_stock/passenger/br4072.json
[12:49:23] [ImmersiveRailroading-1/INFO]: Loading Models 14% : rolling_stock/locomotives/k36.json
[12:49:23] [ImmersiveRailroading-14/INFO]: Loading Models 14% : rolling_stock/passenger/ewivasmod.json
[12:49:23] [ImmersiveRailroading-5/INFO]: [cam72cam.immersiverailroading.registry.DefinitionManager:lambda$initModels$6:253]: GC
[12:49:23] [ImmersiveRailroading-5/INFO]: Loading Models 14% : rolling_stock/freight/rawie_type_6.json
[12:49:23] [ImmersiveRailroading-8/INFO]: Generating heightmap rolling_stock/locomotives/kof.json
[12:49:23] [ImmersiveRailroading-13/INFO]: Loading Models 14% : rolling_stock/freight/gondola.json
[12:49:23] [ImmersiveRailroading-10/INFO]: Loading Models 15% : rolling_stock/passenger/icmma.json
[12:49:23] [ImmersiveRailroading-4/INFO]: Generating heightmap rolling_stock/locomotives/traxx2sbbcargoac.json
[12:49:23] [ImmersiveRailroading-8/INFO]: Loading Models 15% : rolling_stock/locomotives/kof.json
[12:49:23] [ImmersiveRailroading-5/INFO]: Generating heightmap rolling_stock/hand_car/draisine.json
[12:49:23] [ImmersiveRailroading-9/INFO]: Loading Models 15% : rolling_stock/passenger/a5501.json
[12:49:23] [ImmersiveRailroading-7/INFO]: Generating heightmap rolling_stock/passenger/108.json
[12:49:23] [ImmersiveRailroading-5/INFO]: Loading Models 15% : rolling_stock/hand_car/draisine.json
[12:49:23] [ImmersiveRailroading-5/INFO]: Loading Models 15% : rolling_stock/multiple_unit/db_br_401.json
[12:49:23] [ImmersiveRailroading-5/INFO]: Loading Models 15% : rolling_stock/multiple_unit/db_br_407.json
[12:49:23] [ImmersiveRailroading-5/INFO]: Loading Models 16% : rolling_stock/multiple_unit/db_br_420-2_pop.json
[12:49:24] [ImmersiveRailroading-7/INFO]: [cam72cam.immersiverailroading.registry.DefinitionManager:lambda$initModels$6:253]: GC
[12:49:24] [ImmersiveRailroading-7/INFO]: Loading Models 16% : rolling_stock/passenger/108.json
[12:49:24] [ImmersiveRailroading-15/INFO]: Loading Models 16% : rolling_stock/passenger/ecapmmod.json
[12:49:24] [ImmersiveRailroading-11/INFO]: Loading Models 16% : rolling_stock/passenger/br4072.json
[12:49:24] [ImmersiveRailroading-4/INFO]: Loading Models 16% : rolling_stock/locomotives/traxx2sbbcargoac.json
[12:49:24] [ImmersiveRailroading-13/INFO]: Generating heightmap rolling_stock/freight/wellcar_53.json
[12:49:24] [ImmersiveRailroading-1/INFO]: [cam72cam.immersiverailroading.registry.DefinitionManager:lambda$initModels$6:253]: GC
[12:49:24] [ImmersiveRailroading-1/INFO]: Loading Models 16% : rolling_stock/locomotives/firefly.json
[12:49:24] [ImmersiveRailroading-8/INFO]: Generating heightmap rolling_stock/locomotives/db_br_332_pr.json
[12:49:24] [ImmersiveRailroading-14/INFO]: Generating heightmap rolling_stock/passenger/ewivamod.json
[12:49:24] [ImmersiveRailroading-5/INFO]: Generating heightmap rolling_stock/tender/25-c_4005.json
[12:49:24] [ImmersiveRailroading-2/INFO]: Generating heightmap rolling_stock/freight/ns_ubcs_3830.json
[12:49:24] [ImmersiveRailroading-7/INFO]: Generating heightmap rolling_stock/passenger/109.json
[12:49:24] [ImmersiveRailroading-8/INFO]: Loading Models 17% : rolling_stock/locomotives/db_br_332_pr.json
[12:49:24] [ImmersiveRailroading-13/INFO]: Loading Models 17% : rolling_stock/freight/wellcar_53.json
[12:49:24] [ImmersiveRailroading-2/INFO]: Loading Models 17% : rolling_stock/freight/ns_ubcs_3830.json
[12:49:25] [ImmersiveRailroading-5/INFO]: [cam72cam.immersiverailroading.registry.DefinitionManager:lambda$initModels$6:253]: GC
[12:49:25] [ImmersiveRailroading-5/INFO]: Loading Models 17% : rolling_stock/tender/25-c_4005.json
[12:49:25] [ImmersiveRailroading-12/INFO]: Generating heightmap rolling_stock/passenger/sbb_ab_dpzplus.json
[12:49:25] [Worker-Main-13/WARN]: Exception loading blockstate definition: immersiverailroading:blockstates/block_rail_preview.json: java.io.FileNotFoundException: immersiverailroading:blockstates/block_rail_preview.json
[12:49:25] [Worker-Main-13/WARN]: Exception loading blockstate definition: 'immersiverailroading:blockstates/block_rail_preview.json' missing model for variant: 'immersiverailroading:block_rail_preview#'
[12:49:25] [Worker-Main-13/WARN]: Exception loading blockstate definition: 'immersiverailroading:blockstates/block_rail_gag.json' missing model for variant: 'immersiverailroading:block_rail_gag#'
[12:49:25] [Worker-Main-13/WARN]: Exception loading blockstate definition: 'immersiverailroading:blockstates/block_rail_gag.json' in resourcepack: 'Mod Resources': Missing model, expected to find a string
[12:49:25] [Worker-Main-13/WARN]: Exception loading blockstate definition: 'immersiverailroading:blockstates/block_rail.json' missing model for variant: 'immersiverailroading:block_rail#'
[12:49:25] [Worker-Main-13/WARN]: Exception loading blockstate definition: 'immersiverailroading:blockstates/block_rail.json' in resourcepack: 'Mod Resources': Missing model, expected to find a string
[12:49:25] [Worker-Main-13/WARN]: Exception loading blockstate definition: immersiverailroading:blockstates/multiblock.json: java.io.FileNotFoundException: immersiverailroading:blockstates/multiblock.json
[12:49:25] [Worker-Main-13/WARN]: Exception loading blockstate definition: 'immersiverailroading:blockstates/multiblock.json' missing model for variant: 'immersiverailroading:multiblock#'
[12:49:25] [ImmersiveRailroading-14/INFO]: Loading Models 17% : rolling_stock/passenger/ewivamod.json
[12:49:25] [ImmersiveRailroading-7/INFO]: Loading Models 18% : rolling_stock/passenger/109.json
[12:49:25] [ImmersiveRailroading-8/INFO]: Generating heightmap rolling_stock/locomotives/db_br_332_ob.json
[12:49:25] [ImmersiveRailroading-1/INFO]: [cam72cam.immersiverailroading.registry.DefinitionManager:lambda$initModels$6:253]: GC
[12:49:25] [ImmersiveRailroading-1/INFO]: Loading Models 18% : rolling_stock/locomotives/iron_duke.json
[12:49:25] [ImmersiveRailroading-3/INFO]: Generating heightmap rolling_stock/passenger/sbb_rabe_511_b3.json
[12:49:26] [ImmersiveRailroading-5/INFO]: Generating heightmap rolling_stock/tender/25-c_4014.json
[12:49:26] [ImmersiveRailroading-6/INFO]: Generating heightmap rolling_stock/passenger/db_avmmz_106-ic.json
[12:49:26] [ImmersiveRailroading-1/INFO]: Loading Models 18% : rolling_stock/locomotives/ge_40_ton_boxcab.json
[12:49:26] [ImmersiveRailroading-8/INFO]: Loading Models 18% : rolling_stock/locomotives/db_br_332_ob.json
[12:49:26] [ImmersiveRailroading-1/INFO]: Loading Models 18% : rolling_stock/locomotives/ge_b40_8.json
[12:49:26] [ImmersiveRailroading-9/INFO]: Generating heightmap rolling_stock/passenger/wr6501.json
[12:49:26] [ImmersiveRailroading-15/INFO]: Generating heightmap rolling_stock/passenger/ecbpmmod.json
[12:49:26] [ImmersiveRailroading-1/INFO]: Loading Models 18% : rolling_stock/locomotives/ge_b40_8w.json
[12:49:26] [ImmersiveRailroading-10/INFO]: Generating heightmap rolling_stock/passenger/icrbpmz10.json
[12:49:26] [ImmersiveRailroading-5/INFO]: Loading Models 19% : rolling_stock/tender/25-c_4014.json
[12:49:26] [ImmersiveRailroading-7/INFO]: Generating heightmap rolling_stock/passenger/111.json
[12:49:26] [ImmersiveRailroading-11/INFO]: Generating heightmap rolling_stock/passenger/br4073.json
[12:49:26] [ImmersiveRailroading-1/INFO]: [cam72cam.immersiverailroading.registry.DefinitionManager:lambda$initModels$6:253]: GC
[12:49:27] [ImmersiveRailroading-1/INFO]: Loading Models 19% : rolling_stock/locomotives/ge_c44_9cw.json
[12:49:27] [ImmersiveRailroading-2/INFO]: Generating heightmap rolling_stock/freight/laeks427_1.json
[12:49:27] [Worker-Main-13/WARN]: Unable to load model: 'immersiverailroading:item_rolling_stock#inventory' referenced from: immersiverailroading:item_rolling_stock#inventory: java.io.FileNotFoundException: immersiverailroading:models/item/item_rolling_stock.json
[12:49:27] [Worker-Main-13/WARN]: Unable to load model: 'immersiverailroading:item_multiple_unit#inventory' referenced from: immersiverailroading:item_multiple_unit#inventory: java.io.FileNotFoundException: immersiverailroading:models/item/item_multiple_unit.json
[12:49:27] [Worker-Main-13/WARN]: Unable to load model: 'immersiverailroading:item_rolling_stock_component#inventory' referenced from: immersiverailroading:item_rolling_stock_component#inventory: java.io.FileNotFoundException: immersiverailroading:models/item/item_rolling_stock_component.json
[12:49:27] [Worker-Main-13/WARN]: Unable to load model: 'immersiverailroading:item_large_wrench#inventory' referenced from: immersiverailroading:item_large_wrench#inventory: java.io.FileNotFoundException: immersiverailroading:models/item/item_large_wrench.json
[12:49:27] [Worker-Main-13/WARN]: Unable to load model: 'immersiverailroading:item_hook#inventory' referenced from: immersiverailroading:item_hook#inventory: java.io.FileNotFoundException: immersiverailroading:models/item/item_hook.json
[12:49:27] [Worker-Main-13/WARN]: Unable to load model: 'immersiverailroading:item_augment#inventory' referenced from: immersiverailroading:item_augment#inventory: java.io.FileNotFoundException: immersiverailroading:models/item/item_augment.json
[12:49:27] [Worker-Main-13/WARN]: Unable to load model: 'immersiverailroading:item_rail#inventory' referenced from: immersiverailroading:item_rail#inventory: java.io.FileNotFoundException: immersiverailroading:models/item/item_rail.json
[12:49:27] [Worker-Main-13/WARN]: Unable to load model: 'immersiverailroading:item_manual#inventory' referenced from: immersiverailroading:item_manual#inventory: java.io.FileNotFoundException: immersiverailroading:models/item/item_manual.json
[12:49:27] [Worker-Main-13/WARN]: Unable to load model: 'immersiverailroading:item_rail_part#inventory' referenced from: immersiverailroading:item_rail_part#inventory: java.io.FileNotFoundException: immersiverailroading:models/item/item_rail_part.json
[12:49:27] [Worker-Main-13/WARN]: Unable to load model: 'immersiverailroading:item_plate#inventory' referenced from: immersiverailroading:item_plate#inventory: java.io.FileNotFoundException: immersiverailroading:models/item/item_plate.json
[12:49:27] [Worker-Main-13/WARN]: Unable to load model: 'immersiverailroading:item_cast_rail#inventory' referenced from: immersiverailroading:item_cast_rail#inventory: java.io.FileNotFoundException: immersiverailroading:models/item/item_cast_rail.json
[12:49:27] [Worker-Main-13/WARN]: Unable to load model: 'immersiverailroading:item_conductor_whistle#inventory' referenced from: immersiverailroading:item_conductor_whistle#inventory: java.io.FileNotFoundException: immersiverailroading:models/item/item_conductor_whistle.json
[12:49:27] [Worker-Main-13/WARN]: Unable to load model: 'immersiverailroading:item_paint_brush#inventory' referenced from: immersiverailroading:item_paint_brush#inventory: java.io.FileNotFoundException: immersiverailroading:models/item/item_paint_brush.json
[12:49:27] [Worker-Main-13/WARN]: Unable to load model: 'immersiverailroading:item_golden_spike#inventory' referenced from: immersiverailroading:item_golden_spike#inventory: java.io.FileNotFoundException: immersiverailroading:models/item/item_golden_spike.json
[12:49:27] [Worker-Main-13/WARN]: Unable to load model: 'immersiverailroading:item_radio_control_card#inventory' referenced from: immersiverailroading:item_radio_control_card#inventory: java.io.FileNotFoundException: immersiverailroading:models/item/item_radio_control_card.json
[12:49:27] [Worker-Main-13/WARN]: Unable to load model: 'immersiverailroading:item_switch_key#inventory' referenced from: immersiverailroading:item_switch_key#inventory: java.io.FileNotFoundException: immersiverailroading:models/item/item_switch_key.json
[12:49:27] [Worker-Main-13/WARN]: Unable to load model: 'immersiverailroading:item_track_exchanger#inventory' referenced from: immersiverailroading:item_track_exchanger#inventory: java.io.FileNotFoundException: immersiverailroading:models/item/item_track_exchanger.json
[12:49:27] [Worker-Main-13/WARN]: Unable to load model: 'immersiverailroading:item_wireless_remotecontrol#inventory' referenced from: immersiverailroading:item_wireless_remotecontrol#inventory: java.io.FileNotFoundException: immersiverailroading:models/item/item_wireless_remotecontrol.json
[12:49:27] [Worker-Main-13/WARN]: Unable to load model: 'immersiverailroading:item_typewriter#inventory' referenced from: immersiverailroading:item_typewriter#inventory: java.io.FileNotFoundException: immersiverailroading:models/item/item_typewriter.json
[12:49:27] [ImmersiveRailroading-13/INFO]: Generating heightmap rolling_stock/freight/cp_ekklo_40s.json
[12:49:27] [ImmersiveRailroading-1/INFO]: Loading Models 19% : rolling_stock/locomotives/a1_peppercorn.json
[12:49:27] [ImmersiveRailroading-1/INFO]: Loading Models 19% : rolling_stock/locomotives/big_boy.json
[12:49:28] [ImmersiveRailroading-6/INFO]: Loading Models 19% : rolling_stock/passenger/db_avmmz_106-ic.json
[12:49:28] [ImmersiveRailroading-2/INFO]: Loading Models 20% : rolling_stock/freight/laeks427_1.json
[12:49:28] [ImmersiveRailroading-1/INFO]: Loading Models 20% : rolling_stock/locomotives/k4_pacific.json
[12:49:28] [ImmersiveRailroading-7/INFO]: Loading Models 20% : rolling_stock/passenger/111.json
[12:49:28] [ImmersiveRailroading-14/INFO]: Generating heightmap rolling_stock/passenger/ewivbmod.json
[12:49:28] [ImmersiveRailroading-12/INFO]: Loading Models 20% : rolling_stock/passenger/sbb_ab_dpzplus.json
[12:49:28] [ImmersiveRailroading-8/INFO]: Generating heightmap rolling_stock/locomotives/db_br_332_or.json
[12:49:28] [ImmersiveRailroading-3/INFO]: [cam72cam.immersiverailroading.registry.DefinitionManager:lambda$initModels$6:253]: GC
[12:49:28] [ImmersiveRailroading-3/INFO]: Loading Models 20% : rolling_stock/passenger/sbb_rabe_511_b3.json
[12:49:28] [ImmersiveRailroading-1/INFO]: Loading Models 20% : rolling_stock/locomotives/e6_atlantic.json
[12:49:28] [ImmersiveRailroading-13/INFO]: Loading Models 21% : rolling_stock/freight/cp_ekklo_40s.json
[12:49:28] [ImmersiveRailroading-1/INFO]: Loading Models 21% : rolling_stock/locomotives/a5_switcher.json
[12:49:28] [ImmersiveRailroading-8/INFO]: Loading Models 21% : rolling_stock/locomotives/db_br_332_or.json
[12:49:28] [ImmersiveRailroading-0/INFO]: Generating heightmap rolling_stock/locomotives/db_br_111-or.json
[12:49:28] [ImmersiveRailroading-9/INFO]: Loading Models 21% : rolling_stock/passenger/wr6501.json
[12:49:28] [ImmersiveRailroading-1/INFO]: Loading Models 21% : rolling_stock/locomotives/class_38.json
[12:49:28] [ImmersiveRailroading-7/INFO]: Generating heightmap rolling_stock/passenger/134.json
[12:49:28] [Worker-Main-13/INFO]: Stitching Revolver Textures!
[12:49:28] [Worker-Main-8/ERROR]: Using missing texture, unable to load immersiveengineering:textures/revolvers/revolver_einhorn.png : java.io.FileNotFoundException: immersiveengineering:textures/revolvers/revolver_einhorn.png
[12:49:28] [ImmersiveRailroading-10/INFO]: [cam72cam.immersiverailroading.registry.DefinitionManager:lambda$initModels$6:253]: GC
[12:49:29] [ImmersiveRailroading-10/INFO]: Loading Models 22% : rolling_stock/passenger/icrbpmz10.json
[12:49:29] [ImmersiveRailroading-11/INFO]: Loading Models 22% : rolling_stock/passenger/br4073.json
[12:49:29] [ImmersiveRailroading-1/INFO]: Loading Models 22% : rolling_stock/locomotives/rodgers_460.json
[12:49:29] [ImmersiveRailroading-7/INFO]: Loading Models 22% : rolling_stock/passenger/134.json
[12:49:29] [Worker-Main-13/WARN]: Texture immersivepetroleum:block/obj/generator with size 46x46 limits mip level from 4 to 1
[12:49:29] [ImmersiveRailroading-14/INFO]: Loading Models 22% : rolling_stock/passenger/ewivbmod.json
[12:49:29] [ImmersiveRailroading-1/INFO]: Loading Models 22% : rolling_stock/locomotives/skookum.json
[12:49:29] [ImmersiveRailroading-15/INFO]: [cam72cam.immersiverailroading.registry.DefinitionManager:lambda$initModels$6:253]: GC
[12:49:29] [ImmersiveRailroading-15/INFO]: Loading Models 23% : rolling_stock/passenger/ecbpmmod.json
[12:49:29] [ImmersiveRailroading-2/INFO]: Generating heightmap rolling_stock/freight/laeks427_2.json
[12:49:29] [ImmersiveRailroading-4/INFO]: Generating heightmap rolling_stock/locomotives/sbb_rabde_500_bt1.json
[12:49:29] [ImmersiveRailroading-0/INFO]: Loading Models 23% : rolling_stock/locomotives/db_br_111-or.json
[12:49:29] [ImmersiveRailroading-2/INFO]: [cam72cam.immersiverailroading.registry.DefinitionManager:lambda$initModels$6:253]: GC
[12:49:29] [ImmersiveRailroading-2/INFO]: Loading Models 23% : rolling_stock/freight/laeks427_2.json
[12:49:29] [ImmersiveRailroading-7/INFO]: Generating heightmap rolling_stock/passenger/207.json
[12:49:29] [ImmersiveRailroading-12/INFO]: Generating heightmap rolling_stock/passenger/bdpzndw.json
[12:49:29] [ImmersiveRailroading-8/INFO]: Generating heightmap rolling_stock/locomotives/br401.json
[12:49:30] [ImmersiveRailroading-2/INFO]: Generating heightmap rolling_stock/freight/franz.json
[12:49:30] [ImmersiveRailroading-7/INFO]: Loading Models 23% : rolling_stock/passenger/207.json
[12:49:30] [ImmersiveRailroading-2/INFO]: [cam72cam.immersiverailroading.registry.DefinitionManager:lambda$initModels$6:253]: GC
[12:49:30] [ImmersiveRailroading-2/INFO]: Loading Models 23% : rolling_stock/freight/franz.json
[12:49:30] [ImmersiveRailroading-7/INFO]: Generating heightmap rolling_stock/passenger/ngtbridge.json
[12:49:30] [ImmersiveRailroading-7/INFO]: Loading Models 24% : rolling_stock/passenger/ngtbridge.json
[12:49:30] [ImmersiveRailroading-8/INFO]: Loading Models 24% : rolling_stock/locomotives/br401.json
[12:49:30] [ImmersiveRailroading-4/INFO]: Loading Models 24% : rolling_stock/locomotives/sbb_rabde_500_bt1.json
[12:49:30] [ImmersiveRailroading-2/INFO]: Generating heightmap rolling_stock/freight/buffer.json
[12:49:31] [ImmersiveRailroading-15/INFO]: Generating heightmap rolling_stock/passenger/ecapmpano.json
[12:49:31] [ImmersiveRailroading-2/INFO]: Loading Models 24% : rolling_stock/freight/buffer.json
[12:49:31] [ImmersiveRailroading-9/INFO]: Generating heightmap rolling_stock/passenger/b7501.json
[12:49:31] [ImmersiveRailroading-13/INFO]: Generating heightmap rolling_stock/freight/cp_sgnss.json
[12:49:31] [ImmersiveRailroading-7/INFO]: Generating heightmap rolling_stock/passenger/ngtcenter.json
[12:49:31] [ImmersiveRailroading-7/INFO]: [cam72cam.immersiverailroading.registry.DefinitionManager:lambda$initModels$6:253]: GC
[12:49:31] [ImmersiveRailroading-7/INFO]: Loading Models 24% : rolling_stock/passenger/ngtcenter.json
[12:49:31] [ImmersiveRailroading-10/WARN]: Invalid model: Missing FRAME for rolling_stock/passenger/icrb.json!  (this will fail in future versions of IR)
[12:49:31] [ImmersiveRailroading-10/INFO]: Generating heightmap rolling_stock/passenger/icrb.json
[12:49:31] [ImmersiveRailroading-2/INFO]: Generating heightmap rolling_stock/freight/rawie_typ_4_modern.json
[12:49:31] [ImmersiveRailroading-2/INFO]: Loading Models 24% : rolling_stock/freight/rawie_typ_4_modern.json
[12:49:31] [ImmersiveRailroading-12/INFO]: Loading Models 25% : rolling_stock/passenger/bdpzndw.json
[12:49:32] [ImmersiveRailroading-7/INFO]: Generating heightmap rolling_stock/passenger/ngtbellow.json
[12:49:32] [ImmersiveRailroading-2/INFO]: Generating heightmap rolling_stock/freight/rawie_typ_4_wood1.json
[12:49:32] [ImmersiveRailroading-7/INFO]: [cam72cam.immersiverailroading.registry.DefinitionManager:lambda$initModels$6:253]: GC
[12:49:32] [ImmersiveRailroading-7/INFO]: Loading Models 25% : rolling_stock/passenger/ngtbellow.json
[12:49:32] [ImmersiveRailroading-11/INFO]: Generating heightmap rolling_stock/passenger/br4078.json
[12:49:32] [ImmersiveRailroading-2/INFO]: Loading Models 25% : rolling_stock/freight/rawie_typ_4_wood1.json
[12:49:32] [ImmersiveRailroading-13/INFO]: Loading Models 25% : rolling_stock/freight/cp_sgnss.json
[12:49:33] [ImmersiveRailroading-9/INFO]: Loading Models 25% : rolling_stock/passenger/b7501.json
[12:49:33] [ImmersiveRailroading-15/INFO]: Loading Models 26% : rolling_stock/passenger/ecapmpano.json
[12:49:33] [ImmersiveRailroading-14/INFO]: Generating heightmap rolling_stock/passenger/sbb_wrm.json
[12:49:33] [ImmersiveRailroading-10/INFO]: [cam72cam.immersiverailroading.registry.DefinitionManager:lambda$initModels$6:253]: GC
[12:49:33] [ImmersiveRailroading-10/INFO]: Loading Models 26% : rolling_stock/passenger/icrb.json
[12:49:33] [ImmersiveRailroading-2/INFO]: Generating heightmap rolling_stock/freight/rawie_typ_4_wood1_rust.json
[12:49:33] [ImmersiveRailroading-2/INFO]: Loading Models 26% : rolling_stock/freight/rawie_typ_4_wood1_rust.json
[12:49:33] [ImmersiveRailroading-7/INFO]: Generating heightmap rolling_stock/passenger/br481wagon.json
[12:49:33] [ImmersiveRailroading-2/INFO]: Generating heightmap rolling_stock/passenger/cobra4.json
[12:49:33] [ImmersiveRailroading-7/INFO]: [cam72cam.immersiverailroading.registry.DefinitionManager:lambda$initModels$6:253]: GC
[12:49:34] [ImmersiveRailroading-7/INFO]: Loading Models 26% : rolling_stock/passenger/br481wagon.json
[12:49:34] [ImmersiveRailroading-13/INFO]: Generating heightmap rolling_stock/freight/hbbillnss.json
[12:49:34] [ImmersiveRailroading-2/INFO]: Loading Models 26% : rolling_stock/passenger/cobra4.json
[12:49:34] [ImmersiveRailroading-12/INFO]: Generating heightmap rolling_stock/passenger/abdpzplus.json
[12:49:34] [ImmersiveRailroading-13/INFO]: [cam72cam.immersiverailroading.registry.DefinitionManager:lambda$initModels$6:253]: GC
[12:49:34] [ImmersiveRailroading-13/INFO]: Loading Models 26% : rolling_stock/freight/hbbillnss.json
[12:49:35] [ImmersiveRailroading-6/INFO]: Generating heightmap rolling_stock/passenger/db_bvmmz_188-ic.json
[12:49:35] [ImmersiveRailroading-7/INFO]: Generating heightmap rolling_stock/passenger/bnrz451.json
[12:49:35] [ImmersiveRailroading-11/INFO]: Loading Models 27% : rolling_stock/passenger/br4078.json
[12:49:35] [ImmersiveRailroading-2/INFO]: Generating heightmap rolling_stock/passenger/cobra5.json
[12:49:35] [ImmersiveRailroading-3/INFO]: Generating heightmap rolling_stock/passenger/sbb_rabe_511_b4.json
[12:49:35] [ImmersiveRailroading-14/INFO]: Loading Models 27% : rolling_stock/passenger/sbb_wrm.json
[12:49:35] [ImmersiveRailroading-2/INFO]: [cam72cam.immersiverailroading.registry.DefinitionManager:lambda$initModels$6:253]: GC
[12:49:35] [ImmersiveRailroading-7/INFO]: [cam72cam.immersiverailroading.registry.DefinitionManager:lambda$initModels$6:253]: GC
[12:49:35] [ImmersiveRailroading-7/INFO]: Loading Models 27% : rolling_stock/passenger/bnrz451.json
[12:49:35] [ImmersiveRailroading-2/INFO]: Loading Models 27% : rolling_stock/passenger/cobra5.json
[12:49:35] [ImmersiveRailroading-2/INFO]: Generating heightmap rolling_stock/passenger/vbgbellow.json
[12:49:35] [ImmersiveRailroading-10/WARN]: Invalid model: Missing FRAME for rolling_stock/passenger/icrbd.json!  (this will fail in future versions of IR)
[12:49:35] [ImmersiveRailroading-2/INFO]: Loading Models 27% : rolling_stock/passenger/vbgbellow.json
[12:49:35] [ImmersiveRailroading-10/INFO]: Generating heightmap rolling_stock/passenger/icrbd.json
[12:49:35] [ImmersiveRailroading-5/INFO]: Generating heightmap rolling_stock/tender/24-gte.json
[12:49:35] [ImmersiveRailroading-6/INFO]: Loading Models 28% : rolling_stock/passenger/db_bvmmz_188-ic.json
[12:49:35] [ImmersiveRailroading-2/INFO]: Generating heightmap rolling_stock/passenger/vbg2.json
[12:49:35] [ImmersiveRailroading-12/INFO]: [cam72cam.immersiverailroading.registry.DefinitionManager:lambda$initModels$6:253]: GC
[12:49:35] [ImmersiveRailroading-12/INFO]: Loading Models 28% : rolling_stock/passenger/abdpzplus.json
[12:49:36] [ImmersiveRailroading-2/INFO]: Loading Models 28% : rolling_stock/passenger/vbg2.json
[12:49:36] [ImmersiveRailroading-4/INFO]: Generating heightmap rolling_stock/locomotives/sbb_rabde_500_b3-7.json
[12:49:36] [ImmersiveRailroading-9/INFO]: Generating heightmap rolling_stock/passenger/b8501.json
[12:49:36] [ImmersiveRailroading-0/INFO]: Generating heightmap rolling_stock/locomotives/db_br_111_sp.json
[12:49:36] [ImmersiveRailroading-5/INFO]: [cam72cam.immersiverailroading.registry.DefinitionManager:lambda$initModels$6:253]: GC
[12:49:36] [ImmersiveRailroading-3/INFO]: [cam72cam.immersiverailroading.registry.DefinitionManager:lambda$initModels$6:253]: GC
[12:49:36] [ImmersiveRailroading-10/INFO]: [cam72cam.immersiverailroading.registry.DefinitionManager:lambda$initModels$6:253]: GC
[12:49:37] [ImmersiveRailroading-10/INFO]: Loading Models 28% : rolling_stock/passenger/icrbd.json
[12:49:37] [ImmersiveRailroading-3/INFO]: Loading Models 28% : rolling_stock/passenger/sbb_rabe_511_b4.json
[12:49:37] [ImmersiveRailroading-5/INFO]: Loading Models 28% : rolling_stock/tender/24-gte.json
[12:49:37] [ImmersiveRailroading-2/INFO]: Generating heightmap rolling_stock/passenger/vbg3.json
[12:49:37] [ImmersiveRailroading-2/INFO]: Loading Models 29% : rolling_stock/passenger/vbg3.json
[12:49:37] [ImmersiveRailroading-8/INFO]: Generating heightmap rolling_stock/locomotives/db_br_407_0.json
[12:49:37] [ImmersiveRailroading-14/INFO]: Generating heightmap rolling_stock/passenger/sbbwrm.json
[12:49:37] [ImmersiveRailroading-4/INFO]: [cam72cam.immersiverailroading.registry.DefinitionManager:lambda$initModels$6:253]: GC
[12:49:38] [ImmersiveRailroading-4/INFO]: Loading Models 29% : rolling_stock/locomotives/sbb_rabde_500_b3-7.json
[12:49:38] [ImmersiveRailroading-13/INFO]: Generating heightmap rolling_stock/freight/tagnppssbbcargo.json
[12:49:38] [ImmersiveRailroading-2/INFO]: Generating heightmap rolling_stock/passenger/vbg4.json
[12:49:38] [ImmersiveRailroading-11/INFO]: Generating heightmap rolling_stock/passenger/br4077.json
[12:49:38] [ImmersiveRailroading-1/INFO]: Generating heightmap rolling_stock/locomotives/db_br_1462-5.json
[12:49:38] [ImmersiveRailroading-0/INFO]: Loading Models 29% : rolling_stock/locomotives/db_br_111_sp.json
[12:49:38] [ImmersiveRailroading-2/INFO]: Loading Models 29% : rolling_stock/passenger/vbg4.json
[12:49:38] [ImmersiveRailroading-9/INFO]: [cam72cam.immersiverailroading.registry.DefinitionManager:lambda$initModels$6:253]: GC
[12:49:39] [ImmersiveRailroading-9/INFO]: Loading Models 29% : rolling_stock/passenger/b8501.json
[12:49:39] [ImmersiveRailroading-15/INFO]: Generating heightmap rolling_stock/passenger/sbb_ic2000_b.json
[12:49:39] [ImmersiveRailroading-5/INFO]: Generating heightmap rolling_stock/tender/upp809.json
[12:49:39] [ImmersiveRailroading-13/INFO]: Loading Models 30% : rolling_stock/freight/tagnppssbbcargo.json
[12:49:39] [ImmersiveRailroading-12/INFO]: Generating heightmap rolling_stock/passenger/bhvz.json
[12:49:39] [ImmersiveRailroading-14/INFO]: Loading Models 30% : rolling_stock/passenger/sbbwrm.json
[12:49:39] [ImmersiveRailroading-2/INFO]: Generating heightmap rolling_stock/passenger/vbg5.json
[12:49:39] [ImmersiveRailroading-8/INFO]: Loading Models 30% : rolling_stock/locomotives/db_br_407_0.json
[12:49:39] [ImmersiveRailroading-5/INFO]: [cam72cam.immersiverailroading.registry.DefinitionManager:lambda$initModels$6:253]: GC
[12:49:39] [ImmersiveRailroading-5/INFO]: Loading Models 30% : rolling_stock/tender/upp809.json
[12:49:39] [ImmersiveRailroading-10/WARN]: Invalid model: Missing FRAME for rolling_stock/passenger/icra.json!  (this will fail in future versions of IR)
[12:49:39] [ImmersiveRailroading-10/INFO]: Generating heightmap rolling_stock/passenger/icra.json
[12:49:39] [ImmersiveRailroading-2/INFO]: Loading Models 30% : rolling_stock/passenger/vbg5.json
[12:49:40] [ImmersiveRailroading-1/INFO]: [cam72cam.immersiverailroading.registry.DefinitionManager:lambda$initModels$6:253]: GC
[12:49:40] [ImmersiveRailroading-1/INFO]: Loading Models 30% : rolling_stock/locomotives/db_br_1462-5.json
[12:49:40] [ImmersiveRailroading-11/INFO]: Loading Models 31% : rolling_stock/passenger/br4077.json
[12:49:40] [ImmersiveRailroading-15/INFO]: Loading Models 31% : rolling_stock/passenger/sbb_ic2000_b.json
[12:49:40] [ImmersiveRailroading-12/INFO]: Loading Models 31% : rolling_stock/passenger/bhvz.json
[12:49:40] [ImmersiveRailroading-5/INFO]: Generating heightmap rolling_stock/tender/upp814.json
[12:49:40] [ImmersiveRailroading-10/INFO]: [cam72cam.immersiverailroading.registry.DefinitionManager:lambda$initModels$6:253]: GC
[12:49:41] [ImmersiveRailroading-10/INFO]: Loading Models 31% : rolling_stock/passenger/icra.json
[12:49:41] [ImmersiveRailroading-1/INFO]: Generating heightmap rolling_stock/locomotives/br481.json
[12:49:41] [ImmersiveRailroading-10/INFO]: Generating heightmap rolling_stock/passenger/wcb61848870.json
[12:49:41] [ImmersiveRailroading-5/INFO]: Loading Models 31% : rolling_stock/tender/upp814.json
[12:49:41] [ImmersiveRailroading-1/INFO]: Loading Models 32% : rolling_stock/locomotives/br481.json
[12:49:41] [ImmersiveRailroading-2/INFO]: Generating heightmap rolling_stock/passenger/forchbahn_be_4-6_b.json
[12:49:41] [ImmersiveRailroading-10/INFO]: [cam72cam.immersiverailroading.registry.DefinitionManager:lambda$initModels$6:253]: GC
[12:49:41] [ImmersiveRailroading-10/INFO]: Loading Models 32% : rolling_stock/passenger/wcb61848870.json
[12:49:41] [ImmersiveRailroading-9/INFO]: Generating heightmap rolling_stock/passenger/b10501.json
[12:49:41] [ImmersiveRailroading-2/INFO]: Loading Models 32% : rolling_stock/passenger/forchbahn_be_4-6_b.json
[12:49:41] [ImmersiveRailroading-13/INFO]: Generating heightmap rolling_stock/freight/tagnppszucker.json
[12:49:42] [ImmersiveRailroading-4/INFO]: Generating heightmap rolling_stock/locomotives/at2501.json
[12:49:42] [ImmersiveRailroading-7/INFO]: Generating heightmap rolling_stock/passenger/db_dbza_751.json
[12:49:42] [ImmersiveRailroading-14/INFO]: Generating heightmap rolling_stock/passenger/sbb_ec_apm.json
[12:49:42] [ImmersiveRailroading-1/INFO]: Generating heightmap rolling_stock/locomotives/br484a.json
[12:49:42] [ImmersiveRailroading-2/INFO]: Generating heightmap rolling_stock/passenger/fbbe46r.json
[12:49:42] [ImmersiveRailroading-12/INFO]: Generating heightmap rolling_stock/passenger/abhvz.json
[12:49:42] [ImmersiveRailroading-10/INFO]: Generating heightmap rolling_stock/passenger/vtua10.json
[12:49:42] [ImmersiveRailroading-13/INFO]: [cam72cam.immersiverailroading.registry.DefinitionManager:lambda$initModels$6:253]: GC
[12:49:42] [ImmersiveRailroading-13/INFO]: Loading Models 32% : rolling_stock/freight/tagnppszucker.json
[12:49:42] [ImmersiveRailroading-1/INFO]: Loading Models 32% : rolling_stock/locomotives/br484a.json
[12:49:42] [ImmersiveRailroading-9/INFO]: Loading Models 32% : rolling_stock/passenger/b10501.json
[12:49:42] [ImmersiveRailroading-2/INFO]: Loading Models 33% : rolling_stock/passenger/fbbe46r.json
[12:49:42] [ImmersiveRailroading-6/INFO]: Generating heightmap rolling_stock/passenger/db_am_203-ob.json
[12:49:42] [ImmersiveRailroading-3/INFO]: Generating heightmap rolling_stock/passenger/sbb_rabe_511_ab5.json
[12:49:42] [ImmersiveRailroading-11/INFO]: Generating heightmap rolling_stock/passenger/br4076.json
[12:49:42] [ImmersiveRailroading-8/INFO]: Generating heightmap rolling_stock/locomotives/db_br_407_2.json
[12:49:42] [ImmersiveRailroading-0/INFO]: Generating heightmap rolling_stock/locomotives/db_br_111.json
[12:49:42] [ImmersiveRailroading-13/INFO]: Generating heightmap rolling_stock/freight/uacns932_holcim.json
[12:49:42] [ImmersiveRailroading-10/INFO]: [cam72cam.immersiverailroading.registry.DefinitionManager:lambda$initModels$6:253]: GC
[12:49:44] [ImmersiveRailroading-10/INFO]: Loading Models 33% : rolling_stock/passenger/vtua10.json
[12:49:44] [ImmersiveRailroading-15/INFO]: Generating heightmap rolling_stock/passenger/sbb_ic2000_a.json
[12:49:44] [ImmersiveRailroading-1/INFO]: Generating heightmap rolling_stock/locomotives/br484b.json
[12:49:44] [ImmersiveRailroading-14/INFO]: Loading Models 33% : rolling_stock/passenger/sbb_ec_apm.json
[12:49:44] [ImmersiveRailroading-12/INFO]: Loading Models 33% : rolling_stock/passenger/abhvz.json
[12:49:44] [ImmersiveRailroading-13/INFO]: Loading Models 33% : rolling_stock/freight/uacns932_holcim.json
[12:49:44] [ImmersiveRailroading-10/INFO]: Generating heightmap rolling_stock/passenger/railjet_bmpz.json
[12:49:44] [ImmersiveRailroading-1/INFO]: Loading Models 33% : rolling_stock/locomotives/br484b.json
[12:49:44] [ImmersiveRailroading-2/INFO]: Generating heightmap rolling_stock/passenger/sltb1.json
[12:49:44] [ImmersiveRailroading-6/INFO]: Loading Models 34% : rolling_stock/passenger/db_am_203-ob.json
[12:49:44] [ImmersiveRailroading-4/INFO]: Loading Models 34% : rolling_stock/locomotives/at2501.json
[12:49:44] [ImmersiveRailroading-5/INFO]: Generating heightmap rolling_stock/passenger/db_ab3yg.json
[12:49:44] [ImmersiveRailroading-10/INFO]: Loading Models 34% : rolling_stock/passenger/railjet_bmpz.json
[12:49:44] [ImmersiveRailroading-3/INFO]: Loading Models 34% : rolling_stock/passenger/sbb_rabe_511_ab5.json
[12:49:44] [ImmersiveRailroading-5/INFO]: Loading Models 34% : rolling_stock/passenger/db_ab3yg.json
[12:49:44] [ImmersiveRailroading-11/INFO]: Loading Models 35% : rolling_stock/passenger/br4076.json
[12:49:44] [ImmersiveRailroading-2/INFO]: [cam72cam.immersiverailroading.registry.DefinitionManager:lambda$initModels$6:253]: GC
[12:49:44] [ImmersiveRailroading-2/INFO]: Loading Models 35% : rolling_stock/passenger/sltb1.json
[12:49:44] [ImmersiveRailroading-0/INFO]: [cam72cam.immersiverailroading.registry.DefinitionManager:lambda$initModels$6:253]: GC
[12:49:44] [ImmersiveRailroading-0/INFO]: Loading Models 35% : rolling_stock/locomotives/db_br_111.json
[12:49:44] [ImmersiveRailroading-10/INFO]: Generating heightmap rolling_stock/passenger/portaloo.json
[12:49:44] [ImmersiveRailroading-10/INFO]: Loading Models 35% : rolling_stock/passenger/portaloo.json
[12:49:44] [ImmersiveRailroading-7/INFO]: Loading Models 35% : rolling_stock/passenger/db_dbza_751.json
[12:49:44] [ImmersiveRailroading-8/INFO]: Loading Models 35% : rolling_stock/locomotives/db_br_407_2.json
[12:49:44] [ImmersiveRailroading-15/INFO]: Loading Models 36% : rolling_stock/passenger/sbb_ic2000_a.json
[12:49:44] [ImmersiveRailroading-9/INFO]: Generating heightmap rolling_stock/passenger/b11501.json
[12:49:44] [ImmersiveRailroading-13/INFO]: Generating heightmap rolling_stock/freight/hupac_t3000e_a.json
[12:49:45] [ImmersiveRailroading-9/INFO]: [cam72cam.immersiverailroading.registry.DefinitionManager:lambda$initModels$6:253]: GC
[12:49:45] [ImmersiveRailroading-9/INFO]: Loading Models 36% : rolling_stock/passenger/b11501.json
[12:49:45] [ImmersiveRailroading-2/INFO]: Generating heightmap rolling_stock/passenger/sltb2.json
[12:49:45] [ImmersiveRailroading-4/INFO]: Generating heightmap rolling_stock/locomotives/a3501.json
[12:49:45] [ImmersiveRailroading-13/INFO]: [cam72cam.immersiverailroading.registry.DefinitionManager:lambda$initModels$6:253]: GC
[12:49:45] [ImmersiveRailroading-13/INFO]: Loading Models 36% : rolling_stock/freight/hupac_t3000e_a.json
[12:49:45] [ImmersiveRailroading-2/INFO]: Loading Models 36% : rolling_stock/passenger/sltb2.json
[12:49:45] [ImmersiveRailroading-14/INFO]: Generating heightmap rolling_stock/passenger/sbb_ec_apm_panorama.json
[12:49:45] [ImmersiveRailroading-4/INFO]: [cam72cam.immersiverailroading.registry.DefinitionManager:lambda$initModels$6:253]: GC
[12:49:45] [ImmersiveRailroading-4/INFO]: Loading Models 36% : rolling_stock/locomotives/a3501.json
[12:49:45] [ImmersiveRailroading-3/INFO]: Generating heightmap rolling_stock/passenger/ab2511.json
[12:49:45] [ImmersiveRailroading-9/INFO]: Generating heightmap rolling_stock/passenger/b3502.json
[12:49:45] [ImmersiveRailroading-5/INFO]: Generating heightmap rolling_stock/passenger/db_b3yg.json
[12:49:45] [ImmersiveRailroading-2/INFO]: Generating heightmap rolling_stock/passenger/sltab.json
[12:49:45] [ImmersiveRailroading-15/INFO]: Generating heightmap rolling_stock/passenger/sbb_ic2000_ad.json
[12:49:46] [ImmersiveRailroading-5/INFO]: [cam72cam.immersiverailroading.registry.DefinitionManager:lambda$initModels$6:253]: GC
[12:49:46] [ImmersiveRailroading-5/INFO]: Loading Models 37% : rolling_stock/passenger/db_b3yg.json
[12:49:46] [ImmersiveRailroading-2/INFO]: Loading Models 37% : rolling_stock/passenger/sltab.json
[12:49:46] [ImmersiveRailroading-12/INFO]: Generating heightmap rolling_stock/passenger/sbb_rabde_500_wra4.json
[12:49:46] [ImmersiveRailroading-9/INFO]: Loading Models 37% : rolling_stock/passenger/b3502.json
[12:49:46] [ImmersiveRailroading-2/INFO]: Generating heightmap rolling_stock/passenger/sltl.json
[12:49:46] [ImmersiveRailroading-2/INFO]: [cam72cam.immersiverailroading.registry.DefinitionManager:lambda$initModels$6:253]: GC
[12:49:47] [ImmersiveRailroading-2/INFO]: Loading Models 37% : rolling_stock/passenger/sltl.json
[12:49:47] [ImmersiveRailroading-15/INFO]: [cam72cam.immersiverailroading.registry.DefinitionManager:lambda$initModels$6:253]: GC
[12:49:47] [ImmersiveRailroading-15/INFO]: Loading Models 37% : rolling_stock/passenger/sbb_ic2000_ad.json
[12:49:48] [ImmersiveRailroading-3/INFO]: Loading Models 37% : rolling_stock/passenger/ab2511.json
[12:49:48] [ImmersiveRailroading-14/INFO]: Loading Models 38% : rolling_stock/passenger/sbb_ec_apm_panorama.json
[12:49:48] [ImmersiveRailroading-2/INFO]: Generating heightmap rolling_stock/passenger/sltmb.json
[12:49:48] [ImmersiveRailroading-2/INFO]: Loading Models 38% : rolling_stock/passenger/sltmb.json
[12:49:48] [ImmersiveRailroading-13/INFO]: Generating heightmap rolling_stock/freight/samms709_lhb.json
[12:49:48] [ImmersiveRailroading-12/INFO]: [cam72cam.immersiverailroading.registry.DefinitionManager:lambda$initModels$6:253]: GC
[12:49:48] [ImmersiveRailroading-12/INFO]: Loading Models 38% : rolling_stock/passenger/sbb_rabde_500_wra4.json
[12:49:48] [ImmersiveRailroading-4/INFO]: Generating heightmap rolling_stock/locomotives/b9501.json
[12:49:48] [ImmersiveRailroading-8/INFO]: Generating heightmap rolling_stock/locomotives/db_br_407_7.json
[12:49:49] [ImmersiveRailroading-11/INFO]: Generating heightmap rolling_stock/passenger/db_br_408_1.json
[12:49:49] [ImmersiveRailroading-0/INFO]: Generating heightmap rolling_stock/locomotives/db_br_111_095.json
[12:49:49] [ImmersiveRailroading-1/INFO]: Generating heightmap rolling_stock/locomotives/db_bimdzf_269-ir.json
[12:49:49] [ImmersiveRailroading-13/INFO]: [cam72cam.immersiverailroading.registry.DefinitionManager:lambda$initModels$6:253]: GC
[12:49:49] [ImmersiveRailroading-13/INFO]: Loading Models 38% : rolling_stock/freight/samms709_lhb.json
[12:49:49] [ImmersiveRailroading-4/INFO]: Loading Models 38% : rolling_stock/locomotives/b9501.json
[12:49:49] [ImmersiveRailroading-6/INFO]: Generating heightmap rolling_stock/passenger/db_am_203-ob-1.json
[12:49:49] [ImmersiveRailroading-7/INFO]: Generating heightmap rolling_stock/passenger/db_dbpza_751.json
[12:49:49] [ImmersiveRailroading-14/INFO]: Generating heightmap rolling_stock/passenger/ecapm.json
[12:49:49] [ImmersiveRailroading-10/INFO]: Generating heightmap rolling_stock/passenger/ns_virmm1_abv6.json
[12:49:49] [ImmersiveRailroading-5/INFO]: Generating heightmap rolling_stock/passenger/db_bd3yg.json
[12:49:49] [ImmersiveRailroading-8/INFO]: [cam72cam.immersiverailroading.registry.DefinitionManager:lambda$initModels$6:253]: GC
[12:49:49] [ImmersiveRailroading-8/INFO]: Loading Models 39% : rolling_stock/locomotives/db_br_407_7.json
[12:49:49] [ImmersiveRailroading-3/INFO]: Generating heightmap rolling_stock/passenger/b3511.json
[12:49:49] [ImmersiveRailroading-11/INFO]: Loading Models 39% : rolling_stock/passenger/db_br_408_1.json
[12:49:49] [ImmersiveRailroading-5/INFO]: Loading Models 39% : rolling_stock/passenger/db_bd3yg.json
[12:49:49] [ImmersiveRailroading-0/INFO]: [cam72cam.immersiverailroading.registry.DefinitionManager:lambda$initModels$6:253]: GC
[12:49:49] [ImmersiveRailroading-0/INFO]: Loading Models 39% : rolling_stock/locomotives/db_br_111_095.json
[12:49:50] [ImmersiveRailroading-1/INFO]: [cam72cam.immersiverailroading.registry.DefinitionManager:lambda$initModels$6:253]: GC
[12:49:50] [ImmersiveRailroading-1/INFO]: Loading Models 39% : rolling_stock/locomotives/db_bimdzf_269-ir.json
[12:49:50] [ImmersiveRailroading-6/INFO]: [cam72cam.immersiverailroading.registry.DefinitionManager:lambda$initModels$6:253]: GC
[12:49:50] [ImmersiveRailroading-6/INFO]: Loading Models 39% : rolling_stock/passenger/db_am_203-ob-1.json
[12:49:50] [ImmersiveRailroading-11/INFO]: Generating heightmap rolling_stock/passenger/db_br_443-7.json
[12:49:50] [ImmersiveRailroading-11/INFO]: [cam72cam.immersiverailroading.registry.DefinitionManager:lambda$initModels$6:253]: GC
[12:49:51] [ImmersiveRailroading-11/INFO]: Loading Models 40% : rolling_stock/passenger/db_br_443-7.json
[12:49:51] [ImmersiveRailroading-14/INFO]: Loading Models 40% : rolling_stock/passenger/ecapm.json
[12:49:51] [ImmersiveRailroading-3/INFO]: [cam72cam.immersiverailroading.registry.DefinitionManager:lambda$initModels$6:253]: GC
[12:49:51] [ImmersiveRailroading-3/INFO]: Loading Models 40% : rolling_stock/passenger/b3511.json
[12:49:51] [ImmersiveRailroading-2/INFO]: Generating heightmap rolling_stock/passenger/ns_sng_b.json
[12:49:51] [ImmersiveRailroading-10/INFO]: Loading Models 40% : rolling_stock/passenger/ns_virmm1_abv6.json
[12:49:51] [ImmersiveRailroading-7/INFO]: [cam72cam.immersiverailroading.registry.DefinitionManager:lambda$initModels$6:253]: GC
[12:49:51] [ImmersiveRailroading-7/INFO]: Loading Models 40% : rolling_stock/passenger/db_dbpza_751.json
[12:49:52] [ImmersiveRailroading-2/INFO]: [cam72cam.immersiverailroading.registry.DefinitionManager:lambda$initModels$6:253]: GC
[12:49:52] [ImmersiveRailroading-2/INFO]: Loading Models 41% : rolling_stock/passenger/ns_sng_b.json
[12:49:52] [ImmersiveRailroading-5/INFO]: Generating heightmap rolling_stock/passenger/db_bd3yge.json
[12:49:52] [ImmersiveRailroading-12/INFO]: Generating heightmap rolling_stock/passenger/sbb_rabde_500_a5.json
[12:49:52] [ImmersiveRailroading-9/INFO]: Generating heightmap rolling_stock/passenger/sbb_rabe_511_ab2.json
[12:49:52] [ImmersiveRailroading-5/INFO]: [cam72cam.immersiverailroading.registry.DefinitionManager:lambda$initModels$6:253]: GC
[12:49:52] [ImmersiveRailroading-5/INFO]: Loading Models 41% : rolling_stock/passenger/db_bd3yge.json
[12:49:52] [ImmersiveRailroading-4/INFO]: Generating heightmap rolling_stock/locomotives/bt1501.json
[12:49:52] [ImmersiveRailroading-13/INFO]: Generating heightmap rolling_stock/freight/samms709_graaff.json
[12:49:52] [ImmersiveRailroading-14/INFO]: Generating heightmap rolling_stock/passenger/ecbpm.json
[12:49:52] [ImmersiveRailroading-12/INFO]: [cam72cam.immersiverailroading.registry.DefinitionManager:lambda$initModels$6:253]: GC
[12:49:52] [ImmersiveRailroading-9/INFO]: [cam72cam.immersiverailroading.registry.DefinitionManager:lambda$initModels$6:253]: GC
[12:49:54] [ImmersiveRailroading-12/INFO]: Loading Models 41% : rolling_stock/passenger/sbb_rabde_500_a5.json
[12:49:54] [ImmersiveRailroading-9/INFO]: Loading Models 41% : rolling_stock/passenger/sbb_rabe_511_ab2.json
[12:49:54] [ImmersiveRailroading-3/INFO]: Generating heightmap rolling_stock/passenger/b4511.json
[12:49:54] [ImmersiveRailroading-13/INFO]: Loading Models 41% : rolling_stock/freight/samms709_graaff.json
[12:49:54] [ImmersiveRailroading-2/INFO]: Generating heightmap rolling_stock/passenger/sngb.json
[12:49:54] [ImmersiveRailroading-9/INFO]: Generating heightmap rolling_stock/passenger/b80dbogie.json
[12:49:54] [ImmersiveRailroading-9/INFO]: [cam72cam.immersiverailroading.registry.DefinitionManager:lambda$initModels$6:253]: GC
[12:49:54] [ImmersiveRailroading-9/INFO]: Loading Models 41% : rolling_stock/passenger/b80dbogie.json
[12:49:55] [ImmersiveRailroading-8/INFO]: Generating heightmap rolling_stock/locomotives/db_br_407_5.json
[12:49:55] [ImmersiveRailroading-4/INFO]: [cam72cam.immersiverailroading.registry.DefinitionManager:lambda$initModels$6:253]: GC
[12:49:55] [ImmersiveRailroading-4/INFO]: Loading Models 42% : rolling_stock/locomotives/bt1501.json
[12:49:55] [ImmersiveRailroading-2/INFO]: Loading Models 42% : rolling_stock/passenger/sngb.json
[12:49:55] [ImmersiveRailroading-14/INFO]: Loading Models 42% : rolling_stock/passenger/ecbpm.json
[12:49:55] [ImmersiveRailroading-15/INFO]: Generating heightmap rolling_stock/passenger/sbb_ic_2020_b.json
[12:49:55] [ImmersiveRailroading-0/INFO]: Generating heightmap rolling_stock/locomotives/db_br_111_174.json
[12:49:55] [ImmersiveRailroading-3/INFO]: [cam72cam.immersiverailroading.registry.DefinitionManager:lambda$initModels$6:253]: GC
[12:49:55] [ImmersiveRailroading-3/INFO]: Loading Models 42% : rolling_stock/passenger/b4511.json
[12:49:55] [ImmersiveRailroading-9/INFO]: Generating heightmap rolling_stock/passenger/uppcars.json
[12:49:55] [ImmersiveRailroading-0/INFO]: [cam72cam.immersiverailroading.registry.DefinitionManager:lambda$initModels$6:253]: GC
[12:49:57] [ImmersiveRailroading-0/INFO]: Loading Models 42% : rolling_stock/locomotives/db_br_111_174.json
[12:49:57] [ImmersiveRailroading-1/INFO]: Generating heightmap rolling_stock/locomotives/db_bimdzf_269-or.json
[12:49:57] [ImmersiveRailroading-8/INFO]: Loading Models 43% : rolling_stock/locomotives/db_br_407_5.json
[12:49:57] [ImmersiveRailroading-4/INFO]: Generating heightmap rolling_stock/locomotives/bt2502.json
[12:49:57] [ImmersiveRailroading-10/INFO]: Generating heightmap rolling_stock/passenger/ns_virmm1_abv5.json
[12:49:57] [ImmersiveRailroading-6/INFO]: Generating heightmap rolling_stock/passenger/db_am_203-or.json
[12:49:57] [ImmersiveRailroading-9/INFO]: [cam72cam.immersiverailroading.registry.DefinitionManager:lambda$initModels$6:253]: GC
[12:49:57] [ImmersiveRailroading-9/INFO]: Loading Models 43% : rolling_stock/passenger/uppcars.json
[12:49:57] [ImmersiveRailroading-11/INFO]: Generating heightmap rolling_stock/passenger/db_br_1862-0.json
[12:49:57] [ImmersiveRailroading-13/INFO]: Generating heightmap rolling_stock/freight/sahmmst709_graaff.json
[12:49:57] [ImmersiveRailroading-1/INFO]: Loading Models 43% : rolling_stock/locomotives/db_bimdzf_269-or.json
[12:49:57] [ImmersiveRailroading-15/INFO]: Loading Models 43% : rolling_stock/passenger/sbb_ic_2020_b.json
[12:49:57] [ImmersiveRailroading-14/INFO]: Generating heightmap rolling_stock/passenger/b4511sbb.json
[12:49:57] [ImmersiveRailroading-3/INFO]: Generating heightmap rolling_stock/passenger/ab5511.json
[12:49:57] [ImmersiveRailroading-7/INFO]: Generating heightmap rolling_stock/passenger/db_dabza_756.json
[12:49:58] [ImmersiveRailroading-13/INFO]: [cam72cam.immersiverailroading.registry.DefinitionManager:lambda$initModels$6:253]: GC
[12:49:58] [ImmersiveRailroading-13/INFO]: Loading Models 43% : rolling_stock/freight/sahmmst709_graaff.json
[12:49:58] [ImmersiveRailroading-4/INFO]: Loading Models 43% : rolling_stock/locomotives/bt2502.json
[12:49:58] [ImmersiveRailroading-11/INFO]: [cam72cam.immersiverailroading.registry.DefinitionManager:lambda$initModels$6:253]: GC
[12:49:58] [ImmersiveRailroading-11/INFO]: Loading Models 44% : rolling_stock/passenger/db_br_1862-0.json
[12:49:58] [ImmersiveRailroading-12/INFO]: Generating heightmap rolling_stock/passenger/sbb_rabde_500_ad6.json
[12:49:58] [ImmersiveRailroading-5/INFO]: Generating heightmap rolling_stock/locomotives/sl_x420a.json
[12:49:58] [ImmersiveRailroading-6/INFO]: Loading Models 44% : rolling_stock/passenger/db_am_203-or.json
[12:49:58] [ImmersiveRailroading-8/INFO]: Generating heightmap rolling_stock/locomotives/br4070.json
[12:49:58] [ImmersiveRailroading-10/INFO]: [cam72cam.immersiverailroading.registry.DefinitionManager:lambda$initModels$6:253]: GC
[12:49:58] [ImmersiveRailroading-10/INFO]: Loading Models 44% : rolling_stock/passenger/ns_virmm1_abv5.json
[12:49:58] [ImmersiveRailroading-14/INFO]: Loading Models 44% : rolling_stock/passenger/b4511sbb.json
[12:49:58] [ImmersiveRailroading-3/INFO]: [cam72cam.immersiverailroading.registry.DefinitionManager:lambda$initModels$6:253]: GC
[12:49:58] [ImmersiveRailroading-3/INFO]: Loading Models 44% : rolling_stock/passenger/ab5511.json
[12:49:59] [ImmersiveRailroading-5/INFO]: [cam72cam.immersiverailroading.registry.DefinitionManager:lambda$initModels$6:253]: GC
[12:49:59] [ImmersiveRailroading-5/INFO]: Loading Models 45% : rolling_stock/locomotives/sl_x420a.json
[12:49:59] [ImmersiveRailroading-12/INFO]: Loading Models 45% : rolling_stock/passenger/sbb_rabde_500_ad6.json
[12:49:59] [ImmersiveRailroading-9/INFO]: Generating heightmap rolling_stock/passenger/cp481.json
[12:49:59] [ImmersiveRailroading-8/INFO]: [cam72cam.immersiverailroading.registry.DefinitionManager:lambda$initModels$6:253]: GC
[12:49:59] [ImmersiveRailroading-8/INFO]: Loading Models 45% : rolling_stock/locomotives/br4070.json
[12:49:59] [ImmersiveRailroading-7/INFO]: [cam72cam.immersiverailroading.registry.DefinitionManager:lambda$initModels$6:253]: GC
[12:50:00] [ImmersiveRailroading-7/INFO]: Loading Models 45% : rolling_stock/passenger/db_dabza_756.json
[12:50:00] [ImmersiveRailroading-9/INFO]: Loading Models 45% : rolling_stock/passenger/cp481.json
[12:50:00] [ImmersiveRailroading-2/INFO]: Generating heightmap rolling_stock/passenger/ns_virmm1_abv3-4.json
[12:50:00] [ImmersiveRailroading-0/INFO]: Generating heightmap rolling_stock/locomotives/db_br_111_212.json
[12:50:00] [ImmersiveRailroading-13/INFO]: Generating heightmap rolling_stock/freight/sahmms709_okd.json
[12:50:00] [ImmersiveRailroading-10/INFO]: Generating heightmap rolling_stock/passenger/virmmabv3-4.json
[12:50:00] [ImmersiveRailroading-14/INFO]: Generating heightmap rolling_stock/passenger/ab5511sbb.json
[12:50:00] [ImmersiveRailroading-0/INFO]: [cam72cam.immersiverailroading.registry.DefinitionManager:lambda$initModels$6:253]: GC
[12:50:00] [ImmersiveRailroading-0/INFO]: Loading Models 45% : rolling_stock/locomotives/db_br_111_212.json
[12:50:01] [ImmersiveRailroading-3/INFO]: Generating heightmap rolling_stock/passenger/ab2511sbb.json
[12:50:01] [ImmersiveRailroading-13/INFO]: [cam72cam.immersiverailroading.registry.DefinitionManager:lambda$initModels$6:253]: GC
[12:50:01] [ImmersiveRailroading-13/INFO]: Loading Models 46% : rolling_stock/freight/sahmms709_okd.json
[12:50:01] [ImmersiveRailroading-9/INFO]: Generating heightmap rolling_stock/passenger/firstclass.json
[12:50:01] [ImmersiveRailroading-2/INFO]: [cam72cam.immersiverailroading.registry.DefinitionManager:lambda$initModels$6:253]: GC
[12:50:02] [ImmersiveRailroading-2/INFO]: Loading Models 46% : rolling_stock/passenger/ns_virmm1_abv3-4.json
[12:50:02] [ImmersiveRailroading-2/INFO]: Generating heightmap rolling_stock/passenger/tram2000bogie.json
[12:50:02] [ImmersiveRailroading-12/INFO]: Generating heightmap rolling_stock/passenger/a4501.json
[12:50:02] [ImmersiveRailroading-2/INFO]: Loading Models 46% : rolling_stock/passenger/tram2000bogie.json
[12:50:02] [ImmersiveRailroading-13/INFO]: Generating heightmap rolling_stock/freight/sggrs716_1.json
[12:50:02] [ImmersiveRailroading-1/INFO]: Generating heightmap rolling_stock/locomotives/db_bimdzf_269-vr.json
[12:50:02] [ImmersiveRailroading-8/INFO]: Generating heightmap rolling_stock/locomotives/br4075.json
[12:50:02] [ImmersiveRailroading-14/INFO]: [cam72cam.immersiverailroading.registry.DefinitionManager:lambda$initModels$6:253]: GC
[12:50:02] [ImmersiveRailroading-14/INFO]: Loading Models 46% : rolling_stock/passenger/ab5511sbb.json
[12:50:04] [ImmersiveRailroading-13/INFO]: Loading Models 46% : rolling_stock/freight/sggrs716_1.json
[12:50:04] [ImmersiveRailroading-10/INFO]: Loading Models 47% : rolling_stock/passenger/virmmabv3-4.json
[12:50:04] [ImmersiveRailroading-4/INFO]: Generating heightmap rolling_stock/locomotives/sbb_rabe_511_bt1-6.json
[12:50:04] [ImmersiveRailroading-3/INFO]: Loading Models 47% : rolling_stock/passenger/ab2511sbb.json
[12:50:04] [ImmersiveRailroading-2/INFO]: Generating heightmap rolling_stock/passenger/tram20001rear.json
[12:50:04] [ImmersiveRailroading-9/INFO]: Loading Models 47% : rolling_stock/passenger/firstclass.json
[12:50:04] [ImmersiveRailroading-2/INFO]: Loading Models 47% : rolling_stock/passenger/tram20001rear.json
[12:50:04] [ImmersiveRailroading-13/INFO]: Generating heightmap rolling_stock/freight/sggrs716_2.json
[12:50:04] [ImmersiveRailroading-12/INFO]: [cam72cam.immersiverailroading.registry.DefinitionManager:lambda$initModels$6:253]: GC
[12:50:04] [ImmersiveRailroading-12/INFO]: Loading Models 47% : rolling_stock/passenger/a4501.json
[12:50:04] [ImmersiveRailroading-13/INFO]: Loading Models 47% : rolling_stock/freight/sggrs716_2.json
[12:50:04] [ImmersiveRailroading-1/INFO]: Loading Models 48% : rolling_stock/locomotives/db_bimdzf_269-vr.json
[12:50:04] [ImmersiveRailroading-2/INFO]: Generating heightmap rolling_stock/passenger/tram20001bkrear.json
[12:50:04] [ImmersiveRailroading-15/INFO]: Generating heightmap rolling_stock/passenger/sbb_ic_2020_a.json
[12:50:04] [ImmersiveRailroading-2/INFO]: Loading Models 48% : rolling_stock/passenger/tram20001bkrear.json
[12:50:04] [ImmersiveRailroading-11/INFO]: Generating heightmap rolling_stock/passenger/db_br_1862-5.json
[12:50:04] [ImmersiveRailroading-8/INFO]: [cam72cam.immersiverailroading.registry.DefinitionManager:lambda$initModels$6:253]: GC
[12:50:04] [ImmersiveRailroading-4/INFO]: [cam72cam.immersiverailroading.registry.DefinitionManager:lambda$initModels$6:253]: GC
[12:50:04] [ImmersiveRailroading-8/INFO]: Loading Models 48% : rolling_stock/locomotives/br4075.json
[12:50:04] [ImmersiveRailroading-4/INFO]: Loading Models 48% : rolling_stock/locomotives/sbb_rabe_511_bt1-6.json
[12:50:05] [ImmersiveRailroading-14/INFO]: Generating heightmap rolling_stock/passenger/b2514.json
[12:50:05] [ImmersiveRailroading-6/INFO]: Generating heightmap rolling_stock/passenger/db_am_203-vr.json
[12:50:05] [ImmersiveRailroading-2/INFO]: Generating heightmap rolling_stock/passenger/tram20002rear.json
[12:50:05] [ImmersiveRailroading-5/INFO]: Generating heightmap rolling_stock/locomotives/sl_x420b.json
[12:50:05] [ImmersiveRailroading-9/INFO]: Generating heightmap rolling_stock/passenger/secondclass.json
[12:50:05] [ImmersiveRailroading-2/INFO]: [cam72cam.immersiverailroading.registry.DefinitionManager:lambda$initModels$6:253]: GC
[12:50:05] [ImmersiveRailroading-2/INFO]: Loading Models 48% : rolling_stock/passenger/tram20002rear.json
[12:50:05] [ImmersiveRailroading-3/INFO]: Generating heightmap rolling_stock/passenger/b3511sbb.json
[12:50:05] [ImmersiveRailroading-10/INFO]: Generating heightmap rolling_stock/passenger/virmmabv5.json
[12:50:05] [ImmersiveRailroading-2/INFO]: Generating heightmap rolling_stock/passenger/tram20003middle.json
[12:50:05] [ImmersiveRailroading-2/INFO]: [cam72cam.immersiverailroading.registry.DefinitionManager:lambda$initModels$6:253]: GC
[12:50:05] [ImmersiveRailroading-2/INFO]: Loading Models 49% : rolling_stock/passenger/tram20003middle.json
[12:50:05] [ImmersiveRailroading-14/INFO]: Loading Models 49% : rolling_stock/passenger/b2514.json
[12:50:05] [ImmersiveRailroading-11/INFO]: Loading Models 49% : rolling_stock/passenger/db_br_1862-5.json
[12:50:05] [ImmersiveRailroading-7/INFO]: Generating heightmap rolling_stock/passenger/tri_dbpza_751.json
[12:50:05] [ImmersiveRailroading-6/INFO]: Loading Models 49% : rolling_stock/passenger/db_am_203-vr.json
[12:50:05] [ImmersiveRailroading-15/INFO]: [cam72cam.immersiverailroading.registry.DefinitionManager:lambda$initModels$6:253]: GC
[12:50:05] [ImmersiveRailroading-15/INFO]: Loading Models 49% : rolling_stock/passenger/sbb_ic_2020_a.json
[12:50:05] [ImmersiveRailroading-5/INFO]: Loading Models 49% : rolling_stock/locomotives/sl_x420b.json
[12:50:06] [ImmersiveRailroading-9/INFO]: Loading Models 50% : rolling_stock/passenger/secondclass.json
[12:50:06] [ImmersiveRailroading-2/INFO]: Generating heightmap rolling_stock/passenger/tram20003rear.json
[12:50:06] [ImmersiveRailroading-4/INFO]: Generating heightmap rolling_stock/locomotives/sbb_re_450.json
[12:50:06] [ImmersiveRailroading-0/INFO]: Generating heightmap rolling_stock/locomotives/tri_br_111_054.json
[12:50:06] [ImmersiveRailroading-2/INFO]: Loading Models 50% : rolling_stock/passenger/tram20003rear.json
[12:50:06] [ImmersiveRailroading-2/INFO]: Generating heightmap rolling_stock/passenger/cobrabellow.json
[12:50:06] [ImmersiveRailroading-2/INFO]: [cam72cam.immersiverailroading.registry.DefinitionManager:lambda$initModels$6:253]: GC
[12:50:06] [ImmersiveRailroading-2/INFO]: Loading Models 50% : rolling_stock/passenger/cobrabellow.json
[12:50:06] [ImmersiveRailroading-4/INFO]: Loading Models 50% : rolling_stock/locomotives/sbb_re_450.json
[12:50:06] [ImmersiveRailroading-5/INFO]: Generating heightmap rolling_stock/locomotives/cd810_b.json
[12:50:06] [ImmersiveRailroading-3/INFO]: Loading Models 50% : rolling_stock/passenger/b3511sbb.json
[12:50:06] [ImmersiveRailroading-10/INFO]: Loading Models 50% : rolling_stock/passenger/virmmabv5.json
[12:50:06] [ImmersiveRailroading-5/INFO]: [cam72cam.immersiverailroading.registry.DefinitionManager:lambda$initModels$6:253]: GC
[12:50:06] [ImmersiveRailroading-5/INFO]: Loading Models 51% : rolling_stock/locomotives/cd810_b.json
[12:50:06] [ImmersiveRailroading-2/INFO]: Generating heightmap rolling_stock/passenger/cobra2.json
[12:50:06] [ImmersiveRailroading-8/INFO]: Generating heightmap rolling_stock/locomotives/br4070g.json
[12:50:06] [ImmersiveRailroading-2/INFO]: Loading Models 51% : rolling_stock/passenger/cobra2.json
[12:50:06] [ImmersiveRailroading-0/INFO]: [cam72cam.immersiverailroading.registry.DefinitionManager:lambda$initModels$6:253]: GC
[12:50:06] [ImmersiveRailroading-0/INFO]: Loading Models 51% : rolling_stock/locomotives/tri_br_111_054.json
[12:50:07] [ImmersiveRailroading-5/INFO]: Generating heightmap rolling_stock/locomotives/cd810_r.json
[12:50:07] [ImmersiveRailroading-14/INFO]: Generating heightmap rolling_stock/passenger/b3514.json
[12:50:07] [ImmersiveRailroading-2/INFO]: Generating heightmap rolling_stock/passenger/cobra3.json
[12:50:07] [ImmersiveRailroading-5/INFO]: [cam72cam.immersiverailroading.registry.DefinitionManager:lambda$initModels$6:253]: GC
[12:50:07] [ImmersiveRailroading-5/INFO]: Loading Models 51% : rolling_stock/locomotives/cd810_r.json
[12:50:07] [ImmersiveRailroading-2/INFO]: Loading Models 51% : rolling_stock/passenger/cobra3.json
[12:50:07] [ImmersiveRailroading-5/INFO]: Generating heightmap rolling_stock/locomotives/traktor.json
[12:50:07] [ImmersiveRailroading-5/INFO]: [cam72cam.immersiverailroading.registry.DefinitionManager:lambda$initModels$6:253]: GC
[12:50:07] [ImmersiveRailroading-5/INFO]: Loading Models 52% : rolling_stock/locomotives/traktor.json
[12:50:07] [ImmersiveRailroading-7/INFO]: Loading Models 52% : rolling_stock/passenger/tri_dbpza_751.json
[12:50:07] [ImmersiveRailroading-14/INFO]: [cam72cam.immersiverailroading.registry.DefinitionManager:lambda$initModels$6:253]: GC
[12:50:07] [ImmersiveRailroading-14/INFO]: Loading Models 52% : rolling_stock/passenger/b3514.json
[12:50:07] [ImmersiveRailroading-8/INFO]: [cam72cam.immersiverailroading.registry.DefinitionManager:lambda$initModels$6:253]: GC
[12:50:09] [ImmersiveRailroading-8/INFO]: Loading Models 52% : rolling_stock/locomotives/br4070g.json
[12:50:09] [ImmersiveRailroading-14/INFO]: Generating heightmap rolling_stock/passenger/sbb_b_npz_do_toilet.json
[12:50:09] [ImmersiveRailroading-14/INFO]: [cam72cam.immersiverailroading.registry.DefinitionManager:lambda$initModels$6:253]: GC
[12:50:09] [ImmersiveRailroading-14/INFO]: Loading Models 52% : rolling_stock/passenger/sbb_b_npz_do_toilet.json
[12:50:09] [ImmersiveRailroading-5/INFO]: Generating heightmap rolling_stock/tender/20-c_800.json
[12:50:09] [ImmersiveRailroading-12/INFO]: Generating heightmap rolling_stock/passenger/db_abm_228-ob.json
[12:50:09] [ImmersiveRailroading-3/INFO]: Generating heightmap rolling_stock/locomotives/db_br_151.json
[12:50:09] [ImmersiveRailroading-1/INFO]: Generating heightmap rolling_stock/locomotives/db_bimdzf_269-ic.json
[12:50:10] [ImmersiveRailroading-10/INFO]: Generating heightmap rolling_stock/passenger/virmmabv6.json
[12:50:10] [ImmersiveRailroading-5/INFO]: [cam72cam.immersiverailroading.registry.DefinitionManager:lambda$initModels$6:253]: GC
[12:50:10] [ImmersiveRailroading-5/INFO]: Loading Models 52% : rolling_stock/tender/20-c_800.json
[12:50:10] [ImmersiveRailroading-3/INFO]: [cam72cam.immersiverailroading.registry.DefinitionManager:lambda$initModels$6:253]: GC
[12:50:10] [ImmersiveRailroading-3/INFO]: Loading Models 53% : rolling_stock/locomotives/db_br_151.json
[12:50:10] [ImmersiveRailroading-11/INFO]: Generating heightmap rolling_stock/passenger/db_bpmmbdz_284-ic.json
[12:50:10] [ImmersiveRailroading-9/INFO]: Generating heightmap rolling_stock/passenger/sorefameregional1.json
[12:50:10] [ImmersiveRailroading-2/INFO]: Generating heightmap rolling_stock/passenger/sob_flirt3_3.json
[12:50:10] [ImmersiveRailroading-14/INFO]: Generating heightmap rolling_stock/passenger/ewivas.json
[12:50:10] [ImmersiveRailroading-1/INFO]: [cam72cam.immersiverailroading.registry.DefinitionManager:lambda$initModels$6:253]: GC
[12:50:10] [ImmersiveRailroading-1/INFO]: Loading Models 53% : rolling_stock/locomotives/db_bimdzf_269-ic.json
[12:50:10] [ImmersiveRailroading-5/INFO]: Generating heightmap rolling_stock/tender/23-c_800.json
[12:50:11] [ImmersiveRailroading-2/INFO]: [cam72cam.immersiverailroading.registry.DefinitionManager:lambda$initModels$6:253]: GC
[12:50:11] [ImmersiveRailroading-2/INFO]: Loading Models 53% : rolling_stock/passenger/sob_flirt3_3.json
[12:50:11] [ImmersiveRailroading-12/INFO]: [cam72cam.immersiverailroading.registry.DefinitionManager:lambda$initModels$6:253]: GC
[12:50:11] [ImmersiveRailroading-12/INFO]: Loading Models 53% : rolling_stock/passenger/db_abm_228-ob.json
[12:50:11] [ImmersiveRailroading-5/INFO]: [cam72cam.immersiverailroading.registry.DefinitionManager:lambda$initModels$6:253]: GC
[12:50:11] [ImmersiveRailroading-5/INFO]: Loading Models 53% : rolling_stock/tender/23-c_800.json
[12:50:11] [ImmersiveRailroading-8/INFO]: Generating heightmap rolling_stock/locomotives/br4075g.json
[12:50:11] [ImmersiveRailroading-4/INFO]: Generating heightmap rolling_stock/locomotives/sbb_bt_dpzplus.json
[12:50:11] [ImmersiveRailroading-14/INFO]: [cam72cam.immersiverailroading.registry.DefinitionManager:lambda$initModels$6:253]: GC
[12:50:11] [ImmersiveRailroading-14/INFO]: Loading Models 54% : rolling_stock/passenger/ewivas.json
[12:50:11] [ImmersiveRailroading-10/INFO]: Loading Models 54% : rolling_stock/passenger/virmmabv6.json
[12:50:11] [ImmersiveRailroading-11/INFO]: [cam72cam.immersiverailroading.registry.DefinitionManager:lambda$initModels$6:253]: GC
[12:50:11] [ImmersiveRailroading-11/INFO]: Loading Models 54% : rolling_stock/passenger/db_bpmmbdz_284-ic.json
[12:50:11] [ImmersiveRailroading-15/INFO]: Generating heightmap rolling_stock/passenger/sbb_ic_2020_ad.json
[12:50:11] [ImmersiveRailroading-6/INFO]: Generating heightmap rolling_stock/passenger/db_am_203-ic.json
[12:50:11] [ImmersiveRailroading-0/INFO]: Generating heightmap rolling_stock/locomotives/tri_br_111_130.json
[12:50:11] [ImmersiveRailroading-13/INFO]: Generating heightmap rolling_stock/freight/sggnss_80_xl.json
[12:50:12] [ImmersiveRailroading-9/INFO]: [cam72cam.immersiverailroading.registry.DefinitionManager:lambda$initModels$6:253]: GC
[12:50:13] [ImmersiveRailroading-9/INFO]: Loading Models 54% : rolling_stock/passenger/sorefameregional1.json
[12:50:13] [ImmersiveRailroading-0/INFO]: Loading Models 54% : rolling_stock/locomotives/tri_br_111_130.json
[12:50:13] [ImmersiveRailroading-8/INFO]: Loading Models 54% : rolling_stock/locomotives/br4075g.json
[12:50:13] [ImmersiveRailroading-6/INFO]: [cam72cam.immersiverailroading.registry.DefinitionManager:lambda$initModels$6:253]: GC
[12:50:13] [ImmersiveRailroading-6/INFO]: Loading Models 55% : rolling_stock/passenger/db_am_203-ic.json
[12:50:13] [ImmersiveRailroading-4/INFO]: [cam72cam.immersiverailroading.registry.DefinitionManager:lambda$initModels$6:253]: GC
[12:50:13] [ImmersiveRailroading-4/INFO]: Loading Models 55% : rolling_stock/locomotives/sbb_bt_dpzplus.json
[12:50:13] [ImmersiveRailroading-14/INFO]: Generating heightmap rolling_stock/passenger/ewiva.json
[12:50:13] [ImmersiveRailroading-13/INFO]: [cam72cam.immersiverailroading.registry.DefinitionManager:lambda$initModels$6:253]: GC
[12:50:13] [ImmersiveRailroading-13/INFO]: Loading Models 55% : rolling_stock/freight/sggnss_80_xl.json
[12:50:13] [ImmersiveRailroading-15/INFO]: [cam72cam.immersiverailroading.registry.DefinitionManager:lambda$initModels$6:253]: GC
[12:50:13] [ImmersiveRailroading-15/INFO]: Loading Models 55% : rolling_stock/passenger/sbb_ic_2020_ad.json
[12:50:13] [ImmersiveRailroading-7/INFO]: Generating heightmap rolling_stock/passenger/db_dabpza_785.json
[12:50:13] [ImmersiveRailroading-2/INFO]: Generating heightmap rolling_stock/passenger/sob_traverso_2.json
[12:50:13] [ImmersiveRailroading-11/INFO]: Generating heightmap rolling_stock/passenger/br802.json
[12:50:14] [ImmersiveRailroading-14/INFO]: [cam72cam.immersiverailroading.registry.DefinitionManager:lambda$initModels$6:253]: GC
[12:50:14] [ImmersiveRailroading-14/INFO]: Loading Models 55% : rolling_stock/passenger/ewiva.json
[12:50:14] [ImmersiveRailroading-13/INFO]: Generating heightmap rolling_stock/freight/rommenhoeller.json
[12:50:14] [ImmersiveRailroading-2/INFO]: [cam72cam.immersiverailroading.registry.DefinitionManager:lambda$initModels$6:253]: GC
[12:50:14] [ImmersiveRailroading-2/INFO]: Loading Models 56% : rolling_stock/passenger/sob_traverso_2.json
[12:50:14] [ImmersiveRailroading-13/INFO]: [cam72cam.immersiverailroading.registry.DefinitionManager:lambda$initModels$6:253]: GC
[12:50:14] [ImmersiveRailroading-13/INFO]: Loading Models 56% : rolling_stock/freight/rommenhoeller.json
[12:50:14] [ImmersiveRailroading-8/INFO]: Generating heightmap rolling_stock/locomotives/db_br_442-2.json
[12:50:14] [ImmersiveRailroading-13/INFO]: [cam72cam.immersiverailroading.registry.DefinitionManager:lambda$initModels$6:253]: GC
[12:50:14] [ImmersiveRailroading-13/INFO]: Loading Models 56% : rolling_stock/hand_car/hand_car_1.json
[12:50:14] [ImmersiveRailroading-4/INFO]: Generating heightmap rolling_stock/locomotives/re450.json
[12:50:14] [ImmersiveRailroading-15/INFO]: Generating heightmap rolling_stock/passenger/ic2000ad.json
[12:50:15] [ImmersiveRailroading-8/INFO]: [cam72cam.immersiverailroading.registry.DefinitionManager:lambda$initModels$6:253]: GC
[12:50:15] [ImmersiveRailroading-8/INFO]: Loading Models 56% : rolling_stock/locomotives/db_br_442-2.json
[12:50:15] [ImmersiveRailroading-11/INFO]: Loading Models 56% : rolling_stock/passenger/br802.json
[12:50:15] [ImmersiveRailroading-4/INFO]: [cam72cam.immersiverailroading.registry.DefinitionManager:lambda$initModels$6:253]: GC
[12:50:15] [ImmersiveRailroading-4/INFO]: Loading Models 56% : rolling_stock/locomotives/re450.json
[12:50:15] [ImmersiveRailroading-14/INFO]: Generating heightmap rolling_stock/passenger/ewivb.json
[12:50:15] [ImmersiveRailroading-7/INFO]: [cam72cam.immersiverailroading.registry.DefinitionManager:lambda$initModels$6:253]: GC
[12:50:15] [ImmersiveRailroading-7/INFO]: Loading Models 57% : rolling_stock/passenger/db_dabpza_785.json
[12:50:15] [ImmersiveRailroading-15/INFO]: [cam72cam.immersiverailroading.registry.DefinitionManager:lambda$initModels$6:253]: GC
[12:50:15] [ImmersiveRailroading-15/INFO]: Loading Models 57% : rolling_stock/passenger/ic2000ad.json
[12:50:15] [ImmersiveRailroading-1/INFO]: Generating heightmap rolling_stock/locomotives/db_bimdzf_271-ic.json
[12:50:15] [ImmersiveRailroading-8/INFO]: Generating heightmap rolling_stock/locomotives/db_br_443-2.json
[12:50:15] [ImmersiveRailroading-10/INFO]: Generating heightmap rolling_stock/passenger/ns_icmm_ab.json
[12:50:15] [ImmersiveRailroading-3/INFO]: Generating heightmap rolling_stock/locomotives/db_br_159.json
[12:50:15] [ImmersiveRailroading-8/INFO]: [cam72cam.immersiverailroading.registry.DefinitionManager:lambda$initModels$6:253]: GC
[12:50:15] [ImmersiveRailroading-8/INFO]: Loading Models 57% : rolling_stock/locomotives/db_br_443-2.json
[12:50:16] [ImmersiveRailroading-11/INFO]: Generating heightmap rolling_stock/passenger/br804.json
[12:50:16] [ImmersiveRailroading-2/INFO]: Generating heightmap rolling_stock/passenger/sob_traverso_3.json
[12:50:16] [ImmersiveRailroading-14/INFO]: [cam72cam.immersiverailroading.registry.DefinitionManager:lambda$initModels$6:253]: GC
[12:50:16] [ImmersiveRailroading-14/INFO]: Loading Models 57% : rolling_stock/passenger/ewivb.json
[12:50:16] [ImmersiveRailroading-5/INFO]: Generating heightmap rolling_stock/tender/23-c_800_gh.json
[12:50:16] [ImmersiveRailroading-11/INFO]: [cam72cam.immersiverailroading.registry.DefinitionManager:lambda$initModels$6:253]: GC
[12:50:16] [ImmersiveRailroading-11/INFO]: Loading Models 57% : rolling_stock/passenger/br804.json
[12:50:16] [ImmersiveRailroading-1/INFO]: [cam72cam.immersiverailroading.registry.DefinitionManager:lambda$initModels$6:253]: GC
[12:50:16] [ImmersiveRailroading-1/INFO]: Loading Models 58% : rolling_stock/locomotives/db_bimdzf_271-ic.json
[12:50:16] [ImmersiveRailroading-13/INFO]: Generating heightmap rolling_stock/locomotives/db_e_44.json
[12:50:17] [ImmersiveRailroading-0/INFO]: Generating heightmap rolling_stock/locomotives/rbl_br_111.json
[12:50:17] [ImmersiveRailroading-8/INFO]: Generating heightmap rolling_stock/locomotives/db_br_442-7.json
[12:50:17] [ImmersiveRailroading-9/INFO]: Generating heightmap rolling_stock/passenger/sorefameregional2.json
[12:50:17] [ImmersiveRailroading-12/INFO]: Generating heightmap rolling_stock/passenger/db_bm_234-ob.json
[12:50:17] [ImmersiveRailroading-15/INFO]: Generating heightmap rolling_stock/passenger/ic2000a.json
[12:50:17] [ImmersiveRailroading-5/INFO]: [cam72cam.immersiverailroading.registry.DefinitionManager:lambda$initModels$6:253]: GC
[12:50:17] [ImmersiveRailroading-3/INFO]: [cam72cam.immersiverailroading.registry.DefinitionManager:lambda$initModels$6:253]: GC
[12:50:17] [ImmersiveRailroading-5/INFO]: Loading Models 58% : rolling_stock/tender/23-c_800_gh.json
[12:50:17] [ImmersiveRailroading-2/INFO]: [cam72cam.immersiverailroading.registry.DefinitionManager:lambda$initModels$6:253]: GC
[12:50:20] [ImmersiveRailroading-3/INFO]: Loading Models 58% : rolling_stock/locomotives/db_br_159.json
[12:50:20] [ImmersiveRailroading-10/INFO]: Loading Models 58% : rolling_stock/passenger/ns_icmm_ab.json
[12:50:20] [ImmersiveRailroading-2/INFO]: Loading Models 58% : rolling_stock/passenger/sob_traverso_3.json
[12:50:20] [ImmersiveRailroading-4/INFO]: Generating heightmap rolling_stock/locomotives/btdpzplus.json
[12:50:20] [ImmersiveRailroading-8/INFO]: Loading Models 58% : rolling_stock/locomotives/db_br_442-7.json
[12:50:20] [ImmersiveRailroading-13/INFO]: [cam72cam.immersiverailroading.registry.DefinitionManager:lambda$initModels$6:253]: GC
[12:50:20] [ImmersiveRailroading-13/INFO]: Loading Models 59% : rolling_stock/locomotives/db_e_44.json
[12:50:21] [ImmersiveRailroading-0/INFO]: Loading Models 59% : rolling_stock/locomotives/rbl_br_111.json
[12:50:21] [ImmersiveRailroading-3/INFO]: Generating heightmap rolling_stock/locomotives/br218.json
[12:50:21] [ImmersiveRailroading-12/INFO]: [cam72cam.immersiverailroading.registry.DefinitionManager:lambda$initModels$6:253]: GC
[12:50:21] [ImmersiveRailroading-12/INFO]: Loading Models 59% : rolling_stock/passenger/db_bm_234-ob.json
[12:50:21] [ImmersiveRailroading-15/INFO]: Loading Models 59% : rolling_stock/passenger/ic2000a.json
[12:50:21] [ImmersiveRailroading-3/INFO]: Loading Models 59% : rolling_stock/locomotives/br218.json
[12:50:22] [ImmersiveRailroading-4/INFO]: [cam72cam.immersiverailroading.registry.DefinitionManager:lambda$initModels$6:253]: GC
[12:50:22] [ImmersiveRailroading-4/INFO]: Loading Models 60% : rolling_stock/locomotives/btdpzplus.json
[12:50:22] [ImmersiveRailroading-6/INFO]: Generating heightmap rolling_stock/passenger/db_abm_226-ob.json
[12:50:22] [ImmersiveRailroading-13/INFO]: Generating heightmap rolling_stock/locomotives/db_br_101.json
[12:50:22] [ImmersiveRailroading-0/INFO]: Generating heightmap rolling_stock/freight/db_kds_54-hb.json
[12:50:22] [ImmersiveRailroading-13/INFO]: Loading Models 60% : rolling_stock/locomotives/db_br_101.json
[12:50:22] [ImmersiveRailroading-9/INFO]: Loading Models 60% : rolling_stock/passenger/sorefameregional2.json
[12:50:22] [ImmersiveRailroading-0/INFO]: [cam72cam.immersiverailroading.registry.DefinitionManager:lambda$initModels$6:253]: GC
[12:50:22] [ImmersiveRailroading-0/INFO]: Loading Models 60% : rolling_stock/freight/db_kds_54-hb.json
[12:50:22] [ImmersiveRailroading-15/INFO]: Generating heightmap rolling_stock/passenger/ic2000wrb.json
[12:50:22] [ImmersiveRailroading-2/INFO]: Generating heightmap rolling_stock/passenger/sob_traverso_6.json
[12:50:22] [ImmersiveRailroading-6/INFO]: [cam72cam.immersiverailroading.registry.DefinitionManager:lambda$initModels$6:253]: GC
[12:50:22] [ImmersiveRailroading-6/INFO]: Loading Models 60% : rolling_stock/passenger/db_abm_226-ob.json
[12:50:23] [ImmersiveRailroading-2/INFO]: [cam72cam.immersiverailroading.registry.DefinitionManager:lambda$initModels$6:253]: GC
[12:50:23] [ImmersiveRailroading-2/INFO]: Loading Models 60% : rolling_stock/passenger/sob_traverso_6.json
[12:50:23] [ImmersiveRailroading-11/INFO]: Generating heightmap rolling_stock/passenger/db_br_407_1.json
[12:50:23] [ImmersiveRailroading-15/INFO]: [cam72cam.immersiverailroading.registry.DefinitionManager:lambda$initModels$6:253]: GC
[12:50:23] [ImmersiveRailroading-15/INFO]: Loading Models 61% : rolling_stock/passenger/ic2000wrb.json
[12:50:23] [ImmersiveRailroading-7/INFO]: Generating heightmap rolling_stock/passenger/db_dbpza_780-1.json
[12:50:23] [ImmersiveRailroading-13/INFO]: Generating heightmap rolling_stock/locomotives/br103.json
[12:50:24] [ImmersiveRailroading-10/INFO]: Generating heightmap rolling_stock/passenger/ns_icmm_a.json
[12:50:24] [ImmersiveRailroading-1/INFO]: Generating heightmap rolling_stock/locomotives/db_bimmdzf_287-ic.json
[12:50:24] [ImmersiveRailroading-0/INFO]: Generating heightmap rolling_stock/freight/db_cargo_hbbills_308.json
[12:50:24] [ImmersiveRailroading-9/INFO]: Generating heightmap rolling_stock/passenger/sbb_b_dpz_ndw.json
[12:50:24] [ImmersiveRailroading-13/INFO]: [cam72cam.immersiverailroading.registry.DefinitionManager:lambda$initModels$6:253]: GC
[12:50:24] [ImmersiveRailroading-13/INFO]: Loading Models 61% : rolling_stock/locomotives/br103.json
[12:50:24] [ImmersiveRailroading-11/INFO]: [cam72cam.immersiverailroading.registry.DefinitionManager:lambda$initModels$6:253]: GC
[12:50:24] [ImmersiveRailroading-11/INFO]: Loading Models 61% : rolling_stock/passenger/db_br_407_1.json
[12:50:24] [ImmersiveRailroading-14/INFO]: Generating heightmap rolling_stock/locomotives/db_br_420-5-fml.json
[12:50:24] [ImmersiveRailroading-0/INFO]: [cam72cam.immersiverailroading.registry.DefinitionManager:lambda$initModels$6:253]: GC
[12:50:24] [ImmersiveRailroading-0/INFO]: Loading Models 61% : rolling_stock/freight/db_cargo_hbbills_308.json
[12:50:24] [ImmersiveRailroading-8/INFO]: Generating heightmap rolling_stock/locomotives/ns_virmm1_mbvk1-2.json
[12:50:24] [ImmersiveRailroading-3/INFO]: Generating heightmap rolling_stock/locomotives/dbc_br_232.json
[12:50:24] [ImmersiveRailroading-15/INFO]: Generating heightmap rolling_stock/passenger/ic2000b.json
[12:50:25] [ImmersiveRailroading-1/INFO]: [cam72cam.immersiverailroading.registry.DefinitionManager:lambda$initModels$6:253]: GC
[12:50:25] [ImmersiveRailroading-1/INFO]: Loading Models 61% : rolling_stock/locomotives/db_bimmdzf_287-ic.json
[12:50:25] [ImmersiveRailroading-9/INFO]: [cam72cam.immersiverailroading.registry.DefinitionManager:lambda$initModels$6:253]: GC
[12:50:25] [ImmersiveRailroading-9/INFO]: Loading Models 62% : rolling_stock/passenger/sbb_b_dpz_ndw.json
[12:50:25] [ImmersiveRailroading-14/INFO]: [cam72cam.immersiverailroading.registry.DefinitionManager:lambda$initModels$6:253]: GC
[12:50:25] [ImmersiveRailroading-14/INFO]: Loading Models 62% : rolling_stock/locomotives/db_br_420-5-fml.json
[12:50:25] [ImmersiveRailroading-10/INFO]: [cam72cam.immersiverailroading.registry.DefinitionManager:lambda$initModels$6:253]: GC
[12:50:25] [ImmersiveRailroading-2/INFO]: Generating heightmap rolling_stock/passenger/sob_traverso_7.json
[12:50:25] [ImmersiveRailroading-10/INFO]: Loading Models 62% : rolling_stock/passenger/ns_icmm_a.json
[12:50:25] [ImmersiveRailroading-9/INFO]: Generating heightmap rolling_stock/freight/eanos.json
[12:50:25] [ImmersiveRailroading-9/INFO]: [cam72cam.immersiverailroading.registry.DefinitionManager:lambda$initModels$6:253]: GC
[12:50:26] [ImmersiveRailroading-9/INFO]: Loading Models 62% : rolling_stock/freight/eanos.json
[12:50:26] [ImmersiveRailroading-2/INFO]: [cam72cam.immersiverailroading.registry.DefinitionManager:lambda$initModels$6:253]: GC
[12:50:26] [ImmersiveRailroading-2/INFO]: Loading Models 62% : rolling_stock/passenger/sob_traverso_7.json
[12:50:26] [ImmersiveRailroading-15/INFO]: Loading Models 62% : rolling_stock/passenger/ic2000b.json
[12:50:26] [ImmersiveRailroading-5/INFO]: Generating heightmap rolling_stock/locomotives/db_br_120-or.json
[12:50:26] [ImmersiveRailroading-4/INFO]: Generating heightmap rolling_stock/locomotives/sbb_re_460.json
[12:50:26] [ImmersiveRailroading-7/INFO]: [cam72cam.immersiverailroading.registry.DefinitionManager:lambda$initModels$6:253]: GC
[12:50:26] [ImmersiveRailroading-7/INFO]: Loading Models 63% : rolling_stock/passenger/db_dbpza_780-1.json
[12:50:26] [ImmersiveRailroading-3/INFO]: Loading Models 63% : rolling_stock/locomotives/dbc_br_232.json
[12:50:26] [ImmersiveRailroading-8/INFO]: [cam72cam.immersiverailroading.registry.DefinitionManager:lambda$initModels$6:253]: GC
[12:50:28] [ImmersiveRailroading-8/INFO]: Loading Models 63% : rolling_stock/locomotives/ns_virmm1_mbvk1-2.json
[12:50:28] [ImmersiveRailroading-5/INFO]: [cam72cam.immersiverailroading.registry.DefinitionManager:lambda$initModels$6:253]: GC
[12:50:28] [ImmersiveRailroading-5/INFO]: Loading Models 63% : rolling_stock/locomotives/db_br_120-or.json
[12:50:29] [ImmersiveRailroading-9/INFO]: Generating heightmap rolling_stock/freight/falns121.json
[12:50:29] [ImmersiveRailroading-12/INFO]: Generating heightmap rolling_stock/passenger/db_bm_235-ob.json
[12:50:29] [ImmersiveRailroading-10/INFO]: Generating heightmap rolling_stock/passenger/icmmab.json
[12:50:29] [ImmersiveRailroading-4/INFO]: Loading Models 63% : rolling_stock/locomotives/sbb_re_460.json
[12:50:29] [ImmersiveRailroading-2/INFO]: Generating heightmap rolling_stock/passenger/thurbo_rabe_526_7_b4.json
[12:50:29] [ImmersiveRailroading-9/INFO]: Loading Models 64% : rolling_stock/freight/falns121.json
[12:50:29] [ImmersiveRailroading-15/INFO]: Generating heightmap rolling_stock/passenger/ic2020ad.json
[12:50:29] [ImmersiveRailroading-2/INFO]: [cam72cam.immersiverailroading.registry.DefinitionManager:lambda$initModels$6:253]: GC
[12:50:30] [ImmersiveRailroading-2/INFO]: Loading Models 64% : rolling_stock/passenger/thurbo_rabe_526_7_b4.json
[12:50:30] [ImmersiveRailroading-10/INFO]: Loading Models 64% : rolling_stock/passenger/icmmab.json
[12:50:30] [ImmersiveRailroading-0/INFO]: Generating heightmap rolling_stock/freight/db_cargo_hbbins_306.json
[12:50:30] [ImmersiveRailroading-12/INFO]: Loading Models 64% : rolling_stock/passenger/db_bm_235-ob.json
[12:50:30] [ImmersiveRailroading-15/INFO]: [cam72cam.immersiverailroading.registry.DefinitionManager:lambda$initModels$6:253]: GC
[12:50:30] [ImmersiveRailroading-15/INFO]: Loading Models 64% : rolling_stock/passenger/ic2020ad.json
[12:50:30] [ImmersiveRailroading-6/INFO]: Generating heightmap rolling_stock/locomotives/db_br_420-vorserie.json
[12:50:30] [ImmersiveRailroading-9/INFO]: Generating heightmap rolling_stock/freight/facnps_48.json
[12:50:30] [ImmersiveRailroading-11/INFO]: Generating heightmap rolling_stock/passenger/db_br_407_3.json
[12:50:30] [ImmersiveRailroading-0/INFO]: [cam72cam.immersiverailroading.registry.DefinitionManager:lambda$initModels$6:253]: GC
[12:50:30] [ImmersiveRailroading-0/INFO]: Loading Models 64% : rolling_stock/freight/db_cargo_hbbins_306.json
[12:50:31] [ImmersiveRailroading-9/INFO]: Loading Models 65% : rolling_stock/freight/facnps_48.json
[12:50:31] [ImmersiveRailroading-2/INFO]: Generating heightmap rolling_stock/passenger/rhb_b316.json
[12:50:31] [ImmersiveRailroading-6/INFO]: [cam72cam.immersiverailroading.registry.DefinitionManager:lambda$initModels$6:253]: GC
[12:50:31] [ImmersiveRailroading-6/INFO]: Loading Models 65% : rolling_stock/locomotives/db_br_420-vorserie.json
[12:50:31] [ImmersiveRailroading-2/INFO]: [cam72cam.immersiverailroading.registry.DefinitionManager:lambda$initModels$6:253]: GC
[12:50:31] [ImmersiveRailroading-2/INFO]: Loading Models 65% : rolling_stock/passenger/rhb_b316.json
[12:50:31] [ImmersiveRailroading-11/INFO]: [cam72cam.immersiverailroading.registry.DefinitionManager:lambda$initModels$6:253]: GC
[12:50:31] [ImmersiveRailroading-11/INFO]: Loading Models 65% : rolling_stock/passenger/db_br_407_3.json
[12:50:31] [ImmersiveRailroading-15/INFO]: Generating heightmap rolling_stock/passenger/ic2020a.json
[12:50:31] [ImmersiveRailroading-3/INFO]: Generating heightmap rolling_stock/locomotives/dbc_br_232-128.json
[12:50:31] [ImmersiveRailroading-9/INFO]: Generating heightmap rolling_stock/freight/db_gmms_60.json
[12:50:31] [ImmersiveRailroading-9/INFO]: [cam72cam.immersiverailroading.registry.DefinitionManager:lambda$initModels$6:253]: GC
[12:50:31] [ImmersiveRailroading-9/INFO]: Loading Models 65% : rolling_stock/freight/db_gmms_60.json
[12:50:32] [ImmersiveRailroading-4/INFO]: Generating heightmap rolling_stock/locomotives/re460.json
[12:50:32] [ImmersiveRailroading-1/INFO]: Generating heightmap rolling_stock/locomotives/db_bimmdzf_287-ic-abschiedsfahrt.json
[12:50:32] [ImmersiveRailroading-2/INFO]: Generating heightmap rolling_stock/passenger/rhb_b317.json
[12:50:32] [ImmersiveRailroading-14/INFO]: Generating heightmap rolling_stock/locomotives/db_br_421-5-fml.json
[12:50:32] [ImmersiveRailroading-15/INFO]: [cam72cam.immersiverailroading.registry.DefinitionManager:lambda$initModels$6:253]: GC
[12:50:32] [ImmersiveRailroading-15/INFO]: Loading Models 66% : rolling_stock/passenger/ic2020a.json
[12:50:32] [ImmersiveRailroading-2/INFO]: Loading Models 66% : rolling_stock/passenger/rhb_b317.json
[12:50:32] [ImmersiveRailroading-13/INFO]: Generating heightmap rolling_stock/locomotives/db_br_103_new.json
[12:50:32] [ImmersiveRailroading-4/INFO]: [cam72cam.immersiverailroading.registry.DefinitionManager:lambda$initModels$6:253]: GC
[12:50:32] [ImmersiveRailroading-4/INFO]: Loading Models 66% : rolling_stock/locomotives/re460.json
[12:50:32] [ImmersiveRailroading-1/INFO]: [cam72cam.immersiverailroading.registry.DefinitionManager:lambda$initModels$6:253]: GC
[12:50:32] [ImmersiveRailroading-1/INFO]: Loading Models 66% : rolling_stock/locomotives/db_bimmdzf_287-ic-abschiedsfahrt.json
[12:50:33] [ImmersiveRailroading-3/INFO]: Loading Models 66% : rolling_stock/locomotives/dbc_br_232-128.json
[12:50:33] [ImmersiveRailroading-7/INFO]: Generating heightmap rolling_stock/passenger/db_dbpza_780-3.json
[12:50:33] [ImmersiveRailroading-10/INFO]: Generating heightmap rolling_stock/locomotives/gtel_3rd_b.json
[12:50:33] [ImmersiveRailroading-9/INFO]: Generating heightmap rolling_stock/freight/db_gmms_60-hb.json
[12:50:33] [ImmersiveRailroading-14/INFO]: [cam72cam.immersiverailroading.registry.DefinitionManager:lambda$initModels$6:253]: GC
[12:50:33] [ImmersiveRailroading-14/INFO]: Loading Models 66% : rolling_stock/locomotives/db_br_421-5-fml.json
[12:50:33] [ImmersiveRailroading-9/INFO]: [cam72cam.immersiverailroading.registry.DefinitionManager:lambda$initModels$6:253]: GC
[12:50:33] [ImmersiveRailroading-9/INFO]: Loading Models 67% : rolling_stock/freight/db_gmms_60-hb.json
[12:50:33] [ImmersiveRailroading-1/INFO]: Generating heightmap rolling_stock/locomotives/bnrbdzf480.json
[12:50:33] [ImmersiveRailroading-13/INFO]: [cam72cam.immersiverailroading.registry.DefinitionManager:lambda$initModels$6:253]: GC
[12:50:33] [ImmersiveRailroading-13/INFO]: Loading Models 67% : rolling_stock/locomotives/db_br_103_new.json
[12:50:33] [ImmersiveRailroading-0/INFO]: Generating heightmap rolling_stock/freight/railion_habbiins_344.json
[12:50:33] [ImmersiveRailroading-15/INFO]: Generating heightmap rolling_stock/passenger/ic2020wrb.json
[12:50:34] [ImmersiveRailroading-1/INFO]: [cam72cam.immersiverailroading.registry.DefinitionManager:lambda$initModels$6:253]: GC
[12:50:34] [ImmersiveRailroading-1/INFO]: Loading Models 67% : rolling_stock/locomotives/bnrbdzf480.json
[12:50:34] [ImmersiveRailroading-8/INFO]: Generating heightmap rolling_stock/locomotives/ns_virmm1_mbvk1-2_dirty.json
[12:50:34] [ImmersiveRailroading-5/INFO]: Generating heightmap rolling_stock/locomotives/db_br_120-vr.json
[12:50:34] [ImmersiveRailroading-15/INFO]: [cam72cam.immersiverailroading.registry.DefinitionManager:lambda$initModels$6:253]: GC
[12:50:34] [ImmersiveRailroading-15/INFO]: Loading Models 67% : rolling_stock/passenger/ic2020wrb.json
[12:50:34] [ImmersiveRailroading-9/INFO]: Generating heightmap rolling_stock/freight/db_glmms_61.json
[12:50:34] [ImmersiveRailroading-10/INFO]: [cam72cam.immersiverailroading.registry.DefinitionManager:lambda$initModels$6:253]: GC
[12:50:34] [ImmersiveRailroading-10/INFO]: Loading Models 67% : rolling_stock/locomotives/gtel_3rd_b.json
[12:50:34] [ImmersiveRailroading-9/INFO]: [cam72cam.immersiverailroading.registry.DefinitionManager:lambda$initModels$6:253]: GC
[12:50:34] [ImmersiveRailroading-9/INFO]: Loading Models 67% : rolling_stock/freight/db_glmms_61.json
[12:50:35] [ImmersiveRailroading-7/INFO]: [cam72cam.immersiverailroading.registry.DefinitionManager:lambda$initModels$6:253]: GC
[12:50:35] [ImmersiveRailroading-7/INFO]: Loading Models 68% : rolling_stock/passenger/db_dbpza_780-3.json
[12:50:35] [ImmersiveRailroading-0/INFO]: Loading Models 68% : rolling_stock/freight/railion_habbiins_344.json
[12:50:35] [ImmersiveRailroading-5/INFO]: Loading Models 68% : rolling_stock/locomotives/db_br_120-vr.json
[12:50:35] [ImmersiveRailroading-8/INFO]: [cam72cam.immersiverailroading.registry.DefinitionManager:lambda$initModels$6:253]: GC
[12:50:35] [ImmersiveRailroading-8/INFO]: Loading Models 68% : rolling_stock/locomotives/ns_virmm1_mbvk1-2_dirty.json
[12:50:35] [ImmersiveRailroading-12/INFO]: Generating heightmap rolling_stock/passenger/db_bm_235-or.json
[12:50:35] [ImmersiveRailroading-4/INFO]: Generating heightmap rolling_stock/locomotives/re465.json
[12:50:35] [ImmersiveRailroading-11/INFO]: Generating heightmap rolling_stock/passenger/db_br_407_8.json
[12:50:36] [ImmersiveRailroading-7/INFO]: Generating heightmap rolling_stock/locomotives/tram20001bkfront.json
[12:50:36] [ImmersiveRailroading-3/INFO]: Generating heightmap rolling_stock/locomotives/wfl_br_232-535.json
[12:50:36] [ImmersiveRailroading-7/INFO]: [cam72cam.immersiverailroading.registry.DefinitionManager:lambda$initModels$6:253]: GC
[12:50:36] [ImmersiveRailroading-7/INFO]: Loading Models 68% : rolling_stock/locomotives/tram20001bkfront.json
[12:50:36] [ImmersiveRailroading-15/INFO]: Generating heightmap rolling_stock/passenger/ic2020b.json
[12:50:36] [ImmersiveRailroading-9/INFO]: Generating heightmap rolling_stock/freight/db_glmms_61-hb.json
[12:50:36] [ImmersiveRailroading-9/INFO]: [cam72cam.immersiverailroading.registry.DefinitionManager:lambda$initModels$6:253]: GC
[12:50:36] [ImmersiveRailroading-9/INFO]: Loading Models 69% : rolling_stock/freight/db_glmms_61-hb.json
[12:50:36] [ImmersiveRailroading-4/INFO]: [cam72cam.immersiverailroading.registry.DefinitionManager:lambda$initModels$6:253]: GC
[12:50:36] [ImmersiveRailroading-4/INFO]: Loading Models 69% : rolling_stock/locomotives/re465.json
[12:50:36] [ImmersiveRailroading-12/INFO]: Loading Models 69% : rolling_stock/passenger/db_bm_235-or.json
[12:50:36] [ImmersiveRailroading-6/INFO]: Generating heightmap rolling_stock/locomotives/db_br_421-vorserie.json
[12:50:36] [ImmersiveRailroading-7/INFO]: Generating heightmap rolling_stock/locomotives/tram20002front.json
[12:50:37] [ImmersiveRailroading-11/INFO]: [cam72cam.immersiverailroading.registry.DefinitionManager:lambda$initModels$6:253]: GC
[12:50:37] [ImmersiveRailroading-11/INFO]: Loading Models 69% : rolling_stock/passenger/db_br_407_8.json
[12:50:37] [ImmersiveRailroading-3/INFO]: [cam72cam.immersiverailroading.registry.DefinitionManager:lambda$initModels$6:253]: GC
[12:50:37] [ImmersiveRailroading-3/INFO]: Loading Models 69% : rolling_stock/locomotives/wfl_br_232-535.json
[12:50:37] [ImmersiveRailroading-7/INFO]: [cam72cam.immersiverailroading.registry.DefinitionManager:lambda$initModels$6:253]: GC
[12:50:37] [ImmersiveRailroading-7/INFO]: Loading Models 69% : rolling_stock/locomotives/tram20002front.json
[12:50:37] [ImmersiveRailroading-15/INFO]: [cam72cam.immersiverailroading.registry.DefinitionManager:lambda$initModels$6:253]: GC
[12:50:37] [ImmersiveRailroading-15/INFO]: Loading Models 70% : rolling_stock/passenger/ic2020b.json
[12:50:37] [ImmersiveRailroading-2/INFO]: Generating heightmap rolling_stock/locomotives/sbb_ic_2020_bt.json
[12:50:37] [ImmersiveRailroading-6/INFO]: [cam72cam.immersiverailroading.registry.DefinitionManager:lambda$initModels$6:253]: GC
[12:50:39] [ImmersiveRailroading-6/INFO]: Loading Models 70% : rolling_stock/locomotives/db_br_421-vorserie.json
[12:50:39] [ImmersiveRailroading-9/INFO]: Generating heightmap rolling_stock/freight/dbp_post_2_ss-t13.json
[12:50:39] [ImmersiveRailroading-10/INFO]: Generating heightmap rolling_stock/locomotives/bigboy.json
[12:50:39] [ImmersiveRailroading-9/INFO]: [cam72cam.immersiverailroading.registry.DefinitionManager:lambda$initModels$6:253]: GC
[12:50:40] [ImmersiveRailroading-9/INFO]: Loading Models 70% : rolling_stock/freight/dbp_post_2_ss-t13.json
[12:50:40] [ImmersiveRailroading-7/INFO]: Generating heightmap rolling_stock/locomotives/tram20002pony.json
[12:50:40] [ImmersiveRailroading-14/INFO]: Generating heightmap rolling_stock/locomotives/db_br_420-5.json
[12:50:40] [ImmersiveRailroading-2/INFO]: [cam72cam.immersiverailroading.registry.DefinitionManager:lambda$initModels$6:253]: GC
[12:50:40] [ImmersiveRailroading-2/INFO]: Loading Models 70% : rolling_stock/locomotives/sbb_ic_2020_bt.json
[12:50:40] [ImmersiveRailroading-7/INFO]: Loading Models 70% : rolling_stock/locomotives/tram20002pony.json
[12:50:40] [ImmersiveRailroading-1/INFO]: Generating heightmap rolling_stock/locomotives/db_dbbzfa_761-0.json
[12:50:41] [ImmersiveRailroading-14/INFO]: [cam72cam.immersiverailroading.registry.DefinitionManager:lambda$initModels$6:253]: GC
[12:50:41] [ImmersiveRailroading-14/INFO]: Loading Models 71% : rolling_stock/locomotives/db_br_420-5.json
[12:50:41] [ImmersiveRailroading-9/INFO]: Generating heightmap rolling_stock/freight/db_kds_54.json
[12:50:41] [ImmersiveRailroading-7/INFO]: Generating heightmap rolling_stock/locomotives/tram20003front.json
[12:50:41] [ImmersiveRailroading-15/INFO]: Generating heightmap rolling_stock/passenger/sob_flirt3_2.json
[12:50:41] [ImmersiveRailroading-9/INFO]: [cam72cam.immersiverailroading.registry.DefinitionManager:lambda$initModels$6:253]: GC
[12:50:41] [ImmersiveRailroading-9/INFO]: Loading Models 71% : rolling_stock/freight/db_kds_54.json
[12:50:41] [ImmersiveRailroading-7/INFO]: [cam72cam.immersiverailroading.registry.DefinitionManager:lambda$initModels$6:253]: GC
[12:50:41] [ImmersiveRailroading-7/INFO]: Loading Models 71% : rolling_stock/locomotives/tram20003front.json
[12:50:41] [ImmersiveRailroading-4/INFO]: Generating heightmap rolling_stock/locomotives/sbbc_re_484.json
[12:50:41] [ImmersiveRailroading-10/INFO]: [cam72cam.immersiverailroading.registry.DefinitionManager:lambda$initModels$6:253]: GC
[12:50:41] [ImmersiveRailroading-10/INFO]: Loading Models 71% : rolling_stock/locomotives/bigboy.json
[12:50:41] [ImmersiveRailroading-8/INFO]: Generating heightmap rolling_stock/locomotives/ns_virmm1_mbv7.json
[12:50:42] [ImmersiveRailroading-0/INFO]: Generating heightmap rolling_stock/freight/db_cargo_laaeffrs_561-1.json
[12:50:42] [ImmersiveRailroading-15/INFO]: [cam72cam.immersiverailroading.registry.DefinitionManager:lambda$initModels$6:253]: GC
[12:50:42] [ImmersiveRailroading-15/INFO]: Loading Models 71% : rolling_stock/passenger/sob_flirt3_2.json
[12:50:42] [ImmersiveRailroading-13/INFO]: Generating heightmap rolling_stock/locomotives/db_br_103-or.json
[12:50:42] [ImmersiveRailroading-1/INFO]: [cam72cam.immersiverailroading.registry.DefinitionManager:lambda$initModels$6:253]: GC
[12:50:42] [ImmersiveRailroading-1/INFO]: Loading Models 71% : rolling_stock/locomotives/db_dbbzfa_761-0.json
[12:50:42] [ImmersiveRailroading-0/INFO]: [cam72cam.immersiverailroading.registry.DefinitionManager:lambda$initModels$6:253]: GC
[12:50:42] [ImmersiveRailroading-0/INFO]: Loading Models 72% : rolling_stock/freight/db_cargo_laaeffrs_561-1.json
[12:50:42] [ImmersiveRailroading-5/INFO]: Generating heightmap rolling_stock/locomotives/sel_br_120-144.json
[12:50:42] [ImmersiveRailroading-7/INFO]: Generating heightmap rolling_stock/locomotives/tram20003pony.json
[12:50:42] [ImmersiveRailroading-4/INFO]: [cam72cam.immersiverailroading.registry.DefinitionManager:lambda$initModels$6:253]: GC
[12:50:42] [ImmersiveRailroading-4/INFO]: Loading Models 72% : rolling_stock/locomotives/sbbc_re_484.json
[12:50:42] [ImmersiveRailroading-2/INFO]: Generating heightmap rolling_stock/locomotives/ic2000bt.json
[12:50:42] [ImmersiveRailroading-3/INFO]: Generating heightmap rolling_stock/locomotives/dbc_br_232-618.json
[12:50:42] [ImmersiveRailroading-7/INFO]: [cam72cam.immersiverailroading.registry.DefinitionManager:lambda$initModels$6:253]: GC
[12:50:42] [ImmersiveRailroading-7/INFO]: Loading Models 72% : rolling_stock/locomotives/tram20003pony.json
[12:50:42] [ImmersiveRailroading-11/INFO]: Generating heightmap rolling_stock/passenger/db_br_407_6.json
[12:50:43] [ImmersiveRailroading-15/INFO]: Generating heightmap rolling_stock/locomotives/fbbe46f.json
[12:50:43] [ImmersiveRailroading-5/INFO]: [cam72cam.immersiverailroading.registry.DefinitionManager:lambda$initModels$6:253]: GC
[12:50:43] [ImmersiveRailroading-5/INFO]: Loading Models 72% : rolling_stock/locomotives/sel_br_120-144.json
[12:50:43] [ImmersiveRailroading-13/INFO]: [cam72cam.immersiverailroading.registry.DefinitionManager:lambda$initModels$6:253]: GC
[12:50:43] [ImmersiveRailroading-13/INFO]: Loading Models 72% : rolling_stock/locomotives/db_br_103-or.json
[12:50:43] [ImmersiveRailroading-2/INFO]: [cam72cam.immersiverailroading.registry.DefinitionManager:lambda$initModels$6:253]: GC
[12:50:43] [ImmersiveRailroading-2/INFO]: Loading Models 73% : rolling_stock/locomotives/ic2000bt.json
[12:50:43] [ImmersiveRailroading-15/INFO]: [cam72cam.immersiverailroading.registry.DefinitionManager:lambda$initModels$6:253]: GC
[12:50:43] [ImmersiveRailroading-15/INFO]: Loading Models 73% : rolling_stock/locomotives/fbbe46f.json
[12:50:43] [ImmersiveRailroading-7/INFO]: Generating heightmap rolling_stock/locomotives/cobra1.json
[12:50:43] [ImmersiveRailroading-8/INFO]: [cam72cam.immersiverailroading.registry.DefinitionManager:lambda$initModels$6:253]: GC
[12:50:43] [ImmersiveRailroading-8/INFO]: Loading Models 73% : rolling_stock/locomotives/ns_virmm1_mbv7.json
[12:50:43] [ImmersiveRailroading-7/INFO]: [cam72cam.immersiverailroading.registry.DefinitionManager:lambda$initModels$6:253]: GC
[12:50:43] [ImmersiveRailroading-7/INFO]: Loading Models 73% : rolling_stock/locomotives/cobra1.json
[12:50:44] [ImmersiveRailroading-3/INFO]: [cam72cam.immersiverailroading.registry.DefinitionManager:lambda$initModels$6:253]: GC
[12:50:44] [ImmersiveRailroading-3/INFO]: Loading Models 73% : rolling_stock/locomotives/dbc_br_232-618.json
[12:50:44] [ImmersiveRailroading-5/INFO]: Generating heightmap rolling_stock/locomotives/br143.json
[12:50:44] [ImmersiveRailroading-11/INFO]: [cam72cam.immersiverailroading.registry.DefinitionManager:lambda$initModels$6:253]: GC
[12:50:46] [ImmersiveRailroading-11/INFO]: Loading Models 73% : rolling_stock/passenger/db_br_407_6.json
[12:50:46] [ImmersiveRailroading-15/INFO]: Generating heightmap rolling_stock/locomotives/fbbe88f.json
[12:50:46] [ImmersiveRailroading-9/INFO]: Generating heightmap rolling_stock/locomotives/sob_traverso_4.json
[12:50:46] [ImmersiveRailroading-6/INFO]: Generating heightmap rolling_stock/locomotives/db_br_420-2-pop.json
[12:50:46] [ImmersiveRailroading-12/INFO]: Generating heightmap rolling_stock/passenger/db_bm_235-vr.json
[12:50:46] [ImmersiveRailroading-7/INFO]: Generating heightmap rolling_stock/locomotives/vbg1.json
[12:50:46] [ImmersiveRailroading-15/INFO]: [cam72cam.immersiverailroading.registry.DefinitionManager:lambda$initModels$6:253]: GC
[12:50:46] [ImmersiveRailroading-15/INFO]: Loading Models 74% : rolling_stock/locomotives/fbbe88f.json
[12:50:47] [ImmersiveRailroading-5/INFO]: Loading Models 74% : rolling_stock/locomotives/br143.json
[12:50:47] [ImmersiveRailroading-7/INFO]: Loading Models 74% : rolling_stock/locomotives/vbg1.json
[12:50:47] [ImmersiveRailroading-4/INFO]: Generating heightmap rolling_stock/locomotives/bt16511.json
[12:50:47] [ImmersiveRailroading-9/INFO]: Loading Models 74% : rolling_stock/locomotives/sob_traverso_4.json
[12:50:47] [ImmersiveRailroading-6/INFO]: [cam72cam.immersiverailroading.registry.DefinitionManager:lambda$initModels$6:253]: GC
[12:50:47] [ImmersiveRailroading-6/INFO]: Loading Models 74% : rolling_stock/locomotives/db_br_420-2-pop.json
[12:50:48] [ImmersiveRailroading-12/INFO]: Loading Models 75% : rolling_stock/passenger/db_bm_235-vr.json
[12:50:48] [ImmersiveRailroading-13/INFO]: Generating heightmap rolling_stock/locomotives/db_br_110-3-rheingold.json
[12:50:48] [ImmersiveRailroading-10/INFO]: Generating heightmap rolling_stock/locomotives/fef-1.json
[12:50:48] [ImmersiveRailroading-14/INFO]: Generating heightmap rolling_stock/locomotives/db_br_421-5.json
[12:50:48] [ImmersiveRailroading-2/INFO]: Generating heightmap rolling_stock/locomotives/ic2020bt.json
[12:50:48] [ImmersiveRailroading-13/INFO]: [cam72cam.immersiverailroading.registry.DefinitionManager:lambda$initModels$6:253]: GC
[12:50:48] [ImmersiveRailroading-13/INFO]: Loading Models 75% : rolling_stock/locomotives/db_br_110-3-rheingold.json
[12:50:48] [ImmersiveRailroading-11/INFO]: Generating heightmap rolling_stock/passenger/br4071.json
[12:50:48] [ImmersiveRailroading-7/INFO]: Generating heightmap rolling_stock/locomotives/forchbahn_be_4-6_a.json
[12:50:48] [ImmersiveRailroading-4/INFO]: Loading Models 75% : rolling_stock/locomotives/bt16511.json
[12:50:48] [ImmersiveRailroading-8/INFO]: Generating heightmap rolling_stock/locomotives/virmmmbvk1-2.json
[12:50:48] [ImmersiveRailroading-7/INFO]: Loading Models 75% : rolling_stock/locomotives/forchbahn_be_4-6_a.json
[12:50:48] [ImmersiveRailroading-14/INFO]: [cam72cam.immersiverailroading.registry.DefinitionManager:lambda$initModels$6:253]: GC
[12:50:48] [ImmersiveRailroading-14/INFO]: Loading Models 75% : rolling_stock/locomotives/db_br_421-5.json
[12:50:48] [ImmersiveRailroading-2/INFO]: Loading Models 75% : rolling_stock/locomotives/ic2020bt.json
[12:50:48] [ImmersiveRailroading-15/INFO]: Generating heightmap rolling_stock/locomotives/trsbbbt.json
[12:50:49] [ImmersiveRailroading-10/INFO]: [cam72cam.immersiverailroading.registry.DefinitionManager:lambda$initModels$6:253]: GC
[12:50:49] [ImmersiveRailroading-10/INFO]: Loading Models 76% : rolling_stock/locomotives/fef-1.json
[12:50:49] [ImmersiveRailroading-11/INFO]: Loading Models 76% : rolling_stock/passenger/br4071.json
[12:50:49] [ImmersiveRailroading-1/INFO]: Generating heightmap rolling_stock/locomotives/db_dbbzfa_761-2.json
[12:50:49] [ImmersiveRailroading-3/INFO]: Generating heightmap rolling_stock/locomotives/bbg_br_232-673.json
[12:50:49] [ImmersiveRailroading-0/INFO]: Generating heightmap rolling_stock/freight/db_cargo_laaeffrs_561-2.json
[12:50:49] [ImmersiveRailroading-5/INFO]: Generating heightmap rolling_stock/locomotives/db_br_146_2.json
[12:50:49] [ImmersiveRailroading-7/INFO]: Generating heightmap rolling_stock/locomotives/bb8500beton.json
[12:50:49] [ImmersiveRailroading-8/INFO]: [cam72cam.immersiverailroading.registry.DefinitionManager:lambda$initModels$6:253]: GC
[12:50:49] [ImmersiveRailroading-8/INFO]: Loading Models 76% : rolling_stock/locomotives/virmmmbvk1-2.json
[12:50:49] [ImmersiveRailroading-0/INFO]: Loading Models 76% : rolling_stock/freight/db_cargo_laaeffrs_561-2.json
[12:50:49] [ImmersiveRailroading-13/INFO]: Generating heightmap rolling_stock/locomotives/db_br_110-3.json
[12:50:49] [ImmersiveRailroading-9/INFO]: Generating heightmap rolling_stock/locomotives/sob_traverso_5.json
[12:50:49] [ImmersiveRailroading-7/INFO]: Loading Models 76% : rolling_stock/locomotives/bb8500beton.json
[12:50:49] [ImmersiveRailroading-2/INFO]: Generating heightmap rolling_stock/locomotives/am843sbbcargo.json
[12:50:49] [ImmersiveRailroading-5/INFO]: [cam72cam.immersiverailroading.registry.DefinitionManager:lambda$initModels$6:253]: GC
[12:50:49] [ImmersiveRailroading-5/INFO]: Loading Models 77% : rolling_stock/locomotives/db_br_146_2.json
[12:50:50] [ImmersiveRailroading-4/INFO]: Generating heightmap rolling_stock/locomotives/bt16511sbb.json
[12:50:50] [ImmersiveRailroading-13/INFO]: Loading Models 77% : rolling_stock/locomotives/db_br_110-3.json
[12:50:50] [ImmersiveRailroading-3/INFO]: Loading Models 77% : rolling_stock/locomotives/bbg_br_232-673.json
[12:50:50] [ImmersiveRailroading-2/INFO]: Loading Models 77% : rolling_stock/locomotives/am843sbbcargo.json
[12:50:50] [ImmersiveRailroading-9/INFO]: Loading Models 77% : rolling_stock/locomotives/sob_traverso_5.json
[12:50:50] [ImmersiveRailroading-15/INFO]: Loading Models 77% : rolling_stock/locomotives/trsbbbt.json
[12:50:50] [ImmersiveRailroading-11/INFO]: Generating heightmap rolling_stock/locomotives/icmmsbk.json
[12:50:50] [ImmersiveRailroading-7/INFO]: Generating heightmap rolling_stock/locomotives/bb8500verte.json
[12:50:50] [ImmersiveRailroading-1/INFO]: [cam72cam.immersiverailroading.registry.DefinitionManager:lambda$initModels$6:253]: GC
[12:50:52] [ImmersiveRailroading-1/INFO]: Loading Models 78% : rolling_stock/locomotives/db_dbbzfa_761-2.json
[12:50:52] [ImmersiveRailroading-7/INFO]: Loading Models 78% : rolling_stock/locomotives/bb8500verte.json
[12:50:52] [ImmersiveRailroading-3/INFO]: Generating heightmap rolling_stock/locomotives/v320.json
[12:50:52] [ImmersiveRailroading-4/INFO]: Loading Models 78% : rolling_stock/locomotives/bt16511sbb.json
[12:50:52] [ImmersiveRailroading-0/INFO]: Generating heightmap rolling_stock/freight/db_omm_55-hb.json
[12:50:52] [ImmersiveRailroading-0/INFO]: [cam72cam.immersiverailroading.registry.DefinitionManager:lambda$initModels$6:253]: GC
[12:50:52] [ImmersiveRailroading-0/INFO]: Loading Models 78% : rolling_stock/freight/db_omm_55-hb.json
[12:50:52] [ImmersiveRailroading-3/INFO]: Loading Models 78% : rolling_stock/locomotives/v320.json
[12:50:52] [ImmersiveRailroading-6/INFO]: Generating heightmap rolling_stock/locomotives/db_br_421-2-pop.json
[12:50:52] [ImmersiveRailroading-11/INFO]: Loading Models 79% : rolling_stock/locomotives/icmmsbk.json
[12:50:52] [ImmersiveRailroading-8/INFO]: Generating heightmap rolling_stock/locomotives/virmmmbv7.json
[12:50:52] [ImmersiveRailroading-2/INFO]: Generating heightmap rolling_stock/locomotives/am843sbb.json
[12:50:53] [ImmersiveRailroading-7/INFO]: Generating heightmap rolling_stock/locomotives/bb8500fret.json
[12:50:53] [ImmersiveRailroading-15/INFO]: Generating heightmap rolling_stock/locomotives/trsbbb.json
[12:50:53] [ImmersiveRailroading-2/INFO]: [cam72cam.immersiverailroading.registry.DefinitionManager:lambda$initModels$6:253]: GC
[12:50:53] [ImmersiveRailroading-2/INFO]: Loading Models 79% : rolling_stock/locomotives/am843sbb.json
[12:50:53] [ImmersiveRailroading-6/INFO]: Loading Models 79% : rolling_stock/locomotives/db_br_421-2-pop.json
[12:50:53] [ImmersiveRailroading-3/INFO]: Generating heightmap rolling_stock/locomotives/sltmb2.json
[12:50:53] [ImmersiveRailroading-7/INFO]: Loading Models 79% : rolling_stock/locomotives/bb8500fret.json
[12:50:53] [ImmersiveRailroading-5/INFO]: Generating heightmap rolling_stock/locomotives/db_br_185_2.json
[12:50:53] [ImmersiveRailroading-12/INFO]: Generating heightmap rolling_stock/passenger/db_bm_235-ic.json
[12:50:53] [ImmersiveRailroading-3/INFO]: [cam72cam.immersiverailroading.registry.DefinitionManager:lambda$initModels$6:253]: GC
[12:50:53] [ImmersiveRailroading-3/INFO]: Loading Models 79% : rolling_stock/locomotives/sltmb2.json
[12:50:53] [ImmersiveRailroading-8/INFO]: Loading Models 79% : rolling_stock/locomotives/virmmmbv7.json
[12:50:53] [ImmersiveRailroading-0/INFO]: Generating heightmap rolling_stock/freight/db_omm_55.json
[12:50:53] [ImmersiveRailroading-4/INFO]: Generating heightmap rolling_stock/locomotives/at1514.json
[12:50:53] [ImmersiveRailroading-11/INFO]: Generating heightmap rolling_stock/locomotives/icmmmb.json
[12:50:53] [ImmersiveRailroading-0/INFO]: [cam72cam.immersiverailroading.registry.DefinitionManager:lambda$initModels$6:253]: GC
[12:50:53] [ImmersiveRailroading-0/INFO]: Loading Models 80% : rolling_stock/freight/db_omm_55.json
[12:50:54] [ImmersiveRailroading-14/INFO]: Generating heightmap rolling_stock/locomotives/db_br_420-8.json
[12:50:54] [ImmersiveRailroading-5/INFO]: Loading Models 80% : rolling_stock/locomotives/db_br_185_2.json
[12:50:54] [ImmersiveRailroading-0/INFO]: Generating heightmap rolling_stock/freight/samms710.json
[12:50:54] [ImmersiveRailroading-12/INFO]: Loading Models 80% : rolling_stock/passenger/db_bm_235-ic.json
[12:50:54] [ImmersiveRailroading-7/INFO]: Generating heightmap rolling_stock/locomotives/x2200rouge.json
[12:50:54] [ImmersiveRailroading-3/INFO]: Generating heightmap rolling_stock/locomotives/sltmb3.json
[12:50:54] [ImmersiveRailroading-0/INFO]: [cam72cam.immersiverailroading.registry.DefinitionManager:lambda$initModels$6:253]: GC
[12:50:54] [ImmersiveRailroading-0/INFO]: Loading Models 80% : rolling_stock/freight/samms710.json
[12:50:54] [ImmersiveRailroading-15/INFO]: Loading Models 80% : rolling_stock/locomotives/trsbbb.json
[12:50:54] [ImmersiveRailroading-4/INFO]: Loading Models 81% : rolling_stock/locomotives/at1514.json
[12:50:54] [ImmersiveRailroading-2/INFO]: Generating heightmap rolling_stock/locomotives/am843sbbinfra.json
[12:50:54] [ImmersiveRailroading-3/INFO]: Loading Models 81% : rolling_stock/locomotives/sltmb3.json
[12:50:54] [ImmersiveRailroading-11/INFO]: Loading Models 81% : rolling_stock/locomotives/icmmmb.json
[12:50:54] [ImmersiveRailroading-7/INFO]: [cam72cam.immersiverailroading.registry.DefinitionManager:lambda$initModels$6:253]: GC
[12:50:54] [ImmersiveRailroading-7/INFO]: Loading Models 81% : rolling_stock/locomotives/x2200rouge.json
[12:50:54] [ImmersiveRailroading-13/INFO]: Generating heightmap rolling_stock/locomotives/db_br_111-ob.json
[12:50:54] [ImmersiveRailroading-9/INFO]: Generating heightmap rolling_stock/locomotives/sob_traverso_8.json
[12:50:54] [ImmersiveRailroading-2/INFO]: [cam72cam.immersiverailroading.registry.DefinitionManager:lambda$initModels$6:253]: GC
[12:50:54] [ImmersiveRailroading-2/INFO]: Loading Models 81% : rolling_stock/locomotives/am843sbbinfra.json
[12:50:54] [ImmersiveRailroading-14/INFO]: Loading Models 81% : rolling_stock/locomotives/db_br_420-8.json
[12:50:55] [ImmersiveRailroading-13/INFO]: [cam72cam.immersiverailroading.registry.DefinitionManager:lambda$initModels$6:253]: GC
[12:50:55] [ImmersiveRailroading-13/INFO]: Loading Models 82% : rolling_stock/locomotives/db_br_111-ob.json
[12:50:55] [ImmersiveRailroading-9/INFO]: Loading Models 82% : rolling_stock/locomotives/sob_traverso_8.json
[12:50:55] [ImmersiveRailroading-1/INFO]: Generating heightmap rolling_stock/locomotives/db_dabpbzfa_762.json
[12:50:55] [ImmersiveRailroading-7/INFO]: Generating heightmap rolling_stock/locomotives/x2200bleu.json
[12:50:55] [ImmersiveRailroading-15/INFO]: Generating heightmap rolling_stock/locomotives/trsbbwr.json
[12:50:55] [ImmersiveRailroading-5/INFO]: Generating heightmap rolling_stock/locomotives/br146.json
[12:50:55] [ImmersiveRailroading-13/INFO]: Generating heightmap rolling_stock/locomotives/icsteuerwagen.json
[12:50:55] [ImmersiveRailroading-7/INFO]: [cam72cam.immersiverailroading.registry.DefinitionManager:lambda$initModels$6:253]: GC
[12:50:55] [ImmersiveRailroading-7/INFO]: Loading Models 82% : rolling_stock/locomotives/x2200bleu.json
[12:50:56] [ImmersiveRailroading-4/INFO]: Generating heightmap rolling_stock/locomotives/bt4514.json
[12:50:56] [ImmersiveRailroading-2/INFO]: Generating heightmap rolling_stock/locomotives/am843bls.json
[12:50:56] [ImmersiveRailroading-13/INFO]: [cam72cam.immersiverailroading.registry.DefinitionManager:lambda$initModels$6:253]: GC
[12:50:56] [ImmersiveRailroading-13/INFO]: Loading Models 82% : rolling_stock/locomotives/icsteuerwagen.json
[12:50:56] [ImmersiveRailroading-5/INFO]: [cam72cam.immersiverailroading.registry.DefinitionManager:lambda$initModels$6:253]: GC
[12:50:56] [ImmersiveRailroading-5/INFO]: Loading Models 82% : rolling_stock/locomotives/br146.json
[12:50:56] [ImmersiveRailroading-2/INFO]: [cam72cam.immersiverailroading.registry.DefinitionManager:lambda$initModels$6:253]: GC
[12:50:56] [ImmersiveRailroading-2/INFO]: Loading Models 83% : rolling_stock/locomotives/am843bls.json
[12:50:57] [ImmersiveRailroading-4/INFO]: [cam72cam.immersiverailroading.registry.DefinitionManager:lambda$initModels$6:253]: GC
[12:50:57] [ImmersiveRailroading-4/INFO]: Loading Models 83% : rolling_stock/locomotives/bt4514.json
[12:50:57] [ImmersiveRailroading-9/INFO]: Generating heightmap rolling_stock/locomotives/thurbo_rabe_526_7_abt1.json
[12:50:57] [ImmersiveRailroading-7/INFO]: Generating heightmap rolling_stock/locomotives/x2200jaune.json
[12:50:57] [ImmersiveRailroading-0/ERROR]: Error loading model rolling_stock/locomotives/neg_vt_506.json of type locomotives
[12:50:57] [ImmersiveRailroading-0/ERROR]: Exception
java.io.FileNotFoundException: immersiverailroading:models/rolling_stock/locomotives/sob_vt_628/vt_628_dfl.anim
	at cam72cam.mod.resource.Data$DataProxy.getResourceStream(Data.java:47) ~[?:1.2.3-012a521]
	at cam72cam.mod.resource.Data$DataProxy.getResourceStream(Data.java:53) ~[?:1.2.3-012a521]
	at cam72cam.mod.resource.Identifier.getResourceStream(Identifier.java:93) ~[?:1.2.3-012a521]
	at cam72cam.immersiverailroading.model.animation.StockAnimation.<init>(StockAnimation.java:27) ~[?:1.16.5-forge-1.10.0-2742641]
	at cam72cam.immersiverailroading.model.StockModel.<init>(StockModel.java:122) ~[?:1.16.5-forge-1.10.0-2742641]
	at cam72cam.immersiverailroading.model.FreightModel.<init>(FreightModel.java:23) ~[?:1.16.5-forge-1.10.0-2742641]
	at cam72cam.immersiverailroading.model.FreightTankModel.<init>(FreightTankModel.java:11) ~[?:1.16.5-forge-1.10.0-2742641]
	at cam72cam.immersiverailroading.model.LocomotiveModel.<init>(LocomotiveModel.java:48) ~[?:1.16.5-forge-1.10.0-2742641]
	at cam72cam.immersiverailroading.model.DieselLocomotiveModel.<init>(DieselLocomotiveModel.java:28) ~[?:1.16.5-forge-1.10.0-2742641]
	at cam72cam.immersiverailroading.registry.LocomotiveDieselDefinition.createModel(LocomotiveDieselDefinition.java:95) ~[?:1.16.5-forge-1.10.0-2742641]
	at cam72cam.immersiverailroading.registry.EntityRollingStockDefinition.<init>(EntityRollingStockDefinition.java:338) ~[?:1.16.5-forge-1.10.0-2742641]
	at cam72cam.immersiverailroading.registry.FreightDefinition.<init>(FreightDefinition.java:13) ~[?:1.16.5-forge-1.10.0-2742641]
	at cam72cam.immersiverailroading.registry.LocomotiveDefinition.<init>(LocomotiveDefinition.java:40) ~[?:1.16.5-forge-1.10.0-2742641]
	at cam72cam.immersiverailroading.registry.LocomotiveDieselDefinition.<init>(LocomotiveDieselDefinition.java:35) ~[?:1.16.5-forge-1.10.0-2742641]
	at cam72cam.immersiverailroading.registry.DefinitionManager.lambda$static$0(DefinitionManager.java:43) ~[?:1.16.5-forge-1.10.0-2742641]
	at cam72cam.immersiverailroading.registry.DefinitionManager$$Lambda$4891/331252157.apply(Unknown Source) ~[?:?]
	at cam72cam.immersiverailroading.registry.DefinitionManager.lambda$initModels$6(DefinitionManager.java:249) [?:1.16.5-forge-1.10.0-2742641]
	at cam72cam.immersiverailroading.registry.DefinitionManager$$Lambda$4934/1864481536.apply(Unknown Source) [?:1.16.5-forge-1.10.0-2742641]
	at java.util.stream.ReferencePipeline$3$1.accept(ReferencePipeline.java:193) [?:1.8.0_51]
	at java.util.Spliterators$ArraySpliterator.forEachRemaining(Spliterators.java:948) [?:1.8.0_51]
	at java.util.stream.AbstractPipeline.copyInto(AbstractPipeline.java:512) [?:1.8.0_51]
	at java.util.stream.AbstractPipeline.wrapAndCopyInto(AbstractPipeline.java:502) [?:1.8.0_51]
	at java.util.stream.ReduceOps$ReduceTask.doLeaf(ReduceOps.java:747) [?:1.8.0_51]
	at java.util.stream.ReduceOps$ReduceTask.doLeaf(ReduceOps.java:721) [?:1.8.0_51]
	at java.util.stream.AbstractTask.compute(AbstractTask.java:316) [?:1.8.0_51]
	at java.util.concurrent.CountedCompleter.exec(CountedCompleter.java:731) [?:1.8.0_51]
	at java.util.concurrent.ForkJoinTask.doExec(ForkJoinTask.java:289) [?:1.8.0_51]
	at java.util.concurrent.ForkJoinPool$WorkQueue.runTask(ForkJoinPool.java:1056) [?:1.8.0_51]
	at java.util.concurrent.ForkJoinPool.runWorker(ForkJoinPool.java:1689) [?:1.8.0_51]
	at java.util.concurrent.ForkJoinWorkerThread.run(ForkJoinWorkerThread.java:157) [?:1.8.0_51]
[12:50:57] [ImmersiveRailroading-0/INFO]: Loading Models 83% : rolling_stock/locomotives/neg_vt_506.json
[12:50:57] [ImmersiveRailroading-15/INFO]: [cam72cam.immersiverailroading.registry.DefinitionManager:lambda$initModels$6:253]: GC
[12:50:57] [ImmersiveRailroading-15/INFO]: Loading Models 83% : rolling_stock/locomotives/trsbbwr.json
[12:50:57] [ImmersiveRailroading-6/INFO]: Generating heightmap rolling_stock/locomotives/db_br_420-2.json
[12:50:57] [ImmersiveRailroading-9/INFO]: [cam72cam.immersiverailroading.registry.DefinitionManager:lambda$initModels$6:253]: GC
[12:50:57] [ImmersiveRailroading-9/INFO]: Loading Models 83% : rolling_stock/locomotives/thurbo_rabe_526_7_abt1.json
[12:50:58] [ImmersiveRailroading-0/INFO]: Generating heightmap rolling_stock/locomotives/ngtcab.json
[12:50:58] [ImmersiveRailroading-7/INFO]: [cam72cam.immersiverailroading.registry.DefinitionManager:lambda$initModels$6:253]: GC
[12:50:58] [ImmersiveRailroading-7/INFO]: Loading Models 83% : rolling_stock/locomotives/x2200jaune.json
[12:50:58] [ImmersiveRailroading-1/INFO]: [cam72cam.immersiverailroading.registry.DefinitionManager:lambda$initModels$6:253]: GC
[12:50:58] [ImmersiveRailroading-1/INFO]: Loading Models 84% : rolling_stock/locomotives/db_dabpbzfa_762.json
[12:50:58] [ImmersiveRailroading-13/INFO]: Generating heightmap rolling_stock/locomotives/vt98.json
[12:50:58] [ImmersiveRailroading-0/INFO]: [cam72cam.immersiverailroading.registry.DefinitionManager:lambda$initModels$6:253]: GC
[12:50:58] [ImmersiveRailroading-0/INFO]: Loading Models 84% : rolling_stock/locomotives/ngtcab.json
[12:50:58] [ImmersiveRailroading-9/INFO]: Generating heightmap rolling_stock/locomotives/thurbo_rabe_526_7_re3.json
[12:50:58] [ImmersiveRailroading-9/INFO]: [cam72cam.immersiverailroading.registry.DefinitionManager:lambda$initModels$6:253]: GC
[12:50:58] [ImmersiveRailroading-9/INFO]: Loading Models 84% : rolling_stock/locomotives/thurbo_rabe_526_7_re3.json
[12:50:59] [ImmersiveRailroading-13/INFO]: [cam72cam.immersiverailroading.registry.DefinitionManager:lambda$initModels$6:253]: GC
[12:50:59] [ImmersiveRailroading-13/INFO]: Loading Models 84% : rolling_stock/locomotives/vt98.json
[12:50:59] [ImmersiveRailroading-2/WARN]: Unknown material 'df' in immersiverailroading:models/rolling_stock/locomotives/am843sersa/am843sersa.obj
[12:50:59] [ImmersiveRailroading-2/WARN]: Unknown material 'df' in immersiverailroading:models/rolling_stock/locomotives/am843sersa/am843sersa.obj
[12:50:59] [ImmersiveRailroading-2/WARN]: Unknown material 'df' in immersiverailroading:models/rolling_stock/locomotives/am843sersa/am843sersa.obj
[12:50:59] [ImmersiveRailroading-2/WARN]: Unknown material 'df' in immersiverailroading:models/rolling_stock/locomotives/am843sersa/am843sersa.obj
[12:50:59] [ImmersiveRailroading-2/WARN]: Unknown material 'df' in immersiverailroading:models/rolling_stock/locomotives/am843sersa/am843sersa.obj
[12:50:59] [ImmersiveRailroading-2/WARN]: Unknown material 'df' in immersiverailroading:models/rolling_stock/locomotives/am843sersa/am843sersa.obj
[12:50:59] [ImmersiveRailroading-2/WARN]: Unknown material 'df' in immersiverailroading:models/rolling_stock/locomotives/am843sersa/am843sersa.obj
[12:50:59] [ImmersiveRailroading-2/WARN]: Unknown material 'df' in immersiverailroading:models/rolling_stock/locomotives/am843sersa/am843sersa.obj
[12:50:59] [ImmersiveRailroading-2/WARN]: Unknown material 'df' in immersiverailroading:models/rolling_stock/locomotives/am843sersa/am843sersa.obj
[12:50:59] [ImmersiveRailroading-2/WARN]: Unknown material 'df' in immersiverailroading:models/rolling_stock/locomotives/am843sersa/am843sersa.obj
[12:50:59] [ImmersiveRailroading-2/WARN]: Unknown material 'df' in immersiverailroading:models/rolling_stock/locomotives/am843sersa/am843sersa.obj
[12:50:59] [ImmersiveRailroading-2/WARN]: Unknown material 'df' in immersiverailroading:models/rolling_stock/locomotives/am843sersa/am843sersa.obj
[12:50:59] [ImmersiveRailroading-2/WARN]: Unknown material 'df' in immersiverailroading:models/rolling_stock/locomotives/am843sersa/am843sersa.obj
[12:50:59] [ImmersiveRailroading-2/WARN]: Unknown material 'df' in immersiverailroading:models/rolling_stock/locomotives/am843sersa/am843sersa.obj
[12:50:59] [ImmersiveRailroading-2/WARN]: Unknown material 'df' in immersiverailroading:models/rolling_stock/locomotives/am843sersa/am843sersa.obj
[12:50:59] [ImmersiveRailroading-2/WARN]: Unknown material 'df' in immersiverailroading:models/rolling_stock/locomotives/am843sersa/am843sersa.obj
[12:50:59] [ImmersiveRailroading-2/WARN]: Unknown material 'df' in immersiverailroading:models/rolling_stock/locomotives/am843sersa/am843sersa.obj
[12:50:59] [ImmersiveRailroading-2/WARN]: Unknown material 'df' in immersiverailroading:models/rolling_stock/locomotives/am843sersa/am843sersa.obj
[12:50:59] [ImmersiveRailroading-2/WARN]: Unknown material 'df' in immersiverailroading:models/rolling_stock/locomotives/am843sersa/am843sersa.obj
[12:50:59] [ImmersiveRailroading-2/WARN]: Unknown material 'df' in immersiverailroading:models/rolling_stock/locomotives/am843sersa/am843sersa.obj
[12:50:59] [ImmersiveRailroading-2/WARN]: Unknown material 'df' in immersiverailroading:models/rolling_stock/locomotives/am843sersa/am843sersa.obj
[12:50:59] [ImmersiveRailroading-2/WARN]: Unknown material 'df' in immersiverailroading:models/rolling_stock/locomotives/am843sersa/am843sersa.obj
[12:50:59] [ImmersiveRailroading-2/WARN]: Unknown material 'df' in immersiverailroading:models/rolling_stock/locomotives/am843sersa/am843sersa.obj
[12:50:59] [ImmersiveRailroading-2/WARN]: Unknown material 'df' in immersiverailroading:models/rolling_stock/locomotives/am843sersa/am843sersa.obj
[12:50:59] [ImmersiveRailroading-2/WARN]: Unknown material 'df' in immersiverailroading:models/rolling_stock/locomotives/am843sersa/am843sersa.obj
[12:50:59] [ImmersiveRailroading-2/WARN]: Unknown material 'df' in immersiverailroading:models/rolling_stock/locomotives/am843sersa/am843sersa.obj
[12:50:59] [ImmersiveRailroading-2/WARN]: Unknown material 'df' in immersiverailroading:models/rolling_stock/locomotives/am843sersa/am843sersa.obj
[12:50:59] [ImmersiveRailroading-2/WARN]: Unknown material 'df' in immersiverailroading:models/rolling_stock/locomotives/am843sersa/am843sersa.obj
[12:50:59] [ImmersiveRailroading-2/WARN]: Unknown material 'df' in immersiverailroading:models/rolling_stock/locomotives/am843sersa/am843sersa.obj
[12:50:59] [ImmersiveRailroading-2/WARN]: Unknown material 'df' in immersiverailroading:models/rolling_stock/locomotives/am843sersa/am843sersa.obj
[12:50:59] [ImmersiveRailroading-2/WARN]: Unknown material 'df' in immersiverailroading:models/rolling_stock/locomotives/am843sersa/am843sersa.obj
[12:50:59] [ImmersiveRailroading-2/WARN]: Unknown material 'df' in immersiverailroading:models/rolling_stock/locomotives/am843sersa/am843sersa.obj
[12:50:59] [ImmersiveRailroading-2/WARN]: Unknown material 'df' in immersiverailroading:models/rolling_stock/locomotives/am843sersa/am843sersa.obj
[12:50:59] [ImmersiveRailroading-2/WARN]: Unknown material 'df' in immersiverailroading:models/rolling_stock/locomotives/am843sersa/am843sersa.obj
[12:50:59] [ImmersiveRailroading-2/WARN]: Unknown material 'df' in immersiverailroading:models/rolling_stock/locomotives/am843sersa/am843sersa.obj
[12:50:59] [ImmersiveRailroading-2/WARN]: Unknown material 'df' in immersiverailroading:models/rolling_stock/locomotives/am843sersa/am843sersa.obj
[12:50:59] [ImmersiveRailroading-2/WARN]: Unknown material 'dfsh' in immersiverailroading:models/rolling_stock/locomotives/am843sersa/am843sersa.obj
[12:50:59] [ImmersiveRailroading-2/WARN]: Unknown material 'dfsh' in immersiverailroading:models/rolling_stock/locomotives/am843sersa/am843sersa.obj
[12:50:59] [ImmersiveRailroading-2/WARN]: Unknown material 'dfsh' in immersiverailroading:models/rolling_stock/locomotives/am843sersa/am843sersa.obj
[12:50:59] [ImmersiveRailroading-2/WARN]: Unknown material 'dfsh' in immersiverailroading:models/rolling_stock/locomotives/am843sersa/am843sersa.obj
[12:50:59] [ImmersiveRailroading-2/WARN]: Unknown material 'dfsh' in immersiverailroading:models/rolling_stock/locomotives/am843sersa/am843sersa.obj
[12:50:59] [ImmersiveRailroading-2/WARN]: Unknown material 'dfsh' in immersiverailroading:models/rolling_stock/locomotives/am843sersa/am843sersa.obj
[12:50:59] [ImmersiveRailroading-2/WARN]: Unknown material 'dfsh' in immersiverailroading:models/rolling_stock/locomotives/am843sersa/am843sersa.obj
[12:50:59] [ImmersiveRailroading-2/WARN]: Unknown material 'dfsh' in immersiverailroading:models/rolling_stock/locomotives/am843sersa/am843sersa.obj
[12:50:59] [ImmersiveRailroading-2/WARN]: Unknown material 'dfsh' in immersiverailroading:models/rolling_stock/locomotives/am843sersa/am843sersa.obj
[12:50:59] [ImmersiveRailroading-2/WARN]: Unknown material 'dfsh' in immersiverailroading:models/rolling_stock/locomotives/am843sersa/am843sersa.obj
[12:50:59] [ImmersiveRailroading-2/WARN]: Unknown material 'dfsh' in immersiverailroading:models/rolling_stock/locomotives/am843sersa/am843sersa.obj
[12:50:59] [ImmersiveRailroading-2/WARN]: Unknown material 'dfsh' in immersiverailroading:models/rolling_stock/locomotives/am843sersa/am843sersa.obj
[12:50:59] [ImmersiveRailroading-2/WARN]: Unknown material 'dfsh' in immersiverailroading:models/rolling_stock/locomotives/am843sersa/am843sersa.obj
[12:50:59] [ImmersiveRailroading-2/WARN]: Unknown material 'dfsh' in immersiverailroading:models/rolling_stock/locomotives/am843sersa/am843sersa.obj
[12:50:59] [ImmersiveRailroading-2/WARN]: Unknown material 'dfsh' in immersiverailroading:models/rolling_stock/locomotives/am843sersa/am843sersa.obj
[12:50:59] [ImmersiveRailroading-2/WARN]: Unknown material 'dfsh' in immersiverailroading:models/rolling_stock/locomotives/am843sersa/am843sersa.obj
[12:50:59] [ImmersiveRailroading-2/WARN]: Unknown material 'dfsh' in immersiverailroading:models/rolling_stock/locomotives/am843sersa/am843sersa.obj
[12:50:59] [ImmersiveRailroading-2/WARN]: Unknown material 'dfsh' in immersiverailroading:models/rolling_stock/locomotives/am843sersa/am843sersa.obj
[12:50:59] [ImmersiveRailroading-2/WARN]: Unknown material 'dfsh' in immersiverailroading:models/rolling_stock/locomotives/am843sersa/am843sersa.obj
[12:50:59] [ImmersiveRailroading-2/WARN]: Unknown material 'dfsh' in immersiverailroading:models/rolling_stock/locomotives/am843sersa/am843sersa.obj
[12:50:59] [ImmersiveRailroading-2/WARN]: Unknown material 'dfsh' in immersiverailroading:models/rolling_stock/locomotives/am843sersa/am843sersa.obj
[12:50:59] [ImmersiveRailroading-2/WARN]: Unknown material 'dfsh' in immersiverailroading:models/rolling_stock/locomotives/am843sersa/am843sersa.obj
[12:50:59] [ImmersiveRailroading-2/WARN]: Unknown material 'dfsh' in immersiverailroading:models/rolling_stock/locomotives/am843sersa/am843sersa.obj
[12:50:59] [ImmersiveRailroading-2/WARN]: Unknown material 'dfsh' in immersiverailroading:models/rolling_stock/locomotives/am843sersa/am843sersa.obj
[12:50:59] [ImmersiveRailroading-2/WARN]: Unknown material 'dfsh' in immersiverailroading:models/rolling_stock/locomotives/am843sersa/am843sersa.obj
[12:50:59] [ImmersiveRailroading-2/WARN]: Unknown material 'dfsh' in immersiverailroading:models/rolling_stock/locomotives/am843sersa/am843sersa.obj
[12:50:59] [ImmersiveRailroading-2/WARN]: Unknown material 'dfsh' in immersiverailroading:models/rolling_stock/locomotives/am843sersa/am843sersa.obj
[12:50:59] [ImmersiveRailroading-2/WARN]: Unknown material 'dfsh' in immersiverailroading:models/rolling_stock/locomotives/am843sersa/am843sersa.obj
[12:50:59] [ImmersiveRailroading-2/WARN]: Unknown material 'dfsh' in immersiverailroading:models/rolling_stock/locomotives/am843sersa/am843sersa.obj
[12:50:59] [ImmersiveRailroading-2/WARN]: Unknown material 'dfsh' in immersiverailroading:models/rolling_stock/locomotives/am843sersa/am843sersa.obj
[12:50:59] [ImmersiveRailroading-2/WARN]: Unknown material 'dfsh' in immersiverailroading:models/rolling_stock/locomotives/am843sersa/am843sersa.obj
[12:50:59] [ImmersiveRailroading-2/WARN]: Unknown material 'dfsh' in immersiverailroading:models/rolling_stock/locomotives/am843sersa/am843sersa.obj
[12:50:59] [ImmersiveRailroading-2/WARN]: Unknown material 'dfsh' in immersiverailroading:models/rolling_stock/locomotives/am843sersa/am843sersa.obj
[12:50:59] [ImmersiveRailroading-2/WARN]: Unknown material 'dfsh' in immersiverailroading:models/rolling_stock/locomotives/am843sersa/am843sersa.obj
[12:50:59] [ImmersiveRailroading-2/WARN]: Unknown material 'dfsh' in immersiverailroading:models/rolling_stock/locomotives/am843sersa/am843sersa.obj
[12:50:59] [ImmersiveRailroading-2/WARN]: Unknown material 'dfsh' in immersiverailroading:models/rolling_stock/locomotives/am843sersa/am843sersa.obj
[12:50:59] [ImmersiveRailroading-8/INFO]: Generating heightmap rolling_stock/locomotives/ns_icmm_mbfk.json
[12:50:59] [ImmersiveRailroading-0/INFO]: Generating heightmap rolling_stock/locomotives/b80dfront.json
[12:50:59] [ImmersiveRailroading-11/INFO]: Generating heightmap rolling_stock/locomotives/ns_e_186.json
[12:50:59] [ImmersiveRailroading-12/INFO]: Generating heightmap rolling_stock/passenger/db_aimz_261-ir.json
[12:50:59] [ImmersiveRailroading-0/INFO]: [cam72cam.immersiverailroading.registry.DefinitionManager:lambda$initModels$6:253]: GC
[12:50:59] [ImmersiveRailroading-0/INFO]: Loading Models 84% : rolling_stock/locomotives/b80dfront.json
[12:50:59] [ImmersiveRailroading-6/INFO]: [cam72cam.immersiverailroading.registry.DefinitionManager:lambda$initModels$6:253]: GC
[12:50:59] [ImmersiveRailroading-6/INFO]: Loading Models 84% : rolling_stock/locomotives/db_br_420-2.json
[12:50:59] [ImmersiveRailroading-7/INFO]: Generating heightmap rolling_stock/locomotives/railjet_afmpz.json
[12:50:59] [ImmersiveRailroading-2/INFO]: Generating heightmap rolling_stock/locomotives/am843sersa.json
[12:50:59] [ImmersiveRailroading-10/INFO]: Generating heightmap rolling_stock/locomotives/fef-1_gh.json
[12:50:59] [ImmersiveRailroading-7/INFO]: [cam72cam.immersiverailroading.registry.DefinitionManager:lambda$initModels$6:253]: GC
[12:50:59] [ImmersiveRailroading-7/INFO]: Loading Models 85% : rolling_stock/locomotives/railjet_afmpz.json
[12:51:00] [ImmersiveRailroading-5/INFO]: Generating heightmap rolling_stock/locomotives/br185.json
[12:51:00] [ImmersiveRailroading-0/INFO]: Generating heightmap rolling_stock/locomotives/b80dback.json
[12:51:00] [ImmersiveRailroading-3/INFO]: Generating heightmap rolling_stock/locomotives/ns_sng_a1-2.json
[12:51:00] [ImmersiveRailroading-0/INFO]: Loading Models 85% : rolling_stock/locomotives/b80dback.json
[12:51:00] [ImmersiveRailroading-2/INFO]: Loading Models 85% : rolling_stock/locomotives/am843sersa.json
[12:51:00] [ImmersiveRailroading-9/INFO]: Generating heightmap rolling_stock/locomotives/rhb_be_4-4_310.json
[12:51:00] [ImmersiveRailroading-4/INFO]: Generating heightmap rolling_stock/locomotives/sbb_rbde_560_do.json
[12:51:01] [ImmersiveRailroading-5/INFO]: Loading Models 85% : rolling_stock/locomotives/br185.json
[12:51:01] [ImmersiveRailroading-12/INFO]: [cam72cam.immersiverailroading.registry.DefinitionManager:lambda$initModels$6:253]: GC
[12:51:01] [ImmersiveRailroading-12/INFO]: Loading Models 85% : rolling_stock/passenger/db_aimz_261-ir.json
[12:51:01] [ImmersiveRailroading-13/INFO]: Generating heightmap rolling_stock/locomotives/wismarer_schienenbus.json
[12:51:01] [ImmersiveRailroading-9/INFO]: Loading Models 86% : rolling_stock/locomotives/rhb_be_4-4_310.json
[12:51:01] [ImmersiveRailroading-8/INFO]: Loading Models 86% : rolling_stock/locomotives/ns_icmm_mbfk.json
[12:51:01] [ImmersiveRailroading-15/INFO]: Generating heightmap rolling_stock/locomotives/trsbba.json
[12:51:01] [ImmersiveRailroading-10/INFO]: [cam72cam.immersiverailroading.registry.DefinitionManager:lambda$initModels$6:253]: GC
[12:51:01] [ImmersiveRailroading-10/INFO]: Loading Models 86% : rolling_stock/locomotives/fef-1_gh.json
[12:51:01] [ImmersiveRailroading-11/INFO]: Loading Models 86% : rolling_stock/locomotives/ns_e_186.json
[12:51:01] [ImmersiveRailroading-14/INFO]: Generating heightmap rolling_stock/locomotives/db_br_421-8.json
[12:51:01] [ImmersiveRailroading-4/INFO]: Loading Models 86% : rolling_stock/locomotives/sbb_rbde_560_do.json
[12:51:01] [ImmersiveRailroading-13/INFO]: Loading Models 86% : rolling_stock/locomotives/wismarer_schienenbus.json
[12:51:01] [ImmersiveRailroading-3/INFO]: [cam72cam.immersiverailroading.registry.DefinitionManager:lambda$initModels$6:253]: GC
[12:51:01] [ImmersiveRailroading-3/INFO]: Loading Models 87% : rolling_stock/locomotives/ns_sng_a1-2.json
[12:51:01] [ImmersiveRailroading-7/INFO]: Generating heightmap rolling_stock/locomotives/traxx2hectorrail.json
[12:51:01] [ImmersiveRailroading-9/INFO]: Generating heightmap rolling_stock/locomotives/rhb_at318.json
[12:51:01] [ImmersiveRailroading-5/INFO]: Generating heightmap rolling_stock/locomotives/eem923electric.json
[12:51:02] [ImmersiveRailroading-14/INFO]: [cam72cam.immersiverailroading.registry.DefinitionManager:lambda$initModels$6:253]: GC
[12:51:02] [ImmersiveRailroading-14/INFO]: Loading Models 87% : rolling_stock/locomotives/db_br_421-8.json
[12:51:02] [ImmersiveRailroading-5/INFO]: Loading Models 87% : rolling_stock/locomotives/eem923electric.json
[12:51:02] [ImmersiveRailroading-2/INFO]: Generating heightmap rolling_stock/locomotives/ee922.json
[12:51:02] [ImmersiveRailroading-9/INFO]: Loading Models 87% : rolling_stock/locomotives/rhb_at318.json
[12:51:02] [ImmersiveRailroading-2/INFO]: Loading Models 87% : rolling_stock/locomotives/ee922.json
[12:51:02] [ImmersiveRailroading-7/INFO]: [cam72cam.immersiverailroading.registry.DefinitionManager:lambda$initModels$6:253]: GC
[12:51:02] [ImmersiveRailroading-7/INFO]: Loading Models 88% : rolling_stock/locomotives/traxx2hectorrail.json
[12:51:02] [ImmersiveRailroading-15/INFO]: Loading Models 88% : rolling_stock/locomotives/trsbba.json
[12:51:02] [ImmersiveRailroading-4/INFO]: Generating heightmap rolling_stock/locomotives/sbb_abt_npz_do.json
[12:51:02] [ImmersiveRailroading-5/INFO]: Generating heightmap rolling_stock/locomotives/eem923diesel.json
[12:51:02] [ImmersiveRailroading-0/INFO]: Generating heightmap rolling_stock/locomotives/rheincargo_br_185_2.json
[12:51:03] [ImmersiveRailroading-11/INFO]: Generating heightmap rolling_stock/locomotives/traxx2ns.json
[12:51:03] [ImmersiveRailroading-9/INFO]: Generating heightmap rolling_stock/locomotives/mgb_hge_4-4_ii.json
[12:51:03] [ImmersiveRailroading-5/INFO]: Loading Models 88% : rolling_stock/locomotives/eem923diesel.json
[12:51:03] [ImmersiveRailroading-10/WARN]: Unknown material '(null)' in immersiverailroading:models/rolling_stock/locomotives/cp0180/cp0180.obj
[12:51:03] [ImmersiveRailroading-10/WARN]: Unknown material '(null)' in immersiverailroading:models/rolling_stock/locomotives/cp0180/cp0180.obj
[12:51:03] [ImmersiveRailroading-10/WARN]: Unknown material '(null)' in immersiverailroading:models/rolling_stock/locomotives/cp0180/cp0180.obj
[12:51:03] [ImmersiveRailroading-10/WARN]: Unknown material '(null)' in immersiverailroading:models/rolling_stock/locomotives/cp0180/cp0180.obj
[12:51:03] [ImmersiveRailroading-10/WARN]: Unknown material '(null)' in immersiverailroading:models/rolling_stock/locomotives/cp0180/cp0180.obj
[12:51:03] [ImmersiveRailroading-10/WARN]: Unknown material '(null)' in immersiverailroading:models/rolling_stock/locomotives/cp0180/cp0180.obj
[12:51:03] [ImmersiveRailroading-10/WARN]: Unknown material '(null)' in immersiverailroading:models/rolling_stock/locomotives/cp0180/cp0180.obj
[12:51:03] [ImmersiveRailroading-10/WARN]: Unknown material '(null)' in immersiverailroading:models/rolling_stock/locomotives/cp0180/cp0180.obj
[12:51:03] [ImmersiveRailroading-10/WARN]: Unknown material '(null)' in immersiverailroading:models/rolling_stock/locomotives/cp0180/cp0180.obj
[12:51:03] [ImmersiveRailroading-10/WARN]: Unknown material '(null)' in immersiverailroading:models/rolling_stock/locomotives/cp0180/cp0180.obj
[12:51:03] [ImmersiveRailroading-10/WARN]: Unknown material '(null)' in immersiverailroading:models/rolling_stock/locomotives/cp0180/cp0180.obj
[12:51:03] [ImmersiveRailroading-10/WARN]: Unknown material '(null)' in immersiverailroading:models/rolling_stock/locomotives/cp0180/cp0180.obj
[12:51:03] [ImmersiveRailroading-10/WARN]: Unknown material '(null)' in immersiverailroading:models/rolling_stock/locomotives/cp0180/cp0180.obj
[12:51:03] [ImmersiveRailroading-10/WARN]: Unknown material '(null)' in immersiverailroading:models/rolling_stock/locomotives/cp0180/cp0180.obj
[12:51:03] [ImmersiveRailroading-10/WARN]: Unknown material '(null)' in immersiverailroading:models/rolling_stock/locomotives/cp0180/cp0180.obj
[12:51:03] [ImmersiveRailroading-10/WARN]: Unknown material '(null)' in immersiverailroading:models/rolling_stock/locomotives/cp0180/cp0180.obj
[12:51:03] [ImmersiveRailroading-10/WARN]: Unknown material '(null)' in immersiverailroading:models/rolling_stock/locomotives/cp0180/cp0180.obj
[12:51:03] [ImmersiveRailroading-10/WARN]: Unknown material '(null)' in immersiverailroading:models/rolling_stock/locomotives/cp0180/cp0180.obj
[12:51:03] [ImmersiveRailroading-10/WARN]: Unknown material '(null)' in immersiverailroading:models/rolling_stock/locomotives/cp0180/cp0180.obj
[12:51:03] [ImmersiveRailroading-10/WARN]: Unknown material '(null)' in immersiverailroading:models/rolling_stock/locomotives/cp0180/cp0180.obj
[12:51:03] [ImmersiveRailroading-10/WARN]: Unknown material '(null)' in immersiverailroading:models/rolling_stock/locomotives/cp0180/cp0180.obj
[12:51:03] [ImmersiveRailroading-10/WARN]: Unknown material '(null)' in immersiverailroading:models/rolling_stock/locomotives/cp0180/cp0180.obj
[12:51:03] [ImmersiveRailroading-10/WARN]: Unknown material '(null)' in immersiverailroading:models/rolling_stock/locomotives/cp0180/cp0180.obj
[12:51:03] [ImmersiveRailroading-10/WARN]: Unknown material '(null)' in immersiverailroading:models/rolling_stock/locomotives/cp0180/cp0180.obj
[12:51:03] [ImmersiveRailroading-4/INFO]: Loading Models 88% : rolling_stock/locomotives/sbb_abt_npz_do.json
[12:51:03] [ImmersiveRailroading-9/INFO]: [cam72cam.immersiverailroading.registry.DefinitionManager:lambda$initModels$6:253]: GC
[12:51:03] [ImmersiveRailroading-9/INFO]: Loading Models 88% : rolling_stock/locomotives/mgb_hge_4-4_ii.json
[12:51:03] [ImmersiveRailroading-1/INFO]: Generating heightmap rolling_stock/locomotives/tri_dabpbzfa_762.json
[12:51:03] [ImmersiveRailroading-11/INFO]: [cam72cam.immersiverailroading.registry.DefinitionManager:lambda$initModels$6:253]: GC
[12:51:03] [ImmersiveRailroading-11/INFO]: Loading Models 88% : rolling_stock/locomotives/traxx2ns.json
[12:51:03] [ImmersiveRailroading-6/INFO]: Generating heightmap rolling_stock/locomotives/db_br_421-2.json
[12:51:03] [ImmersiveRailroading-0/INFO]: Loading Models 89% : rolling_stock/locomotives/rheincargo_br_185_2.json
[12:51:03] [ImmersiveRailroading-9/INFO]: Generating heightmap rolling_stock/locomotives/tram20001front.json
[12:51:04] [ImmersiveRailroading-7/INFO]: Generating heightmap rolling_stock/locomotives/traxx2mav.json
[12:51:04] [ImmersiveRailroading-10/INFO]: Generating heightmap rolling_stock/locomotives/cp0180.json
[12:51:04] [ImmersiveRailroading-9/INFO]: [cam72cam.immersiverailroading.registry.DefinitionManager:lambda$initModels$6:253]: GC
[12:51:04] [ImmersiveRailroading-9/INFO]: Loading Models 89% : rolling_stock/locomotives/tram20001front.json
[12:51:04] [ImmersiveRailroading-15/INFO]: Generating heightmap rolling_stock/locomotives/trsbbat.json
[12:51:04] [ImmersiveRailroading-6/INFO]: [cam72cam.immersiverailroading.registry.DefinitionManager:lambda$initModels$6:253]: GC
[12:51:07] [ImmersiveRailroading-6/INFO]: Loading Models 89% : rolling_stock/locomotives/db_br_421-2.json
[12:51:07] [ImmersiveRailroading-7/INFO]: Loading Models 89% : rolling_stock/locomotives/traxx2mav.json
[12:51:07] [ImmersiveRailroading-10/INFO]: Loading Models 89% : rolling_stock/locomotives/cp0180.json
[12:51:07] [ImmersiveRailroading-2/INFO]: Generating heightmap rolling_stock/locomotives/cp2600_freight.json
[12:51:07] [ImmersiveRailroading-1/INFO]: [cam72cam.immersiverailroading.registry.DefinitionManager:lambda$initModels$6:253]: GC
[12:51:07] [ImmersiveRailroading-1/INFO]: Loading Models 90% : rolling_stock/locomotives/tri_dabpbzfa_762.json
[12:51:07] [ImmersiveRailroading-13/INFO]: Generating heightmap rolling_stock/locomotives/db_vt_628_mint.json
[12:51:07] [ImmersiveRailroading-4/INFO]: Generating heightmap rolling_stock/locomotives/icbt.json
[12:51:07] [ImmersiveRailroading-11/INFO]: Generating heightmap rolling_stock/locomotives/ns1700.json
[12:51:07] [ImmersiveRailroading-0/INFO]: Generating heightmap rolling_stock/locomotives/traxx2railpool.json
[12:51:07] [ImmersiveRailroading-8/INFO]: Generating heightmap rolling_stock/locomotives/ns_icmm_sbk.json
[12:51:07] [ImmersiveRailroading-12/INFO]: Generating heightmap rolling_stock/passenger/db_bimz_264-ir.json
[12:51:08] [ImmersiveRailroading-3/INFO]: Generating heightmap rolling_stock/locomotives/ns_sng_a2.json
[12:51:08] [ImmersiveRailroading-10/INFO]: Generating heightmap rolling_stock/locomotives/cp1400.json
[12:51:08] [ImmersiveRailroading-2/INFO]: [cam72cam.immersiverailroading.registry.DefinitionManager:lambda$initModels$6:253]: GC
[12:51:08] [ImmersiveRailroading-2/INFO]: Loading Models 90% : rolling_stock/locomotives/cp2600_freight.json
[12:51:08] [ImmersiveRailroading-11/INFO]: Loading Models 90% : rolling_stock/locomotives/ns1700.json
[12:51:08] [ImmersiveRailroading-15/INFO]: Loading Models 90% : rolling_stock/locomotives/trsbbat.json
[12:51:08] [ImmersiveRailroading-0/INFO]: Loading Models 90% : rolling_stock/locomotives/traxx2railpool.json
[12:51:08] [ImmersiveRailroading-10/INFO]: [cam72cam.immersiverailroading.registry.DefinitionManager:lambda$initModels$6:253]: GC
[12:51:08] [ImmersiveRailroading-10/INFO]: Loading Models 90% : rolling_stock/locomotives/cp1400.json
[12:51:08] [ImmersiveRailroading-13/INFO]: Loading Models 91% : rolling_stock/locomotives/db_vt_628_mint.json
[12:51:08] [ImmersiveRailroading-4/INFO]: Loading Models 91% : rolling_stock/locomotives/icbt.json
[12:51:08] [ImmersiveRailroading-11/WARN]: Unknown material 'None' in immersiverailroading:models/rolling_stock/locomotives/ns700/ns700.obj
[12:51:08] [ImmersiveRailroading-11/WARN]: Unknown material 'None' in immersiverailroading:models/rolling_stock/locomotives/ns700/ns700.obj
[12:51:08] [ImmersiveRailroading-11/WARN]: Unknown material 'None' in immersiverailroading:models/rolling_stock/locomotives/ns700/ns700.obj
[12:51:08] [ImmersiveRailroading-11/WARN]: Unknown material 'None' in immersiverailroading:models/rolling_stock/locomotives/ns700/ns700.obj
[12:51:08] [ImmersiveRailroading-11/WARN]: Unknown material 'None' in immersiverailroading:models/rolling_stock/locomotives/ns700/ns700.obj
[12:51:08] [ImmersiveRailroading-11/WARN]: Unknown material 'None' in immersiverailroading:models/rolling_stock/locomotives/ns700/ns700.obj
[12:51:08] [ImmersiveRailroading-11/WARN]: Unknown material 'None' in immersiverailroading:models/rolling_stock/locomotives/ns700/ns700.obj
[12:51:08] [ImmersiveRailroading-11/WARN]: Unknown material 'None' in immersiverailroading:models/rolling_stock/locomotives/ns700/ns700.obj
[12:51:08] [ImmersiveRailroading-11/WARN]: Unknown material 'None' in immersiverailroading:models/rolling_stock/locomotives/ns700/ns700.obj
[12:51:08] [ImmersiveRailroading-11/WARN]: Unknown material 'None' in immersiverailroading:models/rolling_stock/locomotives/ns700/ns700.obj
[12:51:08] [ImmersiveRailroading-11/WARN]: Unknown material 'None' in immersiverailroading:models/rolling_stock/locomotives/ns700/ns700.obj
[12:51:08] [ImmersiveRailroading-11/WARN]: Unknown material 'None' in immersiverailroading:models/rolling_stock/locomotives/ns700/ns700.obj
[12:51:08] [ImmersiveRailroading-5/INFO]: Generating heightmap rolling_stock/locomotives/vectronsbbci_olten.json
[12:51:08] [ImmersiveRailroading-14/INFO]: Generating heightmap rolling_stock/locomotives/db_br_420-8-modernisiert.json
[12:51:08] [ImmersiveRailroading-12/INFO]: [cam72cam.immersiverailroading.registry.DefinitionManager:lambda$initModels$6:253]: GC
[12:51:08] [ImmersiveRailroading-12/INFO]: Loading Models 91% : rolling_stock/passenger/db_bimz_264-ir.json
[12:51:08] [ImmersiveRailroading-11/INFO]: Generating heightmap rolling_stock/locomotives/ns700.json
[12:51:08] [ImmersiveRailroading-8/INFO]: [cam72cam.immersiverailroading.registry.DefinitionManager:lambda$initModels$6:253]: GC
[12:51:08] [ImmersiveRailroading-8/INFO]: Loading Models 91% : rolling_stock/locomotives/ns_icmm_sbk.json
[12:51:08] [ImmersiveRailroading-11/INFO]: Loading Models 91% : rolling_stock/locomotives/ns700.json
[12:51:08] [ImmersiveRailroading-3/INFO]: Loading Models 92% : rolling_stock/locomotives/ns_sng_a2.json
[12:51:09] [ImmersiveRailroading-0/INFO]: Generating heightmap rolling_stock/locomotives/acs.json
[12:51:09] [ImmersiveRailroading-15/INFO]: Generating heightmap rolling_stock/locomotives/sltmabk.json
[12:51:09] [ImmersiveRailroading-10/INFO]: Generating heightmap rolling_stock/locomotives/cp1800.json
[12:51:09] [ImmersiveRailroading-14/INFO]: [cam72cam.immersiverailroading.registry.DefinitionManager:lambda$initModels$6:253]: GC
[12:51:09] [ImmersiveRailroading-14/INFO]: Loading Models 92% : rolling_stock/locomotives/db_br_420-8-modernisiert.json
[12:51:09] [ImmersiveRailroading-0/INFO]: [cam72cam.immersiverailroading.registry.DefinitionManager:lambda$initModels$6:253]: GC
[12:51:09] [ImmersiveRailroading-0/INFO]: Loading Models 92% : rolling_stock/locomotives/acs.json
[12:51:09] [ImmersiveRailroading-5/INFO]: [cam72cam.immersiverailroading.registry.DefinitionManager:lambda$initModels$6:253]: GC
[12:51:09] [ImmersiveRailroading-5/INFO]: Loading Models 92% : rolling_stock/locomotives/vectronsbbci_olten.json
[12:51:09] [ImmersiveRailroading-15/INFO]: [cam72cam.immersiverailroading.registry.DefinitionManager:lambda$initModels$6:253]: GC
[12:51:09] [ImmersiveRailroading-15/INFO]: Loading Models 92% : rolling_stock/locomotives/sltmabk.json
[12:51:09] [ImmersiveRailroading-10/INFO]: [cam72cam.immersiverailroading.registry.DefinitionManager:lambda$initModels$6:253]: GC
[12:51:09] [ImmersiveRailroading-10/INFO]: Loading Models 92% : rolling_stock/locomotives/cp1800.json
[12:51:10] [ImmersiveRailroading-4/INFO]: Generating heightmap rolling_stock/locomotives/icbtmod.json
[12:51:10] [ImmersiveRailroading-11/INFO]: Generating heightmap rolling_stock/locomotives/ns_dh700.json
[12:51:10] [ImmersiveRailroading-0/INFO]: Generating heightmap rolling_stock/locomotives/alco_s-4.json
[12:51:10] [ImmersiveRailroading-11/INFO]: [cam72cam.immersiverailroading.registry.DefinitionManager:lambda$initModels$6:253]: GC
[12:51:10] [ImmersiveRailroading-11/INFO]: Loading Models 93% : rolling_stock/locomotives/ns_dh700.json
[12:51:10] [ImmersiveRailroading-0/INFO]: [cam72cam.immersiverailroading.registry.DefinitionManager:lambda$initModels$6:253]: GC
[12:51:10] [ImmersiveRailroading-0/INFO]: Loading Models 93% : rolling_stock/locomotives/alco_s-4.json
[12:51:10] [ImmersiveRailroading-15/INFO]: Generating heightmap rolling_stock/locomotives/sltmb1.json
[12:51:10] [ImmersiveRailroading-11/INFO]: Generating heightmap rolling_stock/locomotives/ns600.json
[12:51:10] [ImmersiveRailroading-11/INFO]: [cam72cam.immersiverailroading.registry.DefinitionManager:lambda$initModels$6:253]: GC
[12:51:10] [ImmersiveRailroading-11/INFO]: Loading Models 93% : rolling_stock/locomotives/ns600.json
[12:51:11] [ImmersiveRailroading-6/INFO]: Generating heightmap rolling_stock/locomotives/db_br_420-5-pop.json
[12:51:11] [ImmersiveRailroading-15/INFO]: Loading Models 93% : rolling_stock/locomotives/sltmb1.json
[12:51:11] [ImmersiveRailroading-1/INFO]: Generating heightmap rolling_stock/locomotives/db_dbpbzfa_766.json
[12:51:11] [ImmersiveRailroading-2/INFO]: Generating heightmap rolling_stock/locomotives/cp5600.json
[12:51:11] [ImmersiveRailroading-4/INFO]: [cam72cam.immersiverailroading.registry.DefinitionManager:lambda$initModels$6:253]: GC
[12:51:11] [ImmersiveRailroading-4/INFO]: Loading Models 93% : rolling_stock/locomotives/icbtmod.json
[12:51:11] [ImmersiveRailroading-11/INFO]: Generating heightmap rolling_stock/locomotives/rfs101000.json
[12:51:11] [ImmersiveRailroading-3/INFO]: Generating heightmap rolling_stock/locomotives/ns_sng_c.json
[12:51:11] [ImmersiveRailroading-11/INFO]: [cam72cam.immersiverailroading.registry.DefinitionManager:lambda$initModels$6:253]: GC
[12:51:11] [ImmersiveRailroading-11/INFO]: Loading Models 94% : rolling_stock/locomotives/rfs101000.json
[12:51:11] [ImmersiveRailroading-6/INFO]: [cam72cam.immersiverailroading.registry.DefinitionManager:lambda$initModels$6:253]: GC
[12:51:12] [ImmersiveRailroading-6/INFO]: Loading Models 94% : rolling_stock/locomotives/db_br_420-5-pop.json
[12:51:12] [ImmersiveRailroading-0/INFO]: Generating heightmap rolling_stock/locomotives/gtel_3rd_a.json
[12:51:12] [ImmersiveRailroading-13/INFO]: Generating heightmap rolling_stock/locomotives/sob_vt_628.json
[12:51:12] [ImmersiveRailroading-3/INFO]: Loading Models 94% : rolling_stock/locomotives/ns_sng_c.json
[12:51:12] [ImmersiveRailroading-3/ERROR]: Error loading model rolling_stock/locomotives/snga1.json of type locomotives
[12:51:12] [ImmersiveRailroading-3/ERROR]: Exception
net.minecraft.util.ResourceLocationException: Non [a-z0-9/._-] character in path of location: minecraft:sounds/ns/sngbell(real).ogg
	at net.minecraft.util.ResourceLocation.<init>(ResourceLocation.java:33) ~[?:?]
	at net.minecraft.util.ResourceLocation.<init>(ResourceLocation.java:38) ~[?:?]
	at cam72cam.mod.resource.Identifier.<init>(Identifier.java:25) ~[?:1.2.3-012a521]
	at cam72cam.immersiverailroading.util.DataBlock$Value.asIdentifier(DataBlock.java:68) ~[?:1.16.5-forge-1.10.0-2742641]
	at cam72cam.immersiverailroading.registry.EntityRollingStockDefinition$SoundDefinition.getOrDefault(EntityRollingStockDefinition.java:164) ~[?:1.16.5-forge-1.10.0-2742641]
	at cam72cam.immersiverailroading.registry.LocomotiveDefinition.loadData(LocomotiveDefinition.java:99) ~[?:1.16.5-forge-1.10.0-2742641]
	at cam72cam.immersiverailroading.registry.LocomotiveDieselDefinition.loadData(LocomotiveDieselDefinition.java:45) ~[?:1.16.5-forge-1.10.0-2742641]
	at cam72cam.immersiverailroading.registry.EntityRollingStockDefinition.<init>(EntityRollingStockDefinition.java:336) ~[?:1.16.5-forge-1.10.0-2742641]
	at cam72cam.immersiverailroading.registry.FreightDefinition.<init>(FreightDefinition.java:13) ~[?:1.16.5-forge-1.10.0-2742641]
	at cam72cam.immersiverailroading.registry.LocomotiveDefinition.<init>(LocomotiveDefinition.java:40) ~[?:1.16.5-forge-1.10.0-2742641]
	at cam72cam.immersiverailroading.registry.LocomotiveDieselDefinition.<init>(LocomotiveDieselDefinition.java:35) ~[?:1.16.5-forge-1.10.0-2742641]
	at cam72cam.immersiverailroading.registry.DefinitionManager.lambda$static$0(DefinitionManager.java:43) ~[?:1.16.5-forge-1.10.0-2742641]
	at cam72cam.immersiverailroading.registry.DefinitionManager$$Lambda$4891/331252157.apply(Unknown Source) ~[?:?]
	at cam72cam.immersiverailroading.registry.DefinitionManager.lambda$initModels$6(DefinitionManager.java:249) [?:1.16.5-forge-1.10.0-2742641]
	at cam72cam.immersiverailroading.registry.DefinitionManager$$Lambda$4934/1864481536.apply(Unknown Source) [?:1.16.5-forge-1.10.0-2742641]
	at java.util.stream.ReferencePipeline$3$1.accept(ReferencePipeline.java:193) [?:1.8.0_51]
	at java.util.Spliterators$ArraySpliterator.forEachRemaining(Spliterators.java:948) [?:1.8.0_51]
	at java.util.stream.AbstractPipeline.copyInto(AbstractPipeline.java:512) [?:1.8.0_51]
	at java.util.stream.AbstractPipeline.wrapAndCopyInto(AbstractPipeline.java:502) [?:1.8.0_51]
	at java.util.stream.ReduceOps$ReduceTask.doLeaf(ReduceOps.java:747) [?:1.8.0_51]
	at java.util.stream.ReduceOps$ReduceTask.doLeaf(ReduceOps.java:721) [?:1.8.0_51]
	at java.util.stream.AbstractTask.compute(AbstractTask.java:316) [?:1.8.0_51]
	at java.util.concurrent.CountedCompleter.exec(CountedCompleter.java:731) [?:1.8.0_51]
	at java.util.concurrent.ForkJoinTask.doExec(ForkJoinTask.java:289) [?:1.8.0_51]
	at java.util.concurrent.ForkJoinPool$WorkQueue.runTask(ForkJoinPool.java:1056) [?:1.8.0_51]
	at java.util.concurrent.ForkJoinPool.runWorker(ForkJoinPool.java:1689) [?:1.8.0_51]
	at java.util.concurrent.ForkJoinWorkerThread.run(ForkJoinWorkerThread.java:157) [?:1.8.0_51]
[12:51:12] [ImmersiveRailroading-3/INFO]: Loading Models 94% : rolling_stock/locomotives/snga1.json
[12:51:13] [ImmersiveRailroading-2/INFO]: Loading Models 94% : rolling_stock/locomotives/cp5600.json
[12:51:13] [ImmersiveRailroading-3/ERROR]: Error loading model rolling_stock/locomotives/sngb2.json of type locomotives
[12:51:13] [ImmersiveRailroading-3/ERROR]: Exception
net.minecraft.util.ResourceLocationException: Non [a-z0-9/._-] character in path of location: minecraft:sounds/ns/sngbell(real).ogg
	at net.minecraft.util.ResourceLocation.<init>(ResourceLocation.java:33) ~[?:?]
	at net.minecraft.util.ResourceLocation.<init>(ResourceLocation.java:38) ~[?:?]
	at cam72cam.mod.resource.Identifier.<init>(Identifier.java:25) ~[?:1.2.3-012a521]
	at cam72cam.immersiverailroading.util.DataBlock$Value.asIdentifier(DataBlock.java:68) ~[?:1.16.5-forge-1.10.0-2742641]
	at cam72cam.immersiverailroading.registry.EntityRollingStockDefinition$SoundDefinition.getOrDefault(EntityRollingStockDefinition.java:164) ~[?:1.16.5-forge-1.10.0-2742641]
	at cam72cam.immersiverailroading.registry.LocomotiveDefinition.loadData(LocomotiveDefinition.java:99) ~[?:1.16.5-forge-1.10.0-2742641]
	at cam72cam.immersiverailroading.registry.LocomotiveDieselDefinition.loadData(LocomotiveDieselDefinition.java:45) ~[?:1.16.5-forge-1.10.0-2742641]
	at cam72cam.immersiverailroading.registry.EntityRollingStockDefinition.<init>(EntityRollingStockDefinition.java:336) ~[?:1.16.5-forge-1.10.0-2742641]
	at cam72cam.immersiverailroading.registry.FreightDefinition.<init>(FreightDefinition.java:13) ~[?:1.16.5-forge-1.10.0-2742641]
	at cam72cam.immersiverailroading.registry.LocomotiveDefinition.<init>(LocomotiveDefinition.java:40) ~[?:1.16.5-forge-1.10.0-2742641]
	at cam72cam.immersiverailroading.registry.LocomotiveDieselDefinition.<init>(LocomotiveDieselDefinition.java:35) ~[?:1.16.5-forge-1.10.0-2742641]
	at cam72cam.immersiverailroading.registry.DefinitionManager.lambda$static$0(DefinitionManager.java:43) ~[?:1.16.5-forge-1.10.0-2742641]
	at cam72cam.immersiverailroading.registry.DefinitionManager$$Lambda$4891/331252157.apply(Unknown Source) ~[?:?]
	at cam72cam.immersiverailroading.registry.DefinitionManager.lambda$initModels$6(DefinitionManager.java:249) [?:1.16.5-forge-1.10.0-2742641]
	at cam72cam.immersiverailroading.registry.DefinitionManager$$Lambda$4934/1864481536.apply(Unknown Source) [?:1.16.5-forge-1.10.0-2742641]
	at java.util.stream.ReferencePipeline$3$1.accept(ReferencePipeline.java:193) [?:1.8.0_51]
	at java.util.Spliterators$ArraySpliterator.forEachRemaining(Spliterators.java:948) [?:1.8.0_51]
	at java.util.stream.AbstractPipeline.copyInto(AbstractPipeline.java:512) [?:1.8.0_51]
	at java.util.stream.AbstractPipeline.wrapAndCopyInto(AbstractPipeline.java:502) [?:1.8.0_51]
	at java.util.stream.ReduceOps$ReduceTask.doLeaf(ReduceOps.java:747) [?:1.8.0_51]
	at java.util.stream.ReduceOps$ReduceTask.doLeaf(ReduceOps.java:721) [?:1.8.0_51]
	at java.util.stream.AbstractTask.compute(AbstractTask.java:316) [?:1.8.0_51]
	at java.util.concurrent.CountedCompleter.exec(CountedCompleter.java:731) [?:1.8.0_51]
	at java.util.concurrent.ForkJoinTask.doExec(ForkJoinTask.java:289) [?:1.8.0_51]
	at java.util.concurrent.ForkJoinPool$WorkQueue.runTask(ForkJoinPool.java:1056) [?:1.8.0_51]
	at java.util.concurrent.ForkJoinPool.runWorker(ForkJoinPool.java:1689) [?:1.8.0_51]
	at java.util.concurrent.ForkJoinWorkerThread.run(ForkJoinWorkerThread.java:157) [?:1.8.0_51]
[12:51:13] [ImmersiveRailroading-3/INFO]: Loading Models 94% : rolling_stock/locomotives/sngb2.json
[12:51:13] [ImmersiveRailroading-8/INFO]: Generating heightmap rolling_stock/locomotives/ns_icmm_mb.json
[12:51:13] [ImmersiveRailroading-10/INFO]: Generating heightmap rolling_stock/locomotives/cp2600.json
[12:51:13] [ImmersiveRailroading-12/INFO]: Generating heightmap rolling_stock/passenger/db_bdms_273-ob.json
[12:51:13] [ImmersiveRailroading-2/INFO]: Generating heightmap rolling_stock/locomotives/sbb_tm_234_crane.json
[12:51:13] [ImmersiveRailroading-0/INFO]: [cam72cam.immersiverailroading.registry.DefinitionManager:lambda$initModels$6:253]: GC
[12:51:13] [ImmersiveRailroading-0/INFO]: Loading Models 95% : rolling_stock/locomotives/gtel_3rd_a.json
[12:51:13] [ImmersiveRailroading-5/INFO]: Generating heightmap rolling_stock/locomotives/vectronsbbci_rotterdam.json
[12:51:13] [ImmersiveRailroading-2/INFO]: Loading Models 95% : rolling_stock/locomotives/sbb_tm_234_crane.json
[12:51:13] [ImmersiveRailroading-1/INFO]: Loading Models 95% : rolling_stock/locomotives/db_dbpbzfa_766.json
[12:51:13] [ImmersiveRailroading-13/INFO]: [cam72cam.immersiverailroading.registry.DefinitionManager:lambda$initModels$6:253]: GC
[12:51:13] [ImmersiveRailroading-13/INFO]: Loading Models 95% : rolling_stock/locomotives/sob_vt_628.json
[12:51:13] [ImmersiveRailroading-10/INFO]: Loading Models 95% : rolling_stock/locomotives/cp2600.json
[12:51:13] [ImmersiveRailroading-12/INFO]: Loading Models 96% : rolling_stock/passenger/db_bdms_273-ob.json
[12:51:13] [ImmersiveRailroading-3/INFO]: Generating heightmap rolling_stock/locomotives/sngc1.json
[12:51:13] [ImmersiveRailroading-14/INFO]: Generating heightmap rolling_stock/locomotives/db_br_421-8-modernisiert.json
[12:51:13] [ImmersiveRailroading-8/INFO]: [cam72cam.immersiverailroading.registry.DefinitionManager:lambda$initModels$6:253]: GC
[12:51:13] [ImmersiveRailroading-8/INFO]: Loading Models 96% : rolling_stock/locomotives/ns_icmm_mb.json
[12:51:13] [ImmersiveRailroading-1/INFO]: Generating heightmap rolling_stock/locomotives/dabbuzfa.json
[12:51:13] [ImmersiveRailroading-5/INFO]: Loading Models 96% : rolling_stock/locomotives/vectronsbbci_rotterdam.json
[12:51:14] [ImmersiveRailroading-3/INFO]: [cam72cam.immersiverailroading.registry.DefinitionManager:lambda$initModels$6:253]: GC
[12:51:14] [ImmersiveRailroading-3/INFO]: Loading Models 96% : rolling_stock/locomotives/sngc1.json
[12:51:14] [ImmersiveRailroading-1/INFO]: Loading Models 96% : rolling_stock/locomotives/dabbuzfa.json
[12:51:14] [ImmersiveRailroading-4/INFO]: Generating heightmap rolling_stock/locomotives/sbb_ic2000_bt.json
[12:51:14] [ImmersiveRailroading-2/INFO]: Generating heightmap rolling_stock/locomotives/re420swissex.json
[12:51:14] [ImmersiveRailroading-14/INFO]: Loading Models 96% : rolling_stock/locomotives/db_br_421-8-modernisiert.json
[12:51:14] [ImmersiveRailroading-2/INFO]: [cam72cam.immersiverailroading.registry.DefinitionManager:lambda$initModels$6:253]: GC
[12:51:14] [ImmersiveRailroading-2/INFO]: Loading Models 97% : rolling_stock/locomotives/re420swissex.json
[12:51:14] [ImmersiveRailroading-4/INFO]: [cam72cam.immersiverailroading.registry.DefinitionManager:lambda$initModels$6:253]: GC
[12:51:14] [ImmersiveRailroading-4/INFO]: Loading Models 97% : rolling_stock/locomotives/sbb_ic2000_bt.json
[12:51:14] [ImmersiveRailroading-8/INFO]: Generating heightmap rolling_stock/locomotives/icmmmbfk.json
[12:51:15] [ImmersiveRailroading-6/INFO]: Generating heightmap rolling_stock/locomotives/db_br_421-5-pop.json
[12:51:15] [ImmersiveRailroading-8/INFO]: [cam72cam.immersiverailroading.registry.DefinitionManager:lambda$initModels$6:253]: GC
[12:51:15] [ImmersiveRailroading-8/INFO]: Loading Models 97% : rolling_stock/locomotives/icmmmbfk.json
[12:51:15] [ImmersiveRailroading-13/INFO]: Generating heightmap rolling_stock/locomotives/db_vs_928_mint.json
[12:51:15] [ImmersiveRailroading-2/INFO]: Generating heightmap rolling_stock/locomotives/re420sbbgreen.json
[12:51:15] [ImmersiveRailroading-6/INFO]: Loading Models 97% : rolling_stock/locomotives/db_br_421-5-pop.json
[12:51:15] [ImmersiveRailroading-5/INFO]: Generating heightmap rolling_stock/locomotives/vectronsbbci_xload.json
[12:51:15] [ImmersiveRailroading-2/INFO]: [cam72cam.immersiverailroading.registry.DefinitionManager:lambda$initModels$6:253]: GC
[12:51:15] [ImmersiveRailroading-2/INFO]: Loading Models 97% : rolling_stock/locomotives/re420sbbgreen.json
[12:51:15] [ImmersiveRailroading-13/INFO]: Loading Models 98% : rolling_stock/locomotives/db_vs_928_mint.json
[12:51:15] [ImmersiveRailroading-5/INFO]: Loading Models 98% : rolling_stock/locomotives/vectronsbbci_xload.json
[12:51:16] [ImmersiveRailroading-2/INFO]: Generating heightmap rolling_stock/locomotives/re420sbb.json
[12:51:16] [ImmersiveRailroading-14/INFO]: Generating heightmap rolling_stock/locomotives/db_br_1462-0.json
[12:51:16] [ImmersiveRailroading-2/INFO]: [cam72cam.immersiverailroading.registry.DefinitionManager:lambda$initModels$6:253]: GC
[12:51:16] [ImmersiveRailroading-2/INFO]: Loading Models 98% : rolling_stock/locomotives/re420sbb.json
[12:51:16] [ImmersiveRailroading-14/INFO]: [cam72cam.immersiverailroading.registry.DefinitionManager:lambda$initModels$6:253]: GC
[12:51:16] [ImmersiveRailroading-14/INFO]: Loading Models 98% : rolling_stock/locomotives/db_br_1462-0.json
[12:51:17] [ImmersiveRailroading-2/INFO]: Generating heightmap rolling_stock/locomotives/re421cargo.json
[12:51:17] [ImmersiveRailroading-5/INFO]: Generating heightmap rolling_stock/locomotives/sob_flirt3_1.json
[12:51:17] [ImmersiveRailroading-13/INFO]: Generating heightmap rolling_stock/locomotives/sob_vs_928.json
[12:51:17] [ImmersiveRailroading-2/INFO]: [cam72cam.immersiverailroading.registry.DefinitionManager:lambda$initModels$6:253]: GC
[12:51:17] [ImmersiveRailroading-2/INFO]: Loading Models 98% : rolling_stock/locomotives/re421cargo.json
[12:51:17] [ImmersiveRailroading-5/INFO]: Loading Models 98% : rolling_stock/locomotives/sob_flirt3_1.json
[12:51:17] [ImmersiveRailroading-13/INFO]: Loading Models 99% : rolling_stock/locomotives/sob_vs_928.json
[12:51:17] [ImmersiveRailroading-2/INFO]: Generating heightmap rolling_stock/locomotives/re420lion.json
[12:51:17] [ImmersiveRailroading-2/INFO]: [cam72cam.immersiverailroading.registry.DefinitionManager:lambda$initModels$6:253]: GC
[12:51:17] [ImmersiveRailroading-2/INFO]: Loading Models 99% : rolling_stock/locomotives/re420lion.json
[12:51:18] [ImmersiveRailroading-5/INFO]: Generating heightmap rolling_stock/locomotives/sob_flirt3_4.json
[12:51:18] [ImmersiveRailroading-13/ERROR]: Error loading model rolling_stock/locomotives/neg_vt_505.json of type locomotives
[12:51:18] [ImmersiveRailroading-13/ERROR]: Exception
java.io.FileNotFoundException: immersiverailroading:models/rolling_stock/locomotives/sob_vt_628/vt_628_dfl.anim
	at cam72cam.mod.resource.Data$DataProxy.getResourceStream(Data.java:47) ~[?:1.2.3-012a521]
	at cam72cam.mod.resource.Data$DataProxy.getResourceStream(Data.java:53) ~[?:1.2.3-012a521]
	at cam72cam.mod.resource.Identifier.getResourceStream(Identifier.java:93) ~[?:1.2.3-012a521]
	at cam72cam.immersiverailroading.model.animation.StockAnimation.<init>(StockAnimation.java:27) ~[?:1.16.5-forge-1.10.0-2742641]
	at cam72cam.immersiverailroading.model.StockModel.<init>(StockModel.java:122) ~[?:1.16.5-forge-1.10.0-2742641]
	at cam72cam.immersiverailroading.model.FreightModel.<init>(FreightModel.java:23) ~[?:1.16.5-forge-1.10.0-2742641]
	at cam72cam.immersiverailroading.model.FreightTankModel.<init>(FreightTankModel.java:11) ~[?:1.16.5-forge-1.10.0-2742641]
	at cam72cam.immersiverailroading.model.LocomotiveModel.<init>(LocomotiveModel.java:48) ~[?:1.16.5-forge-1.10.0-2742641]
	at cam72cam.immersiverailroading.model.DieselLocomotiveModel.<init>(DieselLocomotiveModel.java:28) ~[?:1.16.5-forge-1.10.0-2742641]
	at cam72cam.immersiverailroading.registry.LocomotiveDieselDefinition.createModel(LocomotiveDieselDefinition.java:95) ~[?:1.16.5-forge-1.10.0-2742641]
	at cam72cam.immersiverailroading.registry.EntityRollingStockDefinition.<init>(EntityRollingStockDefinition.java:338) ~[?:1.16.5-forge-1.10.0-2742641]
	at cam72cam.immersiverailroading.registry.FreightDefinition.<init>(FreightDefinition.java:13) ~[?:1.16.5-forge-1.10.0-2742641]
	at cam72cam.immersiverailroading.registry.LocomotiveDefinition.<init>(LocomotiveDefinition.java:40) ~[?:1.16.5-forge-1.10.0-2742641]
	at cam72cam.immersiverailroading.registry.LocomotiveDieselDefinition.<init>(LocomotiveDieselDefinition.java:35) ~[?:1.16.5-forge-1.10.0-2742641]
	at cam72cam.immersiverailroading.registry.DefinitionManager.lambda$static$0(DefinitionManager.java:43) ~[?:1.16.5-forge-1.10.0-2742641]
	at cam72cam.immersiverailroading.registry.DefinitionManager$$Lambda$4891/331252157.apply(Unknown Source) ~[?:?]
	at cam72cam.immersiverailroading.registry.DefinitionManager.lambda$initModels$6(DefinitionManager.java:249) [?:1.16.5-forge-1.10.0-2742641]
	at cam72cam.immersiverailroading.registry.DefinitionManager$$Lambda$4934/1864481536.apply(Unknown Source) [?:1.16.5-forge-1.10.0-2742641]
	at java.util.stream.ReferencePipeline$3$1.accept(ReferencePipeline.java:193) [?:1.8.0_51]
	at java.util.Spliterators$ArraySpliterator.forEachRemaining(Spliterators.java:948) [?:1.8.0_51]
	at java.util.stream.AbstractPipeline.copyInto(AbstractPipeline.java:512) [?:1.8.0_51]
	at java.util.stream.AbstractPipeline.wrapAndCopyInto(AbstractPipeline.java:502) [?:1.8.0_51]
	at java.util.stream.ReduceOps$ReduceTask.doLeaf(ReduceOps.java:747) [?:1.8.0_51]
	at java.util.stream.ReduceOps$ReduceTask.doLeaf(ReduceOps.java:721) [?:1.8.0_51]
	at java.util.stream.AbstractTask.compute(AbstractTask.java:316) [?:1.8.0_51]
	at java.util.concurrent.CountedCompleter.exec(CountedCompleter.java:731) [?:1.8.0_51]
	at java.util.concurrent.ForkJoinTask.doExec(ForkJoinTask.java:289) [?:1.8.0_51]
	at java.util.concurrent.ForkJoinPool$WorkQueue.runTask(ForkJoinPool.java:1056) [?:1.8.0_51]
	at java.util.concurrent.ForkJoinPool.runWorker(ForkJoinPool.java:1689) [?:1.8.0_51]
	at java.util.concurrent.ForkJoinWorkerThread.run(ForkJoinWorkerThread.java:157) [?:1.8.0_51]
[12:51:18] [ImmersiveRailroading-13/INFO]: Loading Models 99% : rolling_stock/locomotives/neg_vt_505.json
[12:51:18] [ImmersiveRailroading-2/INFO]: Generating heightmap rolling_stock/locomotives/re420bls.json
[12:51:18] [ImmersiveRailroading-2/INFO]: [cam72cam.immersiverailroading.registry.DefinitionManager:lambda$initModels$6:253]: GC
[12:51:18] [ImmersiveRailroading-2/INFO]: Loading Models 99% : rolling_stock/locomotives/re420bls.json
[12:51:18] [ImmersiveRailroading-5/INFO]: Loading Models 99% : rolling_stock/locomotives/sob_flirt3_4.json
[12:51:19] [ImmersiveRailroading-5/INFO]: Generating heightmap rolling_stock/locomotives/sob_traverso_1.json
[12:51:19] [ImmersiveRailroading-5/INFO]: [cam72cam.immersiverailroading.registry.DefinitionManager:lambda$initModels$6:253]: GC
[12:51:19] [ImmersiveRailroading-5/INFO]: Loading Models 100% : rolling_stock/locomotives/sob_traverso_1.json
[12:51:19] [Worker-Main-14/INFO]: Loading tracks.
[12:51:19] [Worker-Main-14/INFO]: Loading Tracks 33% : default
[12:51:19] [Worker-Main-14/INFO]: Loading Tracks 66% : concrete
[12:51:19] [Worker-Main-14/INFO]: Loading Tracks 100% : railsonly
[12:51:19] [Worker-Main-14/INFO]: Loading Tracks 3% : voxel-wood-track
[12:51:19] [Worker-Main-14/INFO]: Loading Tracks 6% : voxel-wood-track-oil
[12:51:19] [Worker-Main-14/INFO]: Loading Tracks 9% : voxel-wood-track-dirt
[12:51:19] [Worker-Main-14/INFO]: Loading Tracks 12% : voxel-wood-track-aban
[12:51:20] [Worker-Main-14/INFO]: Loading Tracks 15% : voxel-ballastless-wood-track
[12:51:20] [Worker-Main-14/INFO]: Loading Tracks 18% : voxel-ballastless-wood-track-aban
[12:51:20] [Worker-Main-14/INFO]: Loading Tracks 21% : voxel-concrete-track-new
[12:51:20] [Worker-Main-14/INFO]: Loading Tracks 25% : voxel-concrete-track
[12:51:20] [Worker-Main-14/INFO]: Loading Tracks 28% : voxel-concrete-track-oil
[12:51:20] [Worker-Main-14/INFO]: Loading Tracks 31% : voxel-ballastless-concrete-track
[12:51:20] [Worker-Main-14/INFO]: Loading Tracks 34% : voxel-rails-only-track
[12:51:20] [Worker-Main-14/INFO]: Loading Tracks 37% : voxel-rails-only-track-oil
[12:51:20] [Worker-Main-14/INFO]: Loading Tracks 40% : voxel-rails-only-track-aban
[12:51:20] [Worker-Main-14/INFO]: Loading Tracks 43% : voxel-low-profile-track
[12:51:20] [Worker-Main-14/INFO]: Loading Tracks 46% : voxel_concrete_channel_track_new
[12:51:20] [Worker-Main-14/INFO]: Loading Tracks 50% : voxel_concrete_channel_track
[12:51:20] [Worker-Main-14/INFO]: Loading Tracks 53% : voxel_concrete_channel_track_rust
[12:51:20] [Worker-Main-14/INFO]: Loading Tracks 56% : voxel-concreted-track-l-channel
[12:51:20] [Worker-Main-14/INFO]: Loading Tracks 59% : voxel-wood-3rd-rail-right
[12:51:20] [Worker-Main-14/INFO]: Loading Tracks 62% : voxel-wood-3rd-rail-left
[12:51:20] [Worker-Main-14/INFO]: Loading Tracks 65% : voxel-concrete-3rd-rail-right
[12:51:20] [Worker-Main-14/INFO]: Loading Tracks 68% : voxel-concrete-3rd-rail-left
[12:51:20] [Worker-Main-14/INFO]: Loading Tracks 71% : voxel-meter-wood
[12:51:20] [Worker-Main-14/INFO]: Loading Tracks 75% : voxel-meter-wood-oil
[12:51:20] [Worker-Main-14/INFO]: Loading Tracks 78% : voxel-meter-wood-dirt
[12:51:20] [Worker-Main-14/INFO]: Loading Tracks 81% : voxel-meter-wood-aban
[12:51:20] [Worker-Main-14/INFO]: Loading Tracks 84% : voxel-meter-concrete
[12:51:20] [Worker-Main-14/INFO]: Loading Tracks 87% : voxel-meter-concrete-oil
[12:51:20] [Worker-Main-14/INFO]: Loading Tracks 90% : voxel-meter-rails-only
[12:51:20] [Worker-Main-14/INFO]: Loading Tracks 93% : voxel-meter-rails-only-aban
[12:51:20] [Worker-Main-14/INFO]: Loading Tracks 96% : voxel-meter-low-profile
[12:51:20] [Worker-Main-14/INFO]: Loading Tracks 100% : voxel-transrapid-track
[12:51:20] [Worker-Main-14/INFO]: Loading Tracks 33% : default
[12:51:20] [Worker-Main-14/INFO]: Loading Tracks 66% : concrete
[12:51:20] [Worker-Main-14/INFO]: Loading Tracks 100% : railsonly
[12:51:20] [Worker-Main-14/WARN]: RollingStock db_br_420-2_pop of consist DB BR 420 2.Bauserie Pop-Lackierung doesn't exist, this stock will be skipped!
[12:51:20] [Worker-Main-14/WARN]: RollingStock db_br_421-2_pop of consist DB BR 420 2.Bauserie Pop-Lackierung doesn't exist, this stock will be skipped!
[12:51:20] [Worker-Main-14/WARN]: RollingStock db_br_420-2_pop of consist DB BR 420 2.Bauserie Pop-Lackierung doesn't exist, this stock will be skipped!
[12:51:20] [Worker-Main-14/WARN]: RollingStock db_br_420-5_pop of consist DB BR 420 5.Bauserie Pop-Lackierung doesn't exist, this stock will be skipped!
[12:51:20] [Worker-Main-14/WARN]: RollingStock db_br_421-5_pop of consist DB BR 420 5.Bauserie Pop-Lackierung doesn't exist, this stock will be skipped!
[12:51:20] [Worker-Main-14/WARN]: RollingStock db_br_420-5_pop of consist DB BR 420 5.Bauserie Pop-Lackierung doesn't exist, this stock will be skipped!
[12:51:20] [Worker-Main-14/WARN]: RollingStock db_br_420-8_modernized of consist S-Bahn Muenchen BR420 8.Bauserie Modernisiert doesn't exist, this stock will be skipped!
[12:51:20] [Worker-Main-14/WARN]: RollingStock db_br_421-8_modernized of consist S-Bahn Muenchen BR420 8.Bauserie Modernisiert doesn't exist, this stock will be skipped!
[12:51:20] [Worker-Main-14/WARN]: RollingStock db_br_420-8_modernized of consist S-Bahn Muenchen BR420 8.Bauserie Modernisiert doesn't exist, this stock will be skipped!
[12:51:20] [Worker-Main-18/INFO]: Transforming method: cubeInFrustum net.minecraft.client.renderer.culling.ClippingHelper
[12:51:20] [main/INFO]: ItemRollingStock Icon 0% : immersiverailroading:rolling_stock/locomotives/a1_peppercorn.json_f2c174096484b2206df156cc582dcd7c_
[12:51:20] [main/INFO]: ItemRollingStock Icon 0% : immersiverailroading:rolling_stock/locomotives/big_boy.json_fa8bc5f648b241bbf63391a1c9de9123_
[12:51:20] [main/INFO]: ItemRollingStock Icon 0% : immersiverailroading:rolling_stock/locomotives/k4_pacific.json_e15589e7f49eb33a18e0fe4de0501e9e_
[12:51:20] [main/INFO]: ItemRollingStock Icon 0% : immersiverailroading:rolling_stock/locomotives/e6_atlantic.json_ef92ffa09d5c2d5409d64cf0e4847b49_
[12:51:20] [main/INFO]: ItemRollingStock Icon 0% : immersiverailroading:rolling_stock/locomotives/a5_switcher.json_697f2dbc9ea2a4a1acd97ec263c656fd_
[12:51:20] [main/INFO]: ItemRollingStock Icon 1% : immersiverailroading:rolling_stock/locomotives/class_38.json_72126232383e8df7086834a54b9b5a34_
[12:51:20] [main/INFO]: ItemRollingStock Icon 1% : immersiverailroading:rolling_stock/locomotives/rodgers_460.json_6e7839f6222021ade2f0689a6109b567_
[12:51:20] [main/INFO]: ItemRollingStock Icon 1% : immersiverailroading:rolling_stock/locomotives/skookum.json_0b95a7cfb7d4043619a27d0f874541d9_
[12:51:20] [main/INFO]: ItemRollingStock Icon 1% : immersiverailroading:rolling_stock/locomotives/br01.json_1cdaaae34a38494b828da6e6f880cb8e_
[12:51:20] [main/INFO]: ItemRollingStock Icon 1% : immersiverailroading:rolling_stock/locomotives/cooke_mogul.json_897801e63d81d82ccb2e9127db14cd7d_
[12:51:20] [main/INFO]: ItemRollingStock Icon 2% : immersiverailroading:rolling_stock/locomotives/k36.json_77b56cec1e9c8cbd82056c734ca39464_
[12:51:20] [main/INFO]: ItemRollingStock Icon 2% : immersiverailroading:rolling_stock/locomotives/firefly.json_49fa01a630b70ec7d5b6073f5638d70f_
[12:51:20] [main/INFO]: ItemRollingStock Icon 2% : immersiverailroading:rolling_stock/locomotives/iron_duke.json_b940f3959b06fd88dfc9996e7f280924_
[12:51:20] [main/INFO]: ItemRollingStock Icon 2% : immersiverailroading:rolling_stock/locomotives/ge_40_ton_boxcab.json_155ed2f023e968ace477d5cfebc15218_
[12:51:20] [main/INFO]: ItemRollingStock Icon 2% : immersiverailroading:rolling_stock/locomotives/ge_b40_8.json_fcd07e7973c2a63228e3af7194c413b4_
[12:51:20] [main/INFO]: ItemRollingStock Icon 3% : immersiverailroading:rolling_stock/locomotives/ge_b40_8w.json_e88314d47d4dab435842c4ab24578f0c_
[12:51:20] [main/INFO]: ItemRollingStock Icon 3% : immersiverailroading:rolling_stock/locomotives/ge_c44_9cw.json_09501d40aa8e3ff139cb916ba849c054_
[12:51:20] [main/INFO]: ItemRollingStock Icon 3% : immersiverailroading:rolling_stock/locomotives/emd_sd40-2.json_883eb3d21b5f33cf2d48dc2df0e74fa4_
[12:51:20] [main/INFO]: ItemRollingStock Icon 3% : immersiverailroading:rolling_stock/locomotives/emd_sw1500.json_a11478b844df7de82fc26588c8fc9358_
[12:51:20] [main/INFO]: ItemRollingStock Icon 3% : immersiverailroading:rolling_stock/locomotives/alco_rs1.json_c5ecd7eaee55206ee974bcefcfb87502_
[12:51:20] [main/INFO]: ItemRollingStock Icon 4% : immersiverailroading:rolling_stock/tender/a1_peppercorn_tender.json_4d02c5b68d146fc982d55d6ed3db2129_
[12:51:20] [main/INFO]: ItemRollingStock Icon 4% : immersiverailroading:rolling_stock/tender/big_boy_tender.json_c92de1a562abb9ea41ab4e8edb3e2b2e_
[12:51:20] [main/INFO]: ItemRollingStock Icon 4% : immersiverailroading:rolling_stock/tender/k4_tender.json_8896cf982ad945a73813cec4bf9148dd_
[12:51:20] [main/INFO]: ItemRollingStock Icon 4% : immersiverailroading:rolling_stock/tender/e6_tender.json_289c16d889ebfbf3931b828b8629fc91_
[12:51:20] [main/INFO]: ItemRollingStock Icon 4% : immersiverailroading:rolling_stock/tender/a5_tender.json_ea955ad3cafa023d69f0db57c63672b9_
[12:51:20] [main/INFO]: ItemRollingStock Icon 5% : immersiverailroading:rolling_stock/tender/class_38_tender.json_7e8e921fb2cd5a54557226510490aaed_
[12:51:20] [main/INFO]: ItemRollingStock Icon 5% : immersiverailroading:rolling_stock/tender/rodgers_460_tender.json_0d5d88f4797b513d966b59a0895f044e_
[12:51:20] [main/INFO]: ItemRollingStock Icon 5% : immersiverailroading:rolling_stock/tender/skookum_tender.json_e74209419ed5df640116cd24a14cde78_
[12:51:20] [main/INFO]: ItemRollingStock Icon 5% : immersiverailroading:rolling_stock/tender/br01_tender.json_de5312fc65ef4890b8a7ed38a7ef76e7_
[12:51:20] [main/INFO]: ItemRollingStock Icon 5% : immersiverailroading:rolling_stock/tender/cooke_tender.json_0aa15b24058c583bc731e2a5eead6cbc_
[12:51:20] [main/INFO]: ItemRollingStock Icon 6% : immersiverailroading:rolling_stock/tender/k36_tender.json_4554a58ec748fcf9dbc4c676e366b15d_
[12:51:20] [main/INFO]: ItemRollingStock Icon 6% : immersiverailroading:rolling_stock/passenger/br_coach_mk1.json_9ac5f89f3e6e137deb4c632d6362de11_
[12:51:20] [main/INFO]: ItemRollingStock Icon 6% : immersiverailroading:rolling_stock/passenger/b70baggage.json_c3fc18f51481959e3fbb6fe69eeb75b0_
[12:51:20] [main/INFO]: ItemRollingStock Icon 6% : immersiverailroading:rolling_stock/passenger/p70coach1.json_6d32c14327de70b50ec110dbb7418b0e_
[12:51:20] [main/INFO]: ItemRollingStock Icon 6% : immersiverailroading:rolling_stock/freight/boxcar_x26.json_b9d6482f9672898e5b6936d1cc47bb28_
[12:51:20] [main/INFO]: ItemRollingStock Icon 7% : immersiverailroading:rolling_stock/freight/usra_boxcar_classrr40.json_13fa9fd24f7eb222fa7d442e6e3637ea_
[12:51:20] [main/INFO]: ItemRollingStock Icon 7% : immersiverailroading:rolling_stock/freight/70t_hopper_slsf.json_0aaeb2a801e84bc91e4351658dcff6ce_
[12:51:20] [main/INFO]: ItemRollingStock Icon 7% : immersiverailroading:rolling_stock/freight/attx_flatcar_1.json_20c1d1b12eb6c5b9a0d513177ee85a09_
[12:51:21] [main/INFO]: ItemRollingStock Icon 7% : immersiverailroading:rolling_stock/freight/dw_gondola.json_d4cda1e898803d2f60ac827dc426f86d_
[12:51:21] [main/INFO]: ItemRollingStock Icon 7% : immersiverailroading:rolling_stock/freight/prr_flatcar_1.json_fe7a69497cef46e215ab8ef1a0b3d9f8_
[12:51:21] [main/INFO]: ItemRollingStock Icon 8% : immersiverailroading:rolling_stock/freight/usra_hopper_55t.json_5f1340fb5e8ccd594b835940f9a5f113_
[12:51:21] [main/INFO]: ItemRollingStock Icon 8% : immersiverailroading:rolling_stock/freight/n5c_cabin_car.json_3264dcd00b98732f42f6036916573d4d_
[12:51:21] [main/INFO]: ItemRollingStock Icon 8% : immersiverailroading:rolling_stock/freight/russell_snow_plow.json_dc9570c2679b21307ae1567f25369b6a_
[12:51:21] [main/INFO]: ItemRollingStock Icon 8% : immersiverailroading:rolling_stock/freight/drgw_3000class_boxcar.json_62a28462ca88d2b26c67a7c74c7717d4_
[12:51:21] [main/INFO]: ItemRollingStock Icon 8% : immersiverailroading:rolling_stock/freight/drgw_1000class_gondola.json_de59539b50f37927509af477ae8e275a_
[12:51:21] [main/INFO]: ItemRollingStock Icon 9% : immersiverailroading:rolling_stock/freight/drgw_5500class_stockcar.json_9aa938d171b7f31c6da74671f608ebfc_
[12:51:21] [main/INFO]: ItemRollingStock Icon 9% : immersiverailroading:rolling_stock/freight/drgw_rail_and_tie_outfit.json_d44a65b6e276dfdfa3befd031af7152f_
[12:51:21] [main/INFO]: ItemRollingStock Icon 9% : immersiverailroading:rolling_stock/freight/waycar.json_3e1d6ea5476660b76e91dd3c4ca29709_
[12:51:21] [main/INFO]: ItemRollingStock Icon 9% : immersiverailroading:rolling_stock/tank/tank_us2.json_dbb93ebe60bd7d3c75b841de5804b2e6_
[12:51:21] [main/INFO]: ItemRollingStock Icon 9% : immersiverailroading:rolling_stock/tank/kamx_t.json_4fe6d8c4b459ed07b5fedf42e41a0290_
[12:51:21] [main/INFO]: ItemRollingStock Icon 9% : immersiverailroading:rolling_stock/tank/slag_car_1.json_91201c26d9566dd68b89f6247320f543_
[12:51:21] [main/INFO]: ItemRollingStock Icon 10% : immersiverailroading:rolling_stock/hand_car/hand_car_1.json_5230b05faf6219974bb4f5002d24e902_
[12:51:21] [main/INFO]: ItemRollingStock Icon 10% : immersiverailroading:rolling_stock/locomotives/db_e_44.json_de47fd6009e9fe0a85556deaa548117d_
[12:51:21] [main/INFO]: ItemRollingStock Icon 10% : immersiverailroading:rolling_stock/locomotives/db_br_101.json_cfebdae69d73cd88679a73fc11bb2afb_
[12:51:21] [main/INFO]: ItemRollingStock Icon 10% : immersiverailroading:rolling_stock/locomotives/br103.json_e916a10a8b8eff01bc7ef70cb4c82cee_
[12:51:21] [main/INFO]: ItemRollingStock Icon 10% : immersiverailroading:rolling_stock/locomotives/db_br_103_new.json_dc5836dd4a93957809d38f445a2c1ddb_
[12:51:21] [main/INFO]: ItemRollingStock Icon 11% : immersiverailroading:rolling_stock/locomotives/db_br_103-or.json_d6776340d29de11f29b56b3b96d4ae1e_
[12:51:21] [main/INFO]: ItemRollingStock Icon 11% : immersiverailroading:rolling_stock/locomotives/db_br_110-3-rheingold.json_f64ccabaa28bfcd6952ae97a33c45376_
[12:51:21] [main/INFO]: ItemRollingStock Icon 11% : immersiverailroading:rolling_stock/locomotives/db_br_110-3.json_398d98d91c6c549ef73e6316ac02557a_
[12:51:21] [main/INFO]: ItemRollingStock Icon 11% : immersiverailroading:rolling_stock/locomotives/db_br_111-ob.json_65d48d2b4a0432d21853fec0bac01a8c_
[12:51:22] [main/INFO]: ItemRollingStock Icon 11% : immersiverailroading:rolling_stock/locomotives/db_br_111-or.json_00a2f4583cc078abf7a609c148582a0c_
[12:51:22] [main/INFO]: ItemRollingStock Icon 12% : immersiverailroading:rolling_stock/locomotives/db_br_111_sp.json_c4bb45331593e6c508f06ba76d5d4200_
[12:51:22] [main/INFO]: ItemRollingStock Icon 12% : immersiverailroading:rolling_stock/locomotives/db_br_111.json_ad050e763a2051fd9ab447a2c4e4a9a3_
[12:51:22] [main/INFO]: ItemRollingStock Icon 12% : immersiverailroading:rolling_stock/locomotives/db_br_111_095.json_22f6ebef9b29446058ac1588ff5ce3b5_
[12:51:22] [main/INFO]: ItemRollingStock Icon 12% : immersiverailroading:rolling_stock/locomotives/db_br_111_174.json_70c740bacde844b301dcd2814793e304_
[12:51:23] [main/INFO]: ItemRollingStock Icon 12% : immersiverailroading:rolling_stock/locomotives/db_br_111_212.json_411add8219735d3739839ec290cb4c77_
[12:51:23] [main/INFO]: ItemRollingStock Icon 13% : immersiverailroading:rolling_stock/locomotives/tri_br_111_054.json_1ce6974fad6be31f0120bd99d539e40a_
[12:51:23] [main/INFO]: ItemRollingStock Icon 13% : immersiverailroading:rolling_stock/locomotives/tri_br_111_130.json_f6f2ac1f4b2776d055b323bc512d1b7c_
[12:51:23] [main/INFO]: ItemRollingStock Icon 13% : immersiverailroading:rolling_stock/locomotives/rbl_br_111.json_02c111ca3903dce4d2be21b4d3f6418b_
[12:51:23] [main/INFO]: ItemRollingStock Icon 13% : immersiverailroading:rolling_stock/locomotives/db_br_120-or.json_7f0fcc9fb382f3ff6c0ec3221048503c_
[12:51:23] [main/INFO]: ItemRollingStock Icon 13% : immersiverailroading:rolling_stock/locomotives/db_br_120-vr.json_3e3e28c134997e8fbdb7e6f415b2584e_
[12:51:24] [main/INFO]: ItemRollingStock Icon 14% : immersiverailroading:rolling_stock/locomotives/sel_br_120-144.json_c510e13f95a777b1e207c67504adfffa_
[12:51:24] [main/INFO]: ItemRollingStock Icon 14% : immersiverailroading:rolling_stock/locomotives/br143.json_ce068ea45c73caf3dd3591c45c7c82ff_
[12:51:24] [main/INFO]: ItemRollingStock Icon 14% : immersiverailroading:rolling_stock/locomotives/db_br_146_2.json_efcce3bf7fa2d0e15baa46c9412a3652_
[12:51:24] [main/INFO]: ItemRollingStock Icon 14% : immersiverailroading:rolling_stock/locomotives/db_br_185_2.json_2ce96baad92034ee4a307e9a7969afbd_
[12:51:24] [main/INFO]: ItemRollingStock Icon 14% : immersiverailroading:rolling_stock/locomotives/br146.json_940935c5d5f3ddf5259a07fc07828de2_
[12:51:24] [main/INFO]: ItemRollingStock Icon 15% : immersiverailroading:rolling_stock/locomotives/br185.json_145224efa889ea500dece67f5b1bf99f_
[12:51:24] [main/INFO]: ItemRollingStock Icon 15% : immersiverailroading:rolling_stock/locomotives/db_br_151.json_1d6de74212dd80aacfebb43764e3480d_
[12:51:24] [main/INFO]: ItemRollingStock Icon 15% : immersiverailroading:rolling_stock/locomotives/db_br_159.json_ecbafd95074ad024f31f51604772c846_
[12:51:24] [main/INFO]: ItemRollingStock Icon 15% : immersiverailroading:rolling_stock/locomotives/br218.json_c6019955bbddd1a494a721782bfb6fb3_
[12:51:25] [main/INFO]: ItemRollingStock Icon 15% : immersiverailroading:rolling_stock/locomotives/dbc_br_232.json_a72de8b1930b4f82fcf1cdc616cf439d_
[12:51:25] [main/INFO]: ItemRollingStock Icon 16% : immersiverailroading:rolling_stock/locomotives/dbc_br_232-128.json_2afdc6475029b3cf94e47059f329104a_
[12:51:25] [main/INFO]: ItemRollingStock Icon 16% : immersiverailroading:rolling_stock/locomotives/wfl_br_232-535.json_41a2b0f1205cb547e73c977494c62610_
[12:51:25] [main/INFO]: ItemRollingStock Icon 16% : immersiverailroading:rolling_stock/locomotives/dbc_br_232-618.json_8b325bc85328e36b48cd2ad77ea99a52_
[12:51:25] [main/INFO]: ItemRollingStock Icon 16% : immersiverailroading:rolling_stock/locomotives/bbg_br_232-673.json_66c692e1a9611c986ae7cd757d9ca3bb_
[12:51:25] [main/INFO]: ItemRollingStock Icon 16% : immersiverailroading:rolling_stock/locomotives/v320.json_295d06fc594980ee272826d1a2d85e56_
[12:51:25] [main/INFO]: ItemRollingStock Icon 17% : immersiverailroading:rolling_stock/locomotives/wiebe.json_d4faedb8e0f3ce36a3692773ad9b8b16_
[12:51:25] [main/INFO]: ItemRollingStock Icon 17% : immersiverailroading:rolling_stock/locomotives/kof.json_7b616b12e60291e51c869d65a45d7582_
[12:51:25] [main/INFO]: ItemRollingStock Icon 17% : immersiverailroading:rolling_stock/locomotives/db_br_332_pr.json_47fa9b8a57b5e0053b1d10a17e524b1e_
[12:51:26] [main/INFO]: ItemRollingStock Icon 17% : immersiverailroading:rolling_stock/locomotives/db_br_332_ob.json_6b05330f8d06238dfd3745ed2a532d1d_
[12:51:26] [main/INFO]: ItemRollingStock Icon 17% : immersiverailroading:rolling_stock/locomotives/db_br_332_or.json_5edba179ebe7f04c69fc9504680adc36_
[12:51:26] [main/INFO]: ItemRollingStock Icon 18% : immersiverailroading:rolling_stock/locomotives/br401.json_082544836e8092dc077cc5d520329479_
[12:51:26] [main/INFO]: ItemRollingStock Icon 18% : immersiverailroading:rolling_stock/locomotives/db_br_407_0.json_4b9d782bbcbb859a980f18c12e41b134_
[12:51:26] [main/INFO]: ItemRollingStock Icon 18% : immersiverailroading:rolling_stock/locomotives/db_br_407_2.json_f95322aa8cfb961579a029a2597a3816_
[12:51:26] [main/INFO]: ItemRollingStock Icon 18% : immersiverailroading:rolling_stock/locomotives/db_br_407_7.json_fb443b14f9a662e366a2a0b214ba8159_
[12:51:26] [main/INFO]: ItemRollingStock Icon 18% : immersiverailroading:rolling_stock/locomotives/db_br_407_5.json_57ef4840d74c4eb4d0054dd3e0d1ebbc_
[12:51:26] [main/INFO]: ItemRollingStock Icon 18% : immersiverailroading:rolling_stock/locomotives/br4070.json_bec02a4475dfcdaedd4b8f0ea4f69e58_
[12:51:26] [main/INFO]: ItemRollingStock Icon 19% : immersiverailroading:rolling_stock/locomotives/br4075.json_87ef764a16a04e920d9f31dac5d1e168_
[12:51:26] [main/INFO]: ItemRollingStock Icon 19% : immersiverailroading:rolling_stock/locomotives/br4070g.json_fc31ddaad66a48c5fa6f5c67f45b8697_
[12:51:27] [main/INFO]: ItemRollingStock Icon 19% : immersiverailroading:rolling_stock/locomotives/br4075g.json_7a771d49689b614df48c294a30afb52a_
[12:51:27] [main/INFO]: ItemRollingStock Icon 19% : immersiverailroading:rolling_stock/locomotives/db_br_442-2.json_d05cabcf1e603d8fb4160874542853d6_
[12:51:27] [main/INFO]: ItemRollingStock Icon 19% : immersiverailroading:rolling_stock/locomotives/db_br_443-2.json_90b67cf25d517350badc732380f23963_
[12:51:27] [main/INFO]: ItemRollingStock Icon 20% : immersiverailroading:rolling_stock/locomotives/db_br_442-7.json_dbadb0a40479c39fdb8f24ef80372081_
[12:51:27] [main/INFO]: ItemRollingStock Icon 20% : immersiverailroading:rolling_stock/locomotives/db_br_420-vorserie.json_b0eff98860e287fff6c9f8df291a46f9_
[12:51:27] [main/INFO]: ItemRollingStock Icon 20% : immersiverailroading:rolling_stock/locomotives/db_br_421-vorserie.json_91639ddbae15ce757174e9aeeb12f8f4_
[12:51:27] [main/INFO]: ItemRollingStock Icon 20% : immersiverailroading:rolling_stock/locomotives/db_br_420-2-pop.json_f60490c7b1f82c1d0cb0b0a7411dc05d_
[12:51:28] [main/INFO]: ItemRollingStock Icon 20% : immersiverailroading:rolling_stock/locomotives/db_br_421-2-pop.json_5aad1380f352c5ecaa5305696fdefb81_
[12:51:28] [main/INFO]: ItemRollingStock Icon 21% : immersiverailroading:rolling_stock/locomotives/db_br_420-2.json_5555f38b729fa07c61bfc3e1fd6d530d_
[12:51:28] [main/INFO]: ItemRollingStock Icon 21% : immersiverailroading:rolling_stock/locomotives/db_br_421-2.json_64e59a75f149d493e14ad894ebf05d4c_
[12:51:28] [main/INFO]: ItemRollingStock Icon 21% : immersiverailroading:rolling_stock/locomotives/db_br_420-5-pop.json_013a9f89901bb7e6592b505669f26e44_
[12:51:28] [main/INFO]: ItemRollingStock Icon 21% : immersiverailroading:rolling_stock/locomotives/db_br_421-5-pop.json_ed2ef3567cf7ac7320757393306b5419_
[12:51:29] [main/INFO]: ItemRollingStock Icon 21% : immersiverailroading:rolling_stock/locomotives/db_br_420-5-fml.json_b989f99b10e2f58483a2781a12bb4c3f_
[12:51:29] [main/INFO]: ItemRollingStock Icon 22% : immersiverailroading:rolling_stock/locomotives/db_br_421-5-fml.json_a932cb6f54a4c925842c62a9df9e47e4_
[12:51:29] [main/INFO]: ItemRollingStock Icon 22% : immersiverailroading:rolling_stock/locomotives/db_br_420-5.json_be231a4bff273aa2c8b02b6f93290305_
[12:51:29] [main/INFO]: ItemRollingStock Icon 22% : immersiverailroading:rolling_stock/locomotives/db_br_421-5.json_abbfd35393c0eebeb35dee0c13281d00_
[12:51:29] [main/INFO]: ItemRollingStock Icon 22% : immersiverailroading:rolling_stock/locomotives/db_br_420-8.json_69d7bebb96bd78337dfe0985ae8fe663_
[12:51:29] [main/INFO]: ItemRollingStock Icon 22% : immersiverailroading:rolling_stock/locomotives/db_br_421-8.json_6a250b40abaeab52680d8946b1091a82_
[12:51:30] [main/INFO]: ItemRollingStock Icon 23% : immersiverailroading:rolling_stock/locomotives/db_br_420-8-modernisiert.json_e249bc1d09807cbab1cdb33434bca8e3_
[12:51:30] [main/INFO]: ItemRollingStock Icon 23% : immersiverailroading:rolling_stock/locomotives/db_br_421-8-modernisiert.json_aa3ab8522a7ca6563be7bf3c5963ab98_
[12:51:30] [main/INFO]: ItemRollingStock Icon 23% : immersiverailroading:rolling_stock/locomotives/db_br_1462-0.json_50f9b90ad23e0012d310341100bda3e5_
[12:51:30] [main/INFO]: ItemRollingStock Icon 23% : immersiverailroading:rolling_stock/locomotives/db_br_1462-5.json_86c2fe6d072db48803f15711759405fb_
[12:51:30] [main/INFO]: ItemRollingStock Icon 23% : immersiverailroading:rolling_stock/locomotives/br481.json_04e6d905f50485c0191513e03bfdee3c_
[12:51:30] [main/INFO]: ItemRollingStock Icon 24% : immersiverailroading:rolling_stock/locomotives/br484a.json_50f14065354cfb8de9def8cc66423d96_
[12:51:31] [main/INFO]: ItemRollingStock Icon 24% : immersiverailroading:rolling_stock/locomotives/br484b.json_fccfd9a182e79abc2f7f8afdc041aa40_
[12:51:31] [main/INFO]: ItemRollingStock Icon 24% : immersiverailroading:rolling_stock/locomotives/db_bimdzf_269-ir.json_60c2ab5e6b56f05c1a154292b783ad55_
[12:51:31] [main/INFO]: ItemRollingStock Icon 24% : immersiverailroading:rolling_stock/locomotives/db_bimdzf_269-or.json_21dc97d9a3c8b94281424cf33366efa8_
[12:51:31] [main/INFO]: ItemRollingStock Icon 24% : immersiverailroading:rolling_stock/locomotives/db_bimdzf_269-vr.json_f7b5ea0425620f9f5b1294987e3cc558_
[12:51:31] [main/INFO]: ItemRollingStock Icon 25% : immersiverailroading:rolling_stock/locomotives/db_bimdzf_269-ic.json_1a8397d8dac30ae38eada0ee0f7a341f_
[12:51:31] [main/INFO]: ItemRollingStock Icon 25% : immersiverailroading:rolling_stock/locomotives/db_bimdzf_271-ic.json_48ccc8e985164912a76706c1b9442eb8_
[12:51:32] [main/INFO]: ItemRollingStock Icon 25% : immersiverailroading:rolling_stock/locomotives/db_bimmdzf_287-ic.json_398eb8d6669c28c96c6f93119632a528_
[12:51:32] [main/INFO]: ItemRollingStock Icon 25% : immersiverailroading:rolling_stock/locomotives/db_bimmdzf_287-ic-abschiedsfahrt.json_50116474063384af1264936f24b39d19_
[12:51:32] [main/INFO]: ItemRollingStock Icon 25% : immersiverailroading:rolling_stock/locomotives/bnrbdzf480.json_aeb3c17aec6206528fdb27e2b516bf26_
[12:51:32] [main/INFO]: ItemRollingStock Icon 26% : immersiverailroading:rolling_stock/locomotives/db_dbbzfa_761-0.json_ebb5db48717d29132767b4ba88f9ec61_
[12:51:32] [main/INFO]: ItemRollingStock Icon 26% : immersiverailroading:rolling_stock/locomotives/db_dbbzfa_761-2.json_375827fbfa1c9326e8c97c5c7f75babb_
[12:51:33] [main/INFO]: ItemRollingStock Icon 26% : immersiverailroading:rolling_stock/locomotives/db_dabpbzfa_762.json_8f540deab17cba846fa21c710f817dad_
[12:51:33] [main/INFO]: ItemRollingStock Icon 26% : immersiverailroading:rolling_stock/locomotives/tri_dabpbzfa_762.json_ad09f49be6664f29e50e05266a64a4a8_
[12:51:33] [main/INFO]: ItemRollingStock Icon 26% : immersiverailroading:rolling_stock/locomotives/db_dbpbzfa_766.json_50273ad4943b1bdd44cada2e717731fc_
[12:51:33] [main/INFO]: ItemRollingStock Icon 27% : immersiverailroading:rolling_stock/locomotives/dabbuzfa.json_6d4db32ca59c5760e88acb5af7359f49_
[12:51:33] [main/INFO]: ItemRollingStock Icon 27% : immersiverailroading:rolling_stock/locomotives/icsteuerwagen.json_a1dd72a618c754ab0a6ec46af04eee6d_
[12:51:33] [main/INFO]: ItemRollingStock Icon 27% : immersiverailroading:rolling_stock/locomotives/vt98.json_ca5d7b9a989d968e5810cbcc61a95d6b_
[12:51:33] [main/INFO]: ItemRollingStock Icon 27% : immersiverailroading:rolling_stock/locomotives/wismarer_schienenbus.json_96d7556ba8d44d4e74bbe0f549b7effc_
[12:51:33] [main/INFO]: ItemRollingStock Icon 27% : immersiverailroading:rolling_stock/locomotives/db_vt_628_mint.json_507345f5cb25ebc21f2089013bbe0d58_
[12:51:34] [main/INFO]: ItemRollingStock Icon 27% : immersiverailroading:rolling_stock/locomotives/sob_vt_628.json_b8f59a0a55d21f8b3192c10fca1054d6_
[12:51:34] [main/INFO]: ItemRollingStock Icon 28% : immersiverailroading:rolling_stock/locomotives/db_vs_928_mint.json_96492c54a862bea3e09ea7c2cd004c33_
[12:51:34] [main/INFO]: ItemRollingStock Icon 28% : immersiverailroading:rolling_stock/locomotives/sob_vs_928.json_9219bc18079ca077b9b491956a93ccee_
[12:51:34] [main/INFO]: ItemRollingStock Icon 28% : immersiverailroading:rolling_stock/locomotives/ngtcab.json_72f2c273a750d77a8e0901f33bcc5d71_
[12:51:34] [main/INFO]: ItemRollingStock Icon 28% : immersiverailroading:rolling_stock/locomotives/b80dfront.json_d2d534103fd6ca3c331754e6c85d593c_
[12:51:34] [main/INFO]: ItemRollingStock Icon 28% : immersiverailroading:rolling_stock/locomotives/b80dback.json_d0eb35d614a832e82b4478bb99c6713c_
[12:51:34] [main/INFO]: ItemRollingStock Icon 29% : immersiverailroading:rolling_stock/locomotives/rheincargo_br_185_2.json_81645cd745847ce66f215b2a4575f595_
[12:51:34] [main/INFO]: ItemRollingStock Icon 29% : immersiverailroading:rolling_stock/locomotives/traxx2railpool.json_d1b69881b1d6a4d2206b9acb4cf51ff8_
[12:51:34] [main/INFO]: ItemRollingStock Icon 29% : immersiverailroading:rolling_stock/locomotives/acs.json_eca2597767e6fcf4cf72f5f34ddcd2b1_
[12:51:34] [main/INFO]: ItemRollingStock Icon 29% : immersiverailroading:rolling_stock/locomotives/alco_s-4.json_a4b6624d8f83e17c715f11c00ff2f989_
[12:51:34] [main/INFO]: ItemRollingStock Icon 29% : immersiverailroading:rolling_stock/locomotives/gtel_3rd_a.json_f5d5a10c89febda3af88787a00006080_
[12:51:34] [main/INFO]: ItemRollingStock Icon 30% : immersiverailroading:rolling_stock/locomotives/gtel_3rd_b.json_ca99a5e073dd520f3a5c04cb34d7edaa_
[12:51:34] [main/INFO]: ItemRollingStock Icon 30% : immersiverailroading:rolling_stock/locomotives/bigboy.json_56e901d11cee2639d8b1424ac68b2f8d_
[12:51:35] [main/INFO]: ItemRollingStock Icon 30% : immersiverailroading:rolling_stock/locomotives/fef-1.json_81d0fc3714a76753a68025d16f9794d9_
[12:51:35] [main/INFO]: ItemRollingStock Icon 30% : immersiverailroading:rolling_stock/locomotives/fef-1_gh.json_8b7b71ffbb09c9d4fca8033f56eb95af_
[12:51:35] [main/INFO]: ItemRollingStock Icon 30% : immersiverailroading:rolling_stock/locomotives/cp0180.json_98da456b6ee3113a33d1cce134994bb1_
[12:51:35] [main/INFO]: ItemRollingStock Icon 31% : immersiverailroading:rolling_stock/locomotives/cp1400.json_0e160cd02d7b4e2c9c8f34f3d2340d35_
[12:51:35] [main/INFO]: ItemRollingStock Icon 31% : immersiverailroading:rolling_stock/locomotives/cp1800.json_000b73590c8568ef07b96bd5b95fb17f_
[12:51:35] [main/INFO]: ItemRollingStock Icon 31% : immersiverailroading:rolling_stock/locomotives/cp2600.json_84520e90c2148544a4a417cd7a5eac5f_
[12:51:35] [main/INFO]: ItemRollingStock Icon 31% : immersiverailroading:rolling_stock/locomotives/cp2600_freight.json_64ebad2e9142b8002323404f43d20401_
[12:51:35] [main/INFO]: ItemRollingStock Icon 31% : immersiverailroading:rolling_stock/locomotives/cp5600.json_781ff760d5a7f3b25363969f4206c7b9_
[12:51:35] [main/INFO]: ItemRollingStock Icon 32% : immersiverailroading:rolling_stock/locomotives/sbb_tm_234_crane.json_1195ed5663399cd303aa952e9b6e4fbf_
[12:51:36] [main/INFO]: ItemRollingStock Icon 32% : immersiverailroading:rolling_stock/locomotives/re420swissex.json_27c62fa743b5dd19b92524f0cc0e66ca_
[12:51:36] [main/INFO]: ItemRollingStock Icon 32% : immersiverailroading:rolling_stock/locomotives/re420sbbgreen.json_96455449c484913afd76dbcb1d0401e4_
[12:51:36] [main/INFO]: ItemRollingStock Icon 32% : immersiverailroading:rolling_stock/locomotives/re420sbb.json_e4b3ff0483c38ba995fde4f894cd0cf9_
[12:51:36] [main/INFO]: ItemRollingStock Icon 32% : immersiverailroading:rolling_stock/locomotives/re421cargo.json_3defa930569e6ff0848ec16e6e66f230_
[12:51:36] [main/INFO]: ItemRollingStock Icon 33% : immersiverailroading:rolling_stock/locomotives/re420lion.json_3795b111dd25fcb95b325b86a6eac7cf_
[12:51:36] [main/INFO]: ItemRollingStock Icon 33% : immersiverailroading:rolling_stock/locomotives/re420bls.json_f77872613cfa245bac5879c2adeccad6_
[12:51:36] [main/INFO]: ItemRollingStock Icon 33% : immersiverailroading:rolling_stock/locomotives/sbb_re_450.json_b2fd6fff1ac46d5774aacf9878304968_
[12:51:36] [main/INFO]: ItemRollingStock Icon 33% : immersiverailroading:rolling_stock/locomotives/sbb_bt_dpzplus.json_ecd313031ef7e5c741aac8e0b5027e92_
[12:51:36] [main/INFO]: ItemRollingStock Icon 33% : immersiverailroading:rolling_stock/locomotives/re450.json_facd1c20f454136e9182af2e4f0b2f10_
[12:51:36] [main/INFO]: ItemRollingStock Icon 34% : immersiverailroading:rolling_stock/locomotives/btdpzplus.json_8f1d628a5541b3dbc1e0e83d00ab9c98_
[12:51:36] [main/INFO]: ItemRollingStock Icon 34% : immersiverailroading:rolling_stock/locomotives/sbb_re_460.json_0a22b95d55ba20a196f7f3ec1069b0a3_
[12:51:36] [main/INFO]: ItemRollingStock Icon 34% : immersiverailroading:rolling_stock/locomotives/re460.json_e05c6ec4641dbc783c35eaf0967355e4_
[12:51:36] [main/INFO]: ItemRollingStock Icon 34% : immersiverailroading:rolling_stock/locomotives/re465.json_ad910dc1c4cc60f8a449cee5e298a682_
[12:51:37] [main/INFO]: ItemRollingStock Icon 34% : immersiverailroading:rolling_stock/locomotives/sbbc_re_484.json_18bda47826c7306faeb0f1206f9993be_
[12:51:37] [main/INFO]: ItemRollingStock Icon 35% : immersiverailroading:rolling_stock/locomotives/traxx2sbbcargoac.json_d24f2524e76ed48e411d6510b08ac1cb_
[12:51:37] [main/INFO]: ItemRollingStock Icon 35% : immersiverailroading:rolling_stock/locomotives/sbb_rabde_500_bt1.json_4d1d950b6ba6c3f1a6e7e9c67f974be6_
[12:51:37] [main/INFO]: ItemRollingStock Icon 35% : immersiverailroading:rolling_stock/locomotives/sbb_rabde_500_b3-7.json_7006f53bc211d39f4264c3d35f73ddb5_
[12:51:37] [main/INFO]: ItemRollingStock Icon 35% : immersiverailroading:rolling_stock/locomotives/at2501.json_32dd1116092bbccac441d5345997bcdd_
[12:51:37] [main/INFO]: ItemRollingStock Icon 35% : immersiverailroading:rolling_stock/locomotives/a3501.json_e8bfb872ce3538f23a845215a57bd1c2_
[12:51:37] [main/INFO]: ItemRollingStock Icon 36% : immersiverailroading:rolling_stock/locomotives/b9501.json_dd7002014eba07b5034fed0b533e29f8_
[12:51:37] [main/INFO]: ItemRollingStock Icon 36% : immersiverailroading:rolling_stock/locomotives/bt1501.json_4fea85260dbccee29f292c781e83eeab_
[12:51:37] [main/INFO]: ItemRollingStock Icon 36% : immersiverailroading:rolling_stock/locomotives/bt2502.json_077a97f15adfb239ce4c70241c611d18_
[12:51:37] [main/INFO]: ItemRollingStock Icon 36% : immersiverailroading:rolling_stock/locomotives/sbb_rabe_511_bt1-6.json_303f2ffaf71ff403d4be73b0f0da0db1_
[12:51:38] [main/INFO]: ItemRollingStock Icon 36% : immersiverailroading:rolling_stock/locomotives/bt16511.json_950c79d0c9bbc4eb5e4a056511755ce9_
[12:51:38] [main/INFO]: ItemRollingStock Icon 36% : immersiverailroading:rolling_stock/locomotives/bt16511sbb.json_fa342a0e08da14bd8a06134ffbf5b539_
[12:51:38] [main/INFO]: ItemRollingStock Icon 37% : immersiverailroading:rolling_stock/locomotives/at1514.json_8143ea0617544969082172ac6c920d43_
[12:51:38] [main/INFO]: ItemRollingStock Icon 37% : immersiverailroading:rolling_stock/locomotives/bt4514.json_ca36e7cebc61f831f4e77a5c47487662_
[12:51:38] [main/INFO]: ItemRollingStock Icon 37% : immersiverailroading:rolling_stock/locomotives/sbb_rbde_560_do.json_0fc292c2e9fe18609c445be703fc2ffe_
[12:51:38] [main/INFO]: ItemRollingStock Icon 37% : immersiverailroading:rolling_stock/locomotives/sbb_abt_npz_do.json_2f2f797d91fc94958c444eabcba075a5_
[12:51:38] [main/INFO]: ItemRollingStock Icon 37% : immersiverailroading:rolling_stock/locomotives/icbt.json_8273427a50e1dfe6d9ad94e4725b7048_
[12:51:38] [main/INFO]: ItemRollingStock Icon 38% : immersiverailroading:rolling_stock/locomotives/icbtmod.json_d79227473abc009be4c2ae00fd1af896_
[12:51:38] [main/INFO]: ItemRollingStock Icon 38% : immersiverailroading:rolling_stock/locomotives/sbb_ic2000_bt.json_d8f94b25768f0607d4887a431d225275_
[12:51:38] [main/INFO]: ItemRollingStock Icon 38% : immersiverailroading:rolling_stock/locomotives/sbb_ic_2020_bt.json_8b06fc317916b2f2adb6edf0432b7bcb_
[12:51:38] [main/INFO]: ItemRollingStock Icon 38% : immersiverailroading:rolling_stock/locomotives/ic2000bt.json_2c927111689c8d2f03f7d562b024f3f1_
[12:51:38] [main/INFO]: ItemRollingStock Icon 38% : immersiverailroading:rolling_stock/locomotives/ic2020bt.json_432c8945d75c4054eda408cb11851986_
[12:51:39] [main/INFO]: ItemRollingStock Icon 39% : immersiverailroading:rolling_stock/locomotives/am843sbbcargo.json_e00bafa2051ac5e6271685e7d7b3c155_
[12:51:39] [main/INFO]: ItemRollingStock Icon 39% : immersiverailroading:rolling_stock/locomotives/am843sbb.json_e8606c81549e7117503509622ae92025_
[12:51:39] [main/INFO]: ItemRollingStock Icon 39% : immersiverailroading:rolling_stock/locomotives/am843sbbinfra.json_a2ae9840f0bb3b870511914c8f665d05_
[12:51:39] [main/INFO]: ItemRollingStock Icon 39% : immersiverailroading:rolling_stock/locomotives/am843bls.json_a762f30eb466db5e6f96ee69d0ffc711_
[12:51:39] [main/INFO]: ItemRollingStock Icon 39% : immersiverailroading:rolling_stock/locomotives/am843sersa.json_9753883b11b6f636f8d061c5ecca2ede_
[12:51:39] [main/INFO]: ItemRollingStock Icon 40% : immersiverailroading:rolling_stock/locomotives/ee922.json_462528aa53b4b37ca12f875150f5e502_
[12:51:39] [main/INFO]: ItemRollingStock Icon 40% : immersiverailroading:rolling_stock/locomotives/eem923electric.json_4b143686a44126ce65b1fddb94755cb5_
[12:51:39] [main/INFO]: ItemRollingStock Icon 40% : immersiverailroading:rolling_stock/locomotives/eem923diesel.json_f5b0b21f3700bd9b74f9d36b72034492_
[12:51:39] [main/INFO]: ItemRollingStock Icon 40% : immersiverailroading:rolling_stock/locomotives/vectronsbbci_olten.json_a368143539c95553be875d9b36f1eafa_
[12:51:39] [main/INFO]: ItemRollingStock Icon 40% : immersiverailroading:rolling_stock/locomotives/vectronsbbci_rotterdam.json_6cae09afc91427cf190d3d7fc9021a30_
[12:51:39] [main/INFO]: ItemRollingStock Icon 41% : immersiverailroading:rolling_stock/locomotives/vectronsbbci_xload.json_d9eaec000652a5669fc7bc94530795f6_
[12:51:39] [main/INFO]: ItemRollingStock Icon 41% : immersiverailroading:rolling_stock/locomotives/sob_flirt3_1.json_77a52a5937938bab6ab11be9da488777_
[12:51:39] [main/INFO]: ItemRollingStock Icon 41% : immersiverailroading:rolling_stock/locomotives/sob_flirt3_4.json_a788c73577825c68041cd0c092217505_
[12:51:40] [main/INFO]: ItemRollingStock Icon 41% : immersiverailroading:rolling_stock/locomotives/sob_traverso_1.json_9205810eb5c016999cb7aadba42d5f22_
[12:51:40] [main/INFO]: ItemRollingStock Icon 41% : immersiverailroading:rolling_stock/locomotives/sob_traverso_4.json_6d685fd940a90430bbce9abdb91595ee_
[12:51:40] [main/INFO]: ItemRollingStock Icon 42% : immersiverailroading:rolling_stock/locomotives/sob_traverso_5.json_0ab01df0d12970a8155e46fac18a568d_
[12:51:40] [main/INFO]: ItemRollingStock Icon 42% : immersiverailroading:rolling_stock/locomotives/sob_traverso_8.json_d2b9e74dfa2dd6fc1933e7adb271e941_
[12:51:40] [main/INFO]: ItemRollingStock Icon 42% : immersiverailroading:rolling_stock/locomotives/thurbo_rabe_526_7_abt1.json_42f3051fd37e04834e912fb4c3c195ed_
[12:51:40] [main/INFO]: ItemRollingStock Icon 42% : immersiverailroading:rolling_stock/locomotives/thurbo_rabe_526_7_re3.json_ffc343fe67613512a398117076554050_
[12:51:40] [main/INFO]: ItemRollingStock Icon 42% : immersiverailroading:rolling_stock/locomotives/rhb_be_4-4_310.json_5e11ac6aca8bc9159fad78805f450274_
[12:51:40] [main/INFO]: ItemRollingStock Icon 43% : immersiverailroading:rolling_stock/locomotives/rhb_at318.json_d88e70ef521a31c269b7cba9149cc555_
[12:51:40] [main/INFO]: ItemRollingStock Icon 43% : immersiverailroading:rolling_stock/locomotives/mgb_hge_4-4_ii.json_ad5fd72c8144eea2645b00cf26255890_
[12:51:40] [main/INFO]: ItemRollingStock Icon 43% : immersiverailroading:rolling_stock/locomotives/tram20001front.json_b00e1422faca4bbf1aea7fa1d6a76016_
[12:51:40] [main/INFO]: ItemRollingStock Icon 43% : immersiverailroading:rolling_stock/locomotives/tram20001bkfront.json_e2004e0b26c58b2026b597b076ceb5c3_
[12:51:40] [main/INFO]: ItemRollingStock Icon 43% : immersiverailroading:rolling_stock/locomotives/tram20002front.json_f431f3ff1c04b6c87ba5492abd9ada38_
[12:51:40] [main/INFO]: ItemRollingStock Icon 44% : immersiverailroading:rolling_stock/locomotives/tram20002pony.json_c862685316d0d85760431ab1967a9b77_
[12:51:41] [main/INFO]: ItemRollingStock Icon 44% : immersiverailroading:rolling_stock/locomotives/tram20003front.json_518bc7af9f245f030d2e6bbc44909a16_
[12:51:41] [main/INFO]: ItemRollingStock Icon 44% : immersiverailroading:rolling_stock/locomotives/tram20003pony.json_77024a722b909b3c314216fd225e365e_
[12:51:41] [main/INFO]: ItemRollingStock Icon 44% : immersiverailroading:rolling_stock/locomotives/cobra1.json_14413669f566d187a9852eb071f50a01_
[12:51:41] [main/INFO]: ItemRollingStock Icon 44% : immersiverailroading:rolling_stock/locomotives/vbg1.json_8f66ebec19768505391070ccc6888835_
[12:51:41] [main/INFO]: ItemRollingStock Icon 45% : immersiverailroading:rolling_stock/locomotives/forchbahn_be_4-6_a.json_d8a933c4904d5efa9ca0985885ecb687_
[12:51:41] [main/INFO]: ItemRollingStock Icon 45% : immersiverailroading:rolling_stock/locomotives/fbbe46f.json_66b4a7b2edc1f024e9017b8b8511e387_
[12:51:41] [main/INFO]: ItemRollingStock Icon 45% : immersiverailroading:rolling_stock/locomotives/fbbe88f.json_bdbff8db3683ea3dcfe65d89cdb3e444_
[12:51:41] [main/INFO]: ItemRollingStock Icon 45% : immersiverailroading:rolling_stock/locomotives/trsbbbt.json_72519dbedf054762e318c5d358a4b062_
[12:51:41] [main/INFO]: ItemRollingStock Icon 45% : immersiverailroading:rolling_stock/locomotives/trsbbb.json_53945e93449bd51fe50b09fc13e206d2_
[12:51:41] [main/INFO]: ItemRollingStock Icon 45% : immersiverailroading:rolling_stock/locomotives/trsbbwr.json_7a3e518e3036e3e5a774d985dadb7996_
[12:51:41] [main/INFO]: ItemRollingStock Icon 46% : immersiverailroading:rolling_stock/locomotives/trsbba.json_c6ea793f184d327f6d543f56d0a7d513_
[12:51:41] [main/INFO]: ItemRollingStock Icon 46% : immersiverailroading:rolling_stock/locomotives/trsbbat.json_9f6ad4729668a85221064605717a8f4d_
[12:51:41] [main/INFO]: ItemRollingStock Icon 46% : immersiverailroading:rolling_stock/locomotives/sltmabk.json_3898802966b98c25c22bee81cd81d26e_
[12:51:41] [main/INFO]: ItemRollingStock Icon 46% : immersiverailroading:rolling_stock/locomotives/sltmb1.json_bc2a645170d9c361334f85458197f087_
[12:51:41] [main/INFO]: ItemRollingStock Icon 46% : immersiverailroading:rolling_stock/locomotives/sltmb2.json_91cd20d07726cf86a98172a3fb39d9c8_
[12:51:41] [main/INFO]: ItemRollingStock Icon 47% : immersiverailroading:rolling_stock/locomotives/sltmb3.json_45923e668cf423a77e4a2eac01e27148_
[12:51:42] [main/INFO]: ItemRollingStock Icon 47% : immersiverailroading:rolling_stock/locomotives/ns_sng_a1-2.json_552ac75fd4f4966aa69f65c90a6a3919_
[12:51:42] [main/INFO]: ItemRollingStock Icon 47% : immersiverailroading:rolling_stock/locomotives/ns_sng_a2.json_62fd8bcd2b6b4b48bce6cb19f94ea693_
[12:51:42] [main/INFO]: ItemRollingStock Icon 47% : immersiverailroading:rolling_stock/locomotives/ns_sng_c.json_2e6bd3fbe8aba4dd55c119d188f535a3_
[12:51:42] [main/INFO]: ItemRollingStock Icon 47% : immersiverailroading:rolling_stock/locomotives/sngc1.json_e6df2f4028b0bf85880ce029fabb0913_
[12:51:42] [main/INFO]: ItemRollingStock Icon 48% : immersiverailroading:rolling_stock/locomotives/ns_virmm1_mbvk1-2.json_5c04ebf5062f7b2de47123f431ec72a6_
[12:51:42] [main/INFO]: ItemRollingStock Icon 48% : immersiverailroading:rolling_stock/locomotives/ns_virmm1_mbvk1-2_dirty.json_7904e5039dbcb567ed769303db5797e2_
[12:51:42] [main/INFO]: ItemRollingStock Icon 48% : immersiverailroading:rolling_stock/locomotives/ns_virmm1_mbv7.json_fd41916c17a50571ea0b87586df69a85_
[12:51:43] [main/INFO]: ItemRollingStock Icon 48% : immersiverailroading:rolling_stock/locomotives/virmmmbvk1-2.json_b56643f82c3004da8102b99265ffb9cb_
[12:51:43] [main/INFO]: ItemRollingStock Icon 48% : immersiverailroading:rolling_stock/locomotives/virmmmbv7.json_4a92ee2980b084da39a4bfae571a42cf_
[12:51:43] [main/INFO]: ItemRollingStock Icon 49% : immersiverailroading:rolling_stock/locomotives/ns_icmm_mbfk.json_08e290188112f2b3d9ba18d65771701f_
[12:51:43] [main/INFO]: ItemRollingStock Icon 49% : immersiverailroading:rolling_stock/locomotives/ns_icmm_sbk.json_3256f0ee2e8a8b56e28966e7d2e7fa9e_
[12:51:43] [main/INFO]: ItemRollingStock Icon 49% : immersiverailroading:rolling_stock/locomotives/ns_icmm_mb.json_b6ebd28f4f5435c2ac7c8eb90d15de1d_
[12:51:43] [main/INFO]: ItemRollingStock Icon 49% : immersiverailroading:rolling_stock/locomotives/icmmmbfk.json_c2aad10ce10ddebfb51cecf4ecb3198c_
[12:51:43] [main/INFO]: ItemRollingStock Icon 49% : immersiverailroading:rolling_stock/locomotives/icmmsbk.json_fe3d38da90c31b00cf42d3ffa108f022_
[12:51:43] [main/INFO]: ItemRollingStock Icon 50% : immersiverailroading:rolling_stock/locomotives/icmmmb.json_27a9b3d4bfe73c1f8dbf13e98f7d0d3a_
[12:51:43] [main/INFO]: ItemRollingStock Icon 50% : immersiverailroading:rolling_stock/locomotives/ns_e_186.json_5c256895d55a1da8e2d424c26a53d156_
[12:51:43] [main/INFO]: ItemRollingStock Icon 50% : immersiverailroading:rolling_stock/locomotives/traxx2ns.json_df849576ed362b8f3ba2a4ea3e4162cb_
[12:51:44] [main/INFO]: ItemRollingStock Icon 50% : immersiverailroading:rolling_stock/locomotives/ns1700.json_d197311525cc715aa38ead47731d794a_
[12:51:44] [main/INFO]: ItemRollingStock Icon 50% : immersiverailroading:rolling_stock/locomotives/ns700.json_9850be291c52231463b7ff31a4ad49e3_
[12:51:44] [main/INFO]: ItemRollingStock Icon 51% : immersiverailroading:rolling_stock/locomotives/ns_dh700.json_12e22adda14d0fe64adf146529e64fb1_
[12:51:44] [main/INFO]: ItemRollingStock Icon 51% : immersiverailroading:rolling_stock/locomotives/ns600.json_6a3be0dda2e1f57d746a018c1ee9bcb3_
[12:51:44] [main/INFO]: ItemRollingStock Icon 51% : immersiverailroading:rolling_stock/locomotives/rfs101000.json_7d10bde872d08fb2210619c0d56cd7c4_
[12:51:44] [main/INFO]: ItemRollingStock Icon 51% : immersiverailroading:rolling_stock/locomotives/bb8500beton.json_fbd2a0022482a91acca1f37e1f74b785_
[12:51:44] [main/INFO]: ItemRollingStock Icon 51% : immersiverailroading:rolling_stock/locomotives/bb8500verte.json_fa96ddb99a28ac60adecfdecedb548f3_
[12:51:44] [main/INFO]: ItemRollingStock Icon 52% : immersiverailroading:rolling_stock/locomotives/bb8500fret.json_7579b7425aafc0ee380563214ad59377_
[12:51:44] [main/INFO]: ItemRollingStock Icon 52% : immersiverailroading:rolling_stock/locomotives/x2200rouge.json_56d09cfebc9f76b1c60c532c25fc61b3_
[12:51:44] [main/INFO]: ItemRollingStock Icon 52% : immersiverailroading:rolling_stock/locomotives/x2200bleu.json_6f1767db2d00ed2234ed31239e3d9766_
[12:51:44] [main/INFO]: ItemRollingStock Icon 52% : immersiverailroading:rolling_stock/locomotives/x2200jaune.json_49d0a8d084502db56a7f0e63a0727a63_
[12:51:44] [main/INFO]: ItemRollingStock Icon 52% : immersiverailroading:rolling_stock/locomotives/railjet_afmpz.json_c91714b5dd25ad01b9eea088babfe7fb_
[12:51:44] [main/INFO]: ItemRollingStock Icon 53% : immersiverailroading:rolling_stock/locomotives/traxx2hectorrail.json_8543ba68c40cb6a2c1051ee2abcb7339_
[12:51:44] [main/INFO]: ItemRollingStock Icon 53% : immersiverailroading:rolling_stock/locomotives/traxx2mav.json_71d0f513dbaf9f576f88a724c8fc3003_
[12:51:45] [main/INFO]: ItemRollingStock Icon 53% : immersiverailroading:rolling_stock/locomotives/sl_x420a.json_8ccfc8ac3fa2c51c22163682ae9274fb_
[12:51:45] [main/INFO]: ItemRollingStock Icon 53% : immersiverailroading:rolling_stock/locomotives/sl_x420b.json_21a29455cf7faea5f126201c08d0ea19_
[12:51:45] [main/INFO]: ItemRollingStock Icon 53% : immersiverailroading:rolling_stock/locomotives/cd810_b.json_1c8b069b236903ba08f869e9d675fde1_
[12:51:45] [main/INFO]: ItemRollingStock Icon 54% : immersiverailroading:rolling_stock/locomotives/cd810_r.json_9e6566588c28e259181af67193af8b7b_
[12:51:45] [main/INFO]: ItemRollingStock Icon 54% : immersiverailroading:rolling_stock/locomotives/traktor.json_8d13044fbddfc4be7cd37c3eb0009bca_
[12:51:45] [main/INFO]: ItemRollingStock Icon 54% : immersiverailroading:rolling_stock/tender/20-c_800.json_73616e76694860c5f5ee89b9369a4137_
[12:51:45] [main/INFO]: ItemRollingStock Icon 54% : immersiverailroading:rolling_stock/tender/23-c_800.json_8e924dc97751da615749b8266814c9b0_
[12:51:45] [main/INFO]: ItemRollingStock Icon 54% : immersiverailroading:rolling_stock/tender/23-c_800_gh.json_de6c1d0ba9797e5333296651c4b19eb1_
[12:51:45] [main/INFO]: ItemRollingStock Icon 54% : immersiverailroading:rolling_stock/tender/25-c_4005.json_295a0013a7d22760953f38da03df7f39_
[12:51:45] [main/INFO]: ItemRollingStock Icon 55% : immersiverailroading:rolling_stock/tender/25-c_4014.json_8b44960f4affb49d7a5c9e337b419ecb_
[12:51:45] [main/INFO]: ItemRollingStock Icon 55% : immersiverailroading:rolling_stock/tender/24-gte.json_8b772fd32b31ee2f9a51427f46547516_
[12:51:46] [main/INFO]: ItemRollingStock Icon 55% : immersiverailroading:rolling_stock/tender/upp809.json_3343b62a94bb9ab09df1f12bc1ab9a1e_
[12:51:46] [main/INFO]: ItemRollingStock Icon 55% : immersiverailroading:rolling_stock/tender/upp814.json_8032e4f9ab58a7c17bc586e87b13de80_
[12:51:46] [main/INFO]: ItemRollingStock Icon 55% : immersiverailroading:rolling_stock/passenger/db_ab3yg.json_86affff60304f9dc31cda450bc094c0d_
[12:51:46] [main/INFO]: ItemRollingStock Icon 56% : immersiverailroading:rolling_stock/passenger/db_b3yg.json_94264c20e086369af50b0fb055ab988f_
[12:51:46] [main/INFO]: ItemRollingStock Icon 56% : immersiverailroading:rolling_stock/passenger/db_bd3yg.json_be25a1821756927975093d926182aa47_
[12:51:46] [main/INFO]: ItemRollingStock Icon 56% : immersiverailroading:rolling_stock/passenger/db_bd3yge.json_e98a1b8053d656cbf32fc8c01aa514ff_
[12:51:46] [main/INFO]: ItemRollingStock Icon 56% : immersiverailroading:rolling_stock/passenger/db_avmmz_106-ic.json_786d2811333776b6d302c0e2a6d3d358_
[12:51:46] [main/INFO]: ItemRollingStock Icon 56% : immersiverailroading:rolling_stock/passenger/db_bvmmz_188-ic.json_dd0a10c832f35ce22a52f0cc6e971f8c_
[12:51:46] [main/INFO]: ItemRollingStock Icon 57% : immersiverailroading:rolling_stock/passenger/db_am_203-ob.json_5b2051e717cbc2b8213798f2e2c982b6_
[12:51:47] [main/INFO]: ItemRollingStock Icon 57% : immersiverailroading:rolling_stock/passenger/db_am_203-ob-1.json_a6561b9b10fa3c17ddc6d4b26f485f09_
[12:51:47] [main/INFO]: ItemRollingStock Icon 57% : immersiverailroading:rolling_stock/passenger/db_am_203-or.json_be10863ea64fe206519b7b787d88718f_
[12:51:47] [main/INFO]: ItemRollingStock Icon 57% : immersiverailroading:rolling_stock/passenger/db_am_203-vr.json_12ff9e47e4c2103bbbccc6cad3d1f54a_
[12:51:47] [main/INFO]: ItemRollingStock Icon 57% : immersiverailroading:rolling_stock/passenger/db_am_203-ic.json_b48b4129ac35cd8106f015830955e7ae_
[12:51:47] [main/INFO]: ItemRollingStock Icon 58% : immersiverailroading:rolling_stock/passenger/db_abm_226-ob.json_d5b64336808005f110ceba13de367741_
[12:51:48] [main/INFO]: ItemRollingStock Icon 58% : immersiverailroading:rolling_stock/passenger/db_abm_228-ob.json_289adf4cd38edd5c9a9bfc036286efa8_
[12:51:48] [main/INFO]: ItemRollingStock Icon 58% : immersiverailroading:rolling_stock/passenger/db_bm_234-ob.json_2023e8de66969d49d56ba57dbc2c8051_
[12:51:48] [main/INFO]: ItemRollingStock Icon 58% : immersiverailroading:rolling_stock/passenger/db_bm_235-ob.json_a5f251845f5f53261ff18f3c15106b6b_
[12:51:48] [main/INFO]: ItemRollingStock Icon 58% : immersiverailroading:rolling_stock/passenger/db_bm_235-or.json_b614e8797f37b56527ff2437dfa176cf_
[12:51:48] [main/INFO]: ItemRollingStock Icon 59% : immersiverailroading:rolling_stock/passenger/db_bm_235-vr.json_4a9d129af2932f3805ac8ab988850288_
[12:51:48] [main/INFO]: ItemRollingStock Icon 59% : immersiverailroading:rolling_stock/passenger/db_bm_235-ic.json_c4e695f9f0d12e21314a9679538a0a63_
[12:51:49] [main/INFO]: ItemRollingStock Icon 59% : immersiverailroading:rolling_stock/passenger/db_aimz_261-ir.json_cc93573b9256256a4dfef7e7a5f3d797_
[12:51:49] [main/INFO]: ItemRollingStock Icon 59% : immersiverailroading:rolling_stock/passenger/db_bimz_264-ir.json_afa5dc51401796223366254976456302_
[12:51:49] [main/INFO]: ItemRollingStock Icon 59% : immersiverailroading:rolling_stock/passenger/db_bdms_273-ob.json_49978dfaf0b01d7dba070add99dce05a_
[12:51:49] [main/INFO]: ItemRollingStock Icon 60% : immersiverailroading:rolling_stock/passenger/db_bpmmbdz_284-ic.json_4ecac063eb7e1d39a6105047b761d852_
[12:51:49] [main/INFO]: ItemRollingStock Icon 60% : immersiverailroading:rolling_stock/passenger/br802.json_2eb2c9d9199e10717ef3cbaa0d6ce7d1_
[12:51:50] [main/INFO]: ItemRollingStock Icon 60% : immersiverailroading:rolling_stock/passenger/br804.json_3e992306fb1e3041b05b599e1ec0cd90_
[12:51:50] [main/INFO]: ItemRollingStock Icon 60% : immersiverailroading:rolling_stock/passenger/db_br_407_1.json_c059ccf89dce1ee9fd369d98712214d4_
[12:51:50] [main/INFO]: ItemRollingStock Icon 60% : immersiverailroading:rolling_stock/passenger/db_br_407_3.json_f0945bbd88291474eaa0dd1c72bcbad5_
[12:51:50] [main/INFO]: ItemRollingStock Icon 61% : immersiverailroading:rolling_stock/passenger/db_br_407_8.json_becba3a17fa25e433a70c2104c98b099_
[12:51:50] [main/INFO]: ItemRollingStock Icon 61% : immersiverailroading:rolling_stock/passenger/db_br_407_6.json_7af9cacf615ff1f50b3c10cca36efcd9_
[12:51:50] [main/INFO]: ItemRollingStock Icon 61% : immersiverailroading:rolling_stock/passenger/br4071.json_48ef560d35789f029251fed84ff8d0a5_
[12:51:50] [main/INFO]: ItemRollingStock Icon 61% : immersiverailroading:rolling_stock/passenger/br4072.json_a7c2009ab4fe69d741fc342d88b9972d_
[12:51:50] [main/INFO]: ItemRollingStock Icon 61% : immersiverailroading:rolling_stock/passenger/br4073.json_b1288e148b2961ae35f56c09b9e0546d_
[12:51:50] [main/INFO]: ItemRollingStock Icon 62% : immersiverailroading:rolling_stock/passenger/br4078.json_46bd6efbb000033f8338072155972f63_
[12:51:51] [main/INFO]: ItemRollingStock Icon 62% : immersiverailroading:rolling_stock/passenger/br4077.json_f3968d47bed6054e46814bd1c2bbc17b_
[12:51:51] [main/INFO]: ItemRollingStock Icon 62% : immersiverailroading:rolling_stock/passenger/br4076.json_cde25fcd43e28f1bbbd74286872e3a74_
[12:51:51] [main/INFO]: ItemRollingStock Icon 62% : immersiverailroading:rolling_stock/passenger/db_br_408_1.json_f1fe693c3d0f8dd8f4faddaebd0aa10d_
[12:51:51] [main/INFO]: ItemRollingStock Icon 62% : immersiverailroading:rolling_stock/passenger/db_br_443-7.json_206e7ec647b5e508d881332bc526a45f_
[12:51:51] [main/INFO]: ItemRollingStock Icon 63% : immersiverailroading:rolling_stock/passenger/db_br_1862-0.json_e91a9eced29155bc3c55b2d2cf73b30a_
[12:51:51] [main/INFO]: ItemRollingStock Icon 63% : immersiverailroading:rolling_stock/passenger/db_br_1862-5.json_57cfeb9f827dfbd96138b1e2a71ed31f_
[12:51:51] [main/INFO]: ItemRollingStock Icon 63% : immersiverailroading:rolling_stock/passenger/br481wagon.json_0ec0df07453b312e8a2455fcb0c9b74c_
[12:51:51] [main/INFO]: ItemRollingStock Icon 63% : immersiverailroading:rolling_stock/passenger/bnrz451.json_d3eac520c11694b94a7b8dbcca5e6238_
[12:51:52] [main/INFO]: ItemRollingStock Icon 63% : immersiverailroading:rolling_stock/passenger/db_dbza_751.json_bf7a848307a3185cb5385a228de564d4_
[12:51:52] [main/INFO]: ItemRollingStock Icon 63% : immersiverailroading:rolling_stock/passenger/db_dbpza_751.json_d6e7dc44d083af156143d27e8ff94039_
[12:51:52] [main/INFO]: ItemRollingStock Icon 64% : immersiverailroading:rolling_stock/passenger/db_dabza_756.json_5eae73129e4e79b820617823193d9581_
[12:51:52] [main/INFO]: ItemRollingStock Icon 64% : immersiverailroading:rolling_stock/passenger/tri_dbpza_751.json_32187f4aad43ba9a9fc8d5b9ba86cb10_
[12:51:52] [main/INFO]: ItemRollingStock Icon 64% : immersiverailroading:rolling_stock/passenger/db_dabpza_785.json_bc707a9cb80cffc469be0b2e36535882_
[12:51:53] [main/INFO]: ItemRollingStock Icon 64% : immersiverailroading:rolling_stock/passenger/db_dbpza_780-1.json_b03302fbcd835dcc87aa51c27e51f2ca_
[12:51:53] [main/INFO]: ItemRollingStock Icon 64% : immersiverailroading:rolling_stock/passenger/db_dbpza_780-3.json_fb486864979c09a6649c60143539ee7a_
[12:51:53] [main/INFO]: ItemRollingStock Icon 65% : immersiverailroading:rolling_stock/passenger/dbuza.json_221907891d97efe7f2d8c90e9d163d3c_
[12:51:53] [main/INFO]: ItemRollingStock Icon 65% : immersiverailroading:rolling_stock/passenger/108.json_04ef042796d830c65e22bc7a4c0035d0_
[12:51:53] [main/INFO]: ItemRollingStock Icon 65% : immersiverailroading:rolling_stock/passenger/109.json_86fef2b8e836d9aa32411160f17ba557_
[12:51:53] [main/INFO]: ItemRollingStock Icon 65% : immersiverailroading:rolling_stock/passenger/111.json_2ba5a866031556b61a8bbe96f20f5b71_
[12:51:53] [main/INFO]: ItemRollingStock Icon 65% : immersiverailroading:rolling_stock/passenger/134.json_2aade151f4d2ccc7467ddc80b2053ceb_
[12:51:53] [main/INFO]: ItemRollingStock Icon 66% : immersiverailroading:rolling_stock/passenger/207.json_6b55c7e44db8bc599f88df5079242e36_
[12:51:53] [main/INFO]: ItemRollingStock Icon 66% : immersiverailroading:rolling_stock/passenger/ngtbridge.json_987c6bf05f014334282c5435ebdc0d88_
[12:51:54] [main/INFO]: ItemRollingStock Icon 66% : immersiverailroading:rolling_stock/passenger/ngtcenter.json_a78a22351f0e8480a0370d7fc010dec8_
[12:51:54] [main/INFO]: ItemRollingStock Icon 66% : immersiverailroading:rolling_stock/passenger/ngtbellow.json_9a8a3027caf018bd62747e78868f561c_
[12:51:54] [main/INFO]: ItemRollingStock Icon 66% : immersiverailroading:rolling_stock/passenger/b80dbogie.json_89e4a3806d95e8963211824ce904bb19_
[12:51:54] [main/INFO]: ItemRollingStock Icon 67% : immersiverailroading:rolling_stock/passenger/uppcars.json_e5d3a537c93357eef5b79d4b25614c29_
[12:51:54] [main/INFO]: ItemRollingStock Icon 67% : immersiverailroading:rolling_stock/passenger/cp481.json_f8dddbdd406ba2f80834095048561133_
[12:51:54] [main/INFO]: ItemRollingStock Icon 67% : immersiverailroading:rolling_stock/passenger/firstclass.json_ac2d66a7f892b8811addf72cfbf578bd_
[12:51:54] [main/INFO]: ItemRollingStock Icon 67% : immersiverailroading:rolling_stock/passenger/secondclass.json_89a12ab8fad0ab062c4c05f12f724307_
[12:51:54] [main/INFO]: ItemRollingStock Icon 67% : immersiverailroading:rolling_stock/passenger/sorefameregional1.json_3f53a751fd19cd54089890d57280b69e_
[12:51:54] [main/INFO]: ItemRollingStock Icon 68% : immersiverailroading:rolling_stock/passenger/sorefameregional2.json_cbaba5a9a2bfa00d7f0e36cd163afe60_
[12:51:54] [main/INFO]: ItemRollingStock Icon 68% : immersiverailroading:rolling_stock/passenger/sbb_b_dpz_ndw.json_092b5d597b6a2d0c437ce7e72e3d8923_
[12:51:54] [main/INFO]: ItemRollingStock Icon 68% : immersiverailroading:rolling_stock/passenger/sbb_ab_dpzplus.json_4668f8bfa817090fb9b848110ead1a4c_
[12:51:54] [main/INFO]: ItemRollingStock Icon 68% : immersiverailroading:rolling_stock/passenger/bdpzndw.json_53ab3aa6fb3c7bb23e4e7cf3c2d4ab33_
[12:51:55] [main/INFO]: ItemRollingStock Icon 68% : immersiverailroading:rolling_stock/passenger/abdpzplus.json_d26f364dc3e3609a6590df686d424936_
[12:51:55] [main/INFO]: ItemRollingStock Icon 69% : immersiverailroading:rolling_stock/passenger/bhvz.json_b6d99beea4a29fd96b10c0f228086a1c_
[12:51:55] [main/INFO]: ItemRollingStock Icon 69% : immersiverailroading:rolling_stock/passenger/abhvz.json_27d3771be5113045cccd525b3e7ebc0f_
[12:51:55] [main/INFO]: ItemRollingStock Icon 69% : immersiverailroading:rolling_stock/passenger/sbb_rabde_500_wra4.json_eccc443d1cb7f503b839945c5de3c379_
[12:51:55] [main/INFO]: ItemRollingStock Icon 69% : immersiverailroading:rolling_stock/passenger/sbb_rabde_500_a5.json_edcc44bc87ce79cf73c2ecdc27495cb3_
[12:51:55] [main/INFO]: ItemRollingStock Icon 69% : immersiverailroading:rolling_stock/passenger/sbb_rabde_500_ad6.json_e116ca6e239287be4bca5d09a002b538_
[12:51:55] [main/INFO]: ItemRollingStock Icon 70% : immersiverailroading:rolling_stock/passenger/a4501.json_901a9d0a9fc3b3d90a4accbc2b60464a_
[12:51:55] [main/INFO]: ItemRollingStock Icon 70% : immersiverailroading:rolling_stock/passenger/a5501.json_f92c5060aa1addd349248c4ac4076c9a_
[12:51:55] [main/INFO]: ItemRollingStock Icon 70% : immersiverailroading:rolling_stock/passenger/wr6501.json_55d7c48c83899d5452bd164f24c210d2_
[12:51:55] [main/INFO]: ItemRollingStock Icon 70% : immersiverailroading:rolling_stock/passenger/b7501.json_d915c242ad783a5b1d43016b3e5dc3ea_
[12:51:55] [main/INFO]: ItemRollingStock Icon 70% : immersiverailroading:rolling_stock/passenger/b8501.json_de7e72351f4a842b91ecb75d3f6674f9_
[12:51:56] [main/INFO]: ItemRollingStock Icon 71% : immersiverailroading:rolling_stock/passenger/b10501.json_1fdd382b01b539743452669b8d50bf20_
[12:51:56] [main/INFO]: ItemRollingStock Icon 71% : immersiverailroading:rolling_stock/passenger/b11501.json_90beb57a42aa3156d75fded06a7578c2_
[12:51:56] [main/INFO]: ItemRollingStock Icon 71% : immersiverailroading:rolling_stock/passenger/b3502.json_a6550f3850ce734c587b6300329a8923_
[12:51:56] [main/INFO]: ItemRollingStock Icon 71% : immersiverailroading:rolling_stock/passenger/sbb_rabe_511_ab2.json_030fa040019521af792592f24dc17f83_
[12:51:56] [main/INFO]: ItemRollingStock Icon 71% : immersiverailroading:rolling_stock/passenger/sbb_rabe_511_b3.json_886bf31802e3a75a3dee1d98387503e6_
[12:51:56] [main/INFO]: ItemRollingStock Icon 72% : immersiverailroading:rolling_stock/passenger/sbb_rabe_511_b4.json_3ed510b1eb1992c67f6e70e2fbafbb2b_
[12:51:56] [main/INFO]: ItemRollingStock Icon 72% : immersiverailroading:rolling_stock/passenger/sbb_rabe_511_ab5.json_5675f939f84c3f0f83f22f8dde4fac97_
[12:51:56] [main/INFO]: ItemRollingStock Icon 72% : immersiverailroading:rolling_stock/passenger/ab2511.json_f067a021f4fecddcc7832435c6a9b83a_
[12:51:56] [main/INFO]: ItemRollingStock Icon 72% : immersiverailroading:rolling_stock/passenger/b3511.json_935047fdc5b79204d5517080f910a267_
[12:51:57] [main/INFO]: ItemRollingStock Icon 72% : immersiverailroading:rolling_stock/passenger/b4511.json_014898ee396ac25a1ffff65db3c4a3b6_
[12:51:57] [main/INFO]: ItemRollingStock Icon 72% : immersiverailroading:rolling_stock/passenger/ab5511.json_7a2d6192b81071f2f6d35da911d667a9_
[12:51:57] [main/INFO]: ItemRollingStock Icon 73% : immersiverailroading:rolling_stock/passenger/ab2511sbb.json_eb525b277bd0fd963163393913a8213f_
[12:51:57] [main/INFO]: ItemRollingStock Icon 73% : immersiverailroading:rolling_stock/passenger/b3511sbb.json_247f3e9d7b5aed4f17800afbb9c68001_
[12:51:57] [main/INFO]: ItemRollingStock Icon 73% : immersiverailroading:rolling_stock/passenger/b4511sbb.json_c078561c12a65b3c805b4bc941d1919e_
[12:51:57] [main/INFO]: ItemRollingStock Icon 73% : immersiverailroading:rolling_stock/passenger/ab5511sbb.json_167aa0d992e643c570d6d3937d58fcaf_
[12:51:57] [main/INFO]: ItemRollingStock Icon 73% : immersiverailroading:rolling_stock/passenger/b2514.json_37f8e874312f46ac77d9d21c5e095f11_
[12:51:57] [main/INFO]: ItemRollingStock Icon 74% : immersiverailroading:rolling_stock/passenger/b3514.json_8a3af56e43e4bea42091cd038ac6fb86_
[12:51:57] [main/INFO]: ItemRollingStock Icon 74% : immersiverailroading:rolling_stock/passenger/sbb_b_npz_do_toilet.json_b912022b3cc3d0b8ff2a69e917f5c5c4_
[12:51:57] [main/INFO]: ItemRollingStock Icon 74% : immersiverailroading:rolling_stock/passenger/ewivas.json_0bffea4a6d2a3f981337ff2b2c3c8c8c_
[12:51:57] [main/INFO]: ItemRollingStock Icon 74% : immersiverailroading:rolling_stock/passenger/ewiva.json_eaa5a6994f4d66e8dd86310c6f2f3e9e_
[12:51:57] [main/INFO]: ItemRollingStock Icon 74% : immersiverailroading:rolling_stock/passenger/ewivb.json_29118084f7c8d93642a8ef31dff1e675_
[12:51:57] [main/INFO]: ItemRollingStock Icon 75% : immersiverailroading:rolling_stock/passenger/ewivasmod.json_750907ac3482c571cc145a1a80618bcb_
[12:51:57] [main/INFO]: ItemRollingStock Icon 75% : immersiverailroading:rolling_stock/passenger/ewivamod.json_90cc9998c6bdd8c7ff8f63edb257dc49_
[12:51:58] [main/INFO]: ItemRollingStock Icon 75% : immersiverailroading:rolling_stock/passenger/ewivbmod.json_e1104f002f79f24c430872fdec9cd71f_
[12:51:58] [main/INFO]: ItemRollingStock Icon 75% : immersiverailroading:rolling_stock/passenger/sbb_wrm.json_0e05cdd01603f5393fd1f4f954f36d25_
[12:51:58] [main/INFO]: ItemRollingStock Icon 75% : immersiverailroading:rolling_stock/passenger/sbbwrm.json_b9d1a4e4b088b741331ea78399db40e0_
[12:51:58] [main/INFO]: ItemRollingStock Icon 76% : immersiverailroading:rolling_stock/passenger/sbb_ec_apm.json_237e88ed430afdd96cd3d3f900970002_
[12:51:58] [main/INFO]: ItemRollingStock Icon 76% : immersiverailroading:rolling_stock/passenger/sbb_ec_apm_panorama.json_291c7c7fa0e5d8cba63075724faa156b_
[12:51:58] [main/INFO]: ItemRollingStock Icon 76% : immersiverailroading:rolling_stock/passenger/ecapm.json_40525a86c061e582a73af4a1d7d3b2c2_
[12:51:58] [main/INFO]: ItemRollingStock Icon 76% : immersiverailroading:rolling_stock/passenger/ecbpm.json_fd3803a51df70c5118614d1418783057_
[12:51:58] [main/INFO]: ItemRollingStock Icon 76% : immersiverailroading:rolling_stock/passenger/ecapmmod.json_310ebe73488fc01994bd0bdc66054a85_
[12:51:58] [main/INFO]: ItemRollingStock Icon 77% : immersiverailroading:rolling_stock/passenger/ecbpmmod.json_9d9fe7ce16d0141e39601f7331ae9682_
[12:51:58] [main/INFO]: ItemRollingStock Icon 77% : immersiverailroading:rolling_stock/passenger/ecapmpano.json_5ce9e086b2768271c7873bb106790c59_
[12:51:58] [main/INFO]: ItemRollingStock Icon 77% : immersiverailroading:rolling_stock/passenger/sbb_ic2000_b.json_02d88450976efd376fba3261b67b0f01_
[12:51:58] [main/INFO]: ItemRollingStock Icon 77% : immersiverailroading:rolling_stock/passenger/sbb_ic2000_a.json_9f8f66972d9ef2acee1adc18f4e26fb2_
[12:51:59] [main/INFO]: ItemRollingStock Icon 77% : immersiverailroading:rolling_stock/passenger/sbb_ic2000_ad.json_41ad445afadf531f58a3ffc1f9096dae_
[12:51:59] [main/INFO]: ItemRollingStock Icon 78% : immersiverailroading:rolling_stock/passenger/sbb_ic_2020_b.json_c3c5135639589705e21a70a8552c94ec_
[12:51:59] [main/INFO]: ItemRollingStock Icon 78% : immersiverailroading:rolling_stock/passenger/sbb_ic_2020_a.json_63b902d27fb279c38a432eb3eb452c5a_
[12:51:59] [main/INFO]: ItemRollingStock Icon 78% : immersiverailroading:rolling_stock/passenger/sbb_ic_2020_ad.json_2aae51f32a7fe1bc9ed2e1fabe39fdcd_
[12:51:59] [main/INFO]: ItemRollingStock Icon 78% : immersiverailroading:rolling_stock/passenger/ic2000ad.json_59306e7545a256524cbaa25f25706726_
[12:51:59] [main/INFO]: ItemRollingStock Icon 78% : immersiverailroading:rolling_stock/passenger/ic2000a.json_eb1b8ccc2f1d4a00e3ac0cdacff20014_
[12:51:59] [main/INFO]: ItemRollingStock Icon 79% : immersiverailroading:rolling_stock/passenger/ic2000wrb.json_f24002582e194346ed311abba6b0cc68_
[12:51:59] [main/INFO]: ItemRollingStock Icon 79% : immersiverailroading:rolling_stock/passenger/ic2000b.json_ea34e8212d6deb735bd2a55730aac05d_
[12:52:00] [main/INFO]: ItemRollingStock Icon 79% : immersiverailroading:rolling_stock/passenger/ic2020ad.json_29d6b35fc9a07ee1a9a62824ad3d3058_
[12:52:00] [main/INFO]: ItemRollingStock Icon 79% : immersiverailroading:rolling_stock/passenger/ic2020a.json_7993558a9530a41a9e040eeb628b72e3_
[12:52:00] [main/INFO]: ItemRollingStock Icon 79% : immersiverailroading:rolling_stock/passenger/ic2020wrb.json_454d66e1eafae5fc498779bb985ac32b_
[12:52:00] [main/INFO]: ItemRollingStock Icon 80% : immersiverailroading:rolling_stock/passenger/ic2020b.json_5782c42b14dfe88d7a81b262f78a5fa8_
[12:52:00] [main/INFO]: ItemRollingStock Icon 80% : immersiverailroading:rolling_stock/passenger/sob_flirt3_2.json_30d830e176d88144c8b9c6a7952beaa2_
[12:52:00] [main/INFO]: ItemRollingStock Icon 80% : immersiverailroading:rolling_stock/passenger/sob_flirt3_3.json_469bb9bd57358d63a1ffb0cae4b6479d_
[12:52:00] [main/INFO]: ItemRollingStock Icon 80% : immersiverailroading:rolling_stock/passenger/sob_traverso_2.json_7e918a2aa62e039c232540be5f734f0f_
[12:52:00] [main/INFO]: ItemRollingStock Icon 80% : immersiverailroading:rolling_stock/passenger/sob_traverso_3.json_81b5b216cfc70e4ae450dd84b71091e0_
[12:52:00] [main/INFO]: ItemRollingStock Icon 81% : immersiverailroading:rolling_stock/passenger/sob_traverso_6.json_0a02e9780d11d7b10cfbbceed00906ff_
[12:52:00] [main/INFO]: ItemRollingStock Icon 81% : immersiverailroading:rolling_stock/passenger/sob_traverso_7.json_877427e879fa66ce1205d5cf2bf2bfa9_
[12:52:00] [main/INFO]: ItemRollingStock Icon 81% : immersiverailroading:rolling_stock/passenger/thurbo_rabe_526_7_b4.json_2dd48918d81b57ea7fa6e27aea141894_
[12:52:00] [main/INFO]: ItemRollingStock Icon 81% : immersiverailroading:rolling_stock/passenger/rhb_b316.json_134b9592192c2a4bbab1f553c6274d32_
[12:52:01] [main/INFO]: ItemRollingStock Icon 81% : immersiverailroading:rolling_stock/passenger/rhb_b317.json_59897a509ce37c838c68c85eee4e1559_
[12:52:01] [main/INFO]: ItemRollingStock Icon 81% : immersiverailroading:rolling_stock/passenger/tram2000bogie.json_f7e5ed4efbe201a38ef2a48025a4891a_
[12:52:01] [main/INFO]: ItemRollingStock Icon 82% : immersiverailroading:rolling_stock/passenger/tram20001rear.json_fe8c3904724b74c854f19d86196e8487_
[12:52:01] [main/INFO]: ItemRollingStock Icon 82% : immersiverailroading:rolling_stock/passenger/tram20001bkrear.json_9014e608f6c720c959d464a3d0dc3d65_
[12:52:01] [main/INFO]: ItemRollingStock Icon 82% : immersiverailroading:rolling_stock/passenger/tram20002rear.json_e9e3901811bf333533044dc5cff3cb78_
[12:52:01] [main/INFO]: ItemRollingStock Icon 82% : immersiverailroading:rolling_stock/passenger/tram20003middle.json_daa36f1c467c504fa1fae6aa8b6cadd9_
[12:52:01] [main/INFO]: ItemRollingStock Icon 82% : immersiverailroading:rolling_stock/passenger/tram20003rear.json_2a88ec0f39c178817800993723c5aa9d_
[12:52:01] [main/INFO]: ItemRollingStock Icon 83% : immersiverailroading:rolling_stock/passenger/cobrabellow.json_76bc9a47498ade57b582f0b9be57453a_
[12:52:01] [main/INFO]: ItemRollingStock Icon 83% : immersiverailroading:rolling_stock/passenger/cobra2.json_099dac3bbbdb9a261c5aac9d9b6600ae_
[12:52:01] [main/INFO]: ItemRollingStock Icon 83% : immersiverailroading:rolling_stock/passenger/cobra3.json_067e466f0fcb76dead8f77c428a45e61_
[12:52:01] [main/INFO]: ItemRollingStock Icon 83% : immersiverailroading:rolling_stock/passenger/cobra4.json_81bd51c1471106f7b0dcbc73897c575e_
[12:52:01] [main/INFO]: ItemRollingStock Icon 83% : immersiverailroading:rolling_stock/passenger/cobra5.json_0e1ad278d8d520687be05b503019095c_
[12:52:01] [main/INFO]: ItemRollingStock Icon 84% : immersiverailroading:rolling_stock/passenger/vbgbellow.json_ee0c33f32f0dd5131967f7461afb0108_
[12:52:01] [main/INFO]: ItemRollingStock Icon 84% : immersiverailroading:rolling_stock/passenger/vbg2.json_528f4f1ae68d6b36012c022407e44036_
[12:52:01] [main/INFO]: ItemRollingStock Icon 84% : immersiverailroading:rolling_stock/passenger/vbg3.json_72f8da2b522d1458388a65cfb9ec56cc_
[12:52:01] [main/INFO]: ItemRollingStock Icon 84% : immersiverailroading:rolling_stock/passenger/vbg4.json_aa82d90674fd85f345c781d24dbe01be_
[12:52:01] [main/INFO]: ItemRollingStock Icon 84% : immersiverailroading:rolling_stock/passenger/vbg5.json_c0b8c4421c1ada1b7e09b42f7feae2d1_
[12:52:01] [main/INFO]: ItemRollingStock Icon 85% : immersiverailroading:rolling_stock/passenger/forchbahn_be_4-6_b.json_029bb8d5340c8ba41119b3ca9b132b54_
[12:52:01] [main/INFO]: ItemRollingStock Icon 85% : immersiverailroading:rolling_stock/passenger/fbbe46r.json_0dd8662f524e4bebc10e24587c90e70b_
[12:52:01] [main/INFO]: ItemRollingStock Icon 85% : immersiverailroading:rolling_stock/passenger/sltb1.json_54081e3055eb10224e96b16c49477677_
[12:52:01] [main/INFO]: ItemRollingStock Icon 85% : immersiverailroading:rolling_stock/passenger/sltb2.json_3944d4461135399c73bfd44cdb24971a_
[12:52:01] [main/INFO]: ItemRollingStock Icon 85% : immersiverailroading:rolling_stock/passenger/sltab.json_336941e27ccd5c3c2c557ecd77ed4dff_
[12:52:02] [main/INFO]: ItemRollingStock Icon 86% : immersiverailroading:rolling_stock/passenger/sltl.json_fd68fbb4802e3e77da8792d66f89a995_
[12:52:02] [main/INFO]: ItemRollingStock Icon 86% : immersiverailroading:rolling_stock/passenger/sltmb.json_38ef0ee7524e325e93ce071374d8c15f_
[12:52:02] [main/INFO]: ItemRollingStock Icon 86% : immersiverailroading:rolling_stock/passenger/ns_sng_b.json_982d64504e4e8ee51981dd254fbe001f_
[12:52:02] [main/INFO]: ItemRollingStock Icon 86% : immersiverailroading:rolling_stock/passenger/sngb.json_13a03206fa35cd96835461577c94ad4a_
[12:52:02] [main/INFO]: ItemRollingStock Icon 86% : immersiverailroading:rolling_stock/passenger/ns_virmm1_abv3-4.json_75edb45c8658f6979764c6b6f5bae1a9_
[12:52:02] [main/INFO]: ItemRollingStock Icon 87% : immersiverailroading:rolling_stock/passenger/ns_virmm1_abv6.json_1db28338cea0f6dba833b65fbb8611db_
[12:52:02] [main/INFO]: ItemRollingStock Icon 87% : immersiverailroading:rolling_stock/passenger/ns_virmm1_abv5.json_bce1cd3b785f75523fbd4028515a28e7_
[12:52:02] [main/INFO]: ItemRollingStock Icon 87% : immersiverailroading:rolling_stock/passenger/virmmabv3-4.json_77af4623ce6d38ef6a45d96b59eb9cc6_
[12:52:02] [main/INFO]: ItemRollingStock Icon 87% : immersiverailroading:rolling_stock/passenger/virmmabv5.json_3d93d89857f8516bc9750409c580832c_
[12:52:02] [main/INFO]: ItemRollingStock Icon 87% : immersiverailroading:rolling_stock/passenger/virmmabv6.json_adf04a5d213d512e1ac6503958d807e3_
[12:52:03] [main/INFO]: ItemRollingStock Icon 88% : immersiverailroading:rolling_stock/passenger/ns_icmm_ab.json_da3ac30743b28d7b8320279bd1d913f6_
[12:52:03] [main/INFO]: ItemRollingStock Icon 88% : immersiverailroading:rolling_stock/passenger/ns_icmm_a.json_baafe589ebfe3118dc4f491d97cfd3a3_
[12:52:03] [main/INFO]: ItemRollingStock Icon 88% : immersiverailroading:rolling_stock/passenger/icmmab.json_6809aa9167a1eea7c1ae967515847252_
[12:52:03] [main/INFO]: ItemRollingStock Icon 88% : immersiverailroading:rolling_stock/passenger/icmma.json_2cee77730bb18f918f06129fd6cc6c4e_
[12:52:03] [main/INFO]: ItemRollingStock Icon 88% : immersiverailroading:rolling_stock/passenger/icrbpmz10.json_ce1f192c26f97ccc620f8bf2e8e36f5a_
[12:52:03] [main/INFO]: ItemRollingStock Icon 89% : immersiverailroading:rolling_stock/passenger/icrb.json_190e722eb4dbb086bff39863a13497d9_
[12:52:03] [main/INFO]: ItemRollingStock Icon 89% : immersiverailroading:rolling_stock/passenger/icrbd.json_fd011a5fa089c18fa73aafd74ea2d6e2_
[12:52:03] [main/INFO]: ItemRollingStock Icon 89% : immersiverailroading:rolling_stock/passenger/icra.json_ba6700d1b9a74f11db6c07daff28d533_
[12:52:03] [main/INFO]: ItemRollingStock Icon 89% : immersiverailroading:rolling_stock/passenger/wcb61848870.json_0ac63d72bd113b0848f9e23891869299_
[12:52:03] [main/INFO]: ItemRollingStock Icon 89% : immersiverailroading:rolling_stock/passenger/vtua10.json_32c84f6d1c584473201e877a0b8db1ba_
[12:52:03] [main/INFO]: ItemRollingStock Icon 90% : immersiverailroading:rolling_stock/passenger/railjet_bmpz.json_87d2425b171833a0e3792a9c867e2089_
[12:52:03] [main/INFO]: ItemRollingStock Icon 90% : immersiverailroading:rolling_stock/passenger/portaloo.json_1caa7dea8aadef31208e64498e24ad63_
[12:52:03] [main/INFO]: ItemRollingStock Icon 90% : immersiverailroading:rolling_stock/freight/eanos.json_eeb4388b41ec708db0e226758bdb6ace_
[12:52:03] [main/INFO]: ItemRollingStock Icon 90% : immersiverailroading:rolling_stock/freight/falns121.json_f219474e107d35775288b3360bf3e35e_
[12:52:04] [main/INFO]: ItemRollingStock Icon 90% : immersiverailroading:rolling_stock/freight/facnps_48.json_d97b46cb3c76f9a8944c8657958c766c_
[12:52:04] [main/INFO]: ItemRollingStock Icon 90% : immersiverailroading:rolling_stock/freight/db_gmms_60.json_638aa62b194dcb71cc0c4880dbe1c7fb_
[12:52:04] [main/INFO]: ItemRollingStock Icon 91% : immersiverailroading:rolling_stock/freight/db_gmms_60-hb.json_35eb75be40e961beed694d6d232a9a40_
[12:52:04] [main/INFO]: ItemRollingStock Icon 91% : immersiverailroading:rolling_stock/freight/db_glmms_61.json_ae57ed4f3dcda633833b46b2b891fb2e_
[12:52:04] [main/INFO]: ItemRollingStock Icon 91% : immersiverailroading:rolling_stock/freight/db_glmms_61-hb.json_7b8a56644771552ef50a2d95c64a1321_
[12:52:04] [main/INFO]: ItemRollingStock Icon 91% : immersiverailroading:rolling_stock/freight/dbp_post_2_ss-t13.json_b66de8de249f1b450048118b5932aafe_
[12:52:04] [main/INFO]: ItemRollingStock Icon 91% : immersiverailroading:rolling_stock/freight/db_kds_54.json_21e29b6a1965c5a07d53d55cc0472097_
[12:52:04] [main/INFO]: ItemRollingStock Icon 92% : immersiverailroading:rolling_stock/freight/db_kds_54-hb.json_c7ea7fc43e121fed4511901927492689_
[12:52:04] [main/INFO]: ItemRollingStock Icon 92% : immersiverailroading:rolling_stock/freight/db_cargo_hbbills_308.json_441813cb40be4da0d2f51983d36eca12_
[12:52:04] [main/INFO]: ItemRollingStock Icon 92% : immersiverailroading:rolling_stock/freight/db_cargo_hbbins_306.json_a478871aaca6f0f89758dbc871f58d30_
[12:52:04] [main/INFO]: ItemRollingStock Icon 92% : immersiverailroading:rolling_stock/freight/railion_habbiins_344.json_6282b723a217ea457f9e84709e7530a7_
[12:52:05] [main/INFO]: ItemRollingStock Icon 92% : immersiverailroading:rolling_stock/freight/db_cargo_laaeffrs_561-1.json_d8a45d2d321c0c2dd647094fdaa8623e_
[12:52:05] [main/INFO]: ItemRollingStock Icon 93% : immersiverailroading:rolling_stock/freight/db_cargo_laaeffrs_561-2.json_2546af1043272827bc78ad3c0cc7f055_
[12:52:05] [main/INFO]: ItemRollingStock Icon 93% : immersiverailroading:rolling_stock/freight/db_omm_55-hb.json_cba6275f48688cd8e7087fb666927bf6_
[12:52:05] [main/INFO]: ItemRollingStock Icon 93% : immersiverailroading:rolling_stock/freight/db_omm_55.json_d56e027906319f75d13d9c51be1642ba_
[12:52:05] [main/INFO]: ItemRollingStock Icon 93% : immersiverailroading:rolling_stock/freight/samms710.json_035dba92d5cb1d478b6d0ce068de9254_
[12:52:05] [main/INFO]: ItemRollingStock Icon 93% : immersiverailroading:rolling_stock/freight/samms709_lhb.json_c350a356d6faca14f8af40db5e1e9551_
[12:52:05] [main/INFO]: ItemRollingStock Icon 94% : immersiverailroading:rolling_stock/freight/samms709_graaff.json_ec365741a4106bf2305213dcfe521089_
[12:52:05] [main/INFO]: ItemRollingStock Icon 94% : immersiverailroading:rolling_stock/freight/sahmmst709_graaff.json_f58949863983a318f3cc52e15305313e_
[12:52:05] [main/INFO]: ItemRollingStock Icon 94% : immersiverailroading:rolling_stock/freight/sahmms709_okd.json_973ce2f7ff548c154e71acf96ca39fa6_
[12:52:06] [main/INFO]: ItemRollingStock Icon 94% : immersiverailroading:rolling_stock/freight/sggrs716_1.json_f844eb397d4d84a53ee3bda04665b279_
[12:52:06] [main/INFO]: ItemRollingStock Icon 94% : immersiverailroading:rolling_stock/freight/sggrs716_2.json_ea0bd9858b6b9cf1423ef09eea0a4e89_
[12:52:06] [main/INFO]: ItemRollingStock Icon 95% : immersiverailroading:rolling_stock/freight/sggnss_80_xl.json_99ec2b58912eb86bb14b97800b33f643_
[12:52:06] [main/INFO]: ItemRollingStock Icon 95% : immersiverailroading:rolling_stock/freight/rommenhoeller.json_4fd69f7ddf862fb1d6a2567debc5e9ce_
[12:52:06] [main/INFO]: ItemRollingStock Icon 95% : immersiverailroading:rolling_stock/freight/gondola.json_297e8cafe69e1129fb8bef84c1ea5868_
[12:52:06] [main/INFO]: ItemRollingStock Icon 95% : immersiverailroading:rolling_stock/freight/wellcar_53.json_d95eb23a96dc0ffb6abcd8360c7c09d7_
[12:52:06] [main/INFO]: ItemRollingStock Icon 95% : immersiverailroading:rolling_stock/freight/cp_ekklo_40s.json_a883a5a20724044796c972d3b7b8aa73_
[12:52:06] [main/INFO]: ItemRollingStock Icon 96% : immersiverailroading:rolling_stock/freight/cp_sgnss.json_658346cc3367da619244c764bacdef4b_
[12:52:06] [main/INFO]: ItemRollingStock Icon 96% : immersiverailroading:rolling_stock/freight/hbbillnss.json_f4550ec92dd7faa606fa33cd4cfb90aa_
[12:52:06] [main/INFO]: ItemRollingStock Icon 96% : immersiverailroading:rolling_stock/freight/tagnppssbbcargo.json_125dfa62f52b24b575b01cd7c747785a_
[12:52:06] [main/INFO]: ItemRollingStock Icon 96% : immersiverailroading:rolling_stock/freight/tagnppszucker.json_e4096cda45c6eac83a78bf147441a801_
[12:52:06] [main/INFO]: ItemRollingStock Icon 96% : immersiverailroading:rolling_stock/freight/uacns932_holcim.json_f817c8c3745fb234a691799966864a09_
[12:52:07] [main/INFO]: ItemRollingStock Icon 97% : immersiverailroading:rolling_stock/freight/hupac_t3000e_a.json_33b1c81ed3966cf2b62dbeb85908177b_
[12:52:07] [main/INFO]: ItemRollingStock Icon 97% : immersiverailroading:rolling_stock/freight/hupac_t3000e_b.json_3951be7fd4c9f987c2818bb5c905013e_
[12:52:07] [main/INFO]: ItemRollingStock Icon 97% : immersiverailroading:rolling_stock/freight/ns_ubcs_3830.json_24e111bb59a4bd549f5cc99be719f220_
[12:52:07] [main/INFO]: ItemRollingStock Icon 97% : immersiverailroading:rolling_stock/freight/laeks427_1.json_ecd1dd309911e2f2c174b7b3dd1e2677_
[12:52:07] [main/INFO]: ItemRollingStock Icon 97% : immersiverailroading:rolling_stock/freight/laeks427_2.json_530f115cfff9f53958f2fa0bfc14704b_
[12:52:07] [main/INFO]: ItemRollingStock Icon 98% : immersiverailroading:rolling_stock/freight/franz.json_edd439b05859438e9b49d88454247206_
[12:52:07] [main/INFO]: ItemRollingStock Icon 98% : immersiverailroading:rolling_stock/freight/buffer.json_fed9f7f7b40a83e81af780fb0659f1de_
[12:52:07] [main/INFO]: ItemRollingStock Icon 98% : immersiverailroading:rolling_stock/freight/rawie_typ_4_modern.json_1f59e27b106c5d7b69cb2afb6c2cadb5_
[12:52:07] [main/INFO]: ItemRollingStock Icon 98% : immersiverailroading:rolling_stock/freight/rawie_typ_4_wood1.json_9bc1b6206ee3abd363014cd66a337299_
[12:52:07] [main/INFO]: ItemRollingStock Icon 98% : immersiverailroading:rolling_stock/freight/rawie_typ_4_wood1_rust.json_27328d9852a50c1c1414b4ae0a60a8da_
[12:52:07] [main/INFO]: ItemRollingStock Icon 99% : immersiverailroading:rolling_stock/freight/rawie_typ_4_wood2.json_1d413ba31c04772ea47e8dc800353cf6_
[12:52:07] [main/INFO]: ItemRollingStock Icon 99% : immersiverailroading:rolling_stock/freight/ip_buffer_metal.json_dafa7d69b218f3dd18d500c04236aec5_
[12:52:07] [main/INFO]: ItemRollingStock Icon 99% : immersiverailroading:rolling_stock/freight/bufferzh.json_d73ac101e0c223da618eb7d7dc458c12_
[12:52:07] [main/INFO]: ItemRollingStock Icon 99% : immersiverailroading:rolling_stock/freight/bufferzhextension.json_48abb8759f7fdc77c716cb09c570cfca_
[12:52:07] [main/INFO]: ItemRollingStock Icon 99% : immersiverailroading:rolling_stock/freight/rawie_type_6.json_f48330ac53fd18442539d7237bb92f41_
[12:52:07] [main/INFO]: ItemRollingStock Icon 100% : immersiverailroading:rolling_stock/hand_car/draisine.json_cac358c36eb97f763aa3882a5eb96d1e_
[12:52:07] [Worker-Main-24/WARN]: Unsafe tag access before load, try to avoid this if possible
[12:52:07] [Worker-Main-24/WARN]: Unsafe tag access before load, try to avoid this if possible
[12:52:07] [Worker-Main-24/WARN]: Unsafe tag access before load, try to avoid this if possible
[12:52:07] [Worker-Main-24/WARN]: Unsafe tag access before load, try to avoid this if possible
[12:52:07] [Worker-Main-24/WARN]: Unsafe tag access before load, try to avoid this if possible
[12:52:07] [Worker-Main-24/WARN]: Unsafe tag access before load, try to avoid this if possible
[12:52:07] [Worker-Main-24/WARN]: Unsafe tag access before load, try to avoid this if possible
[12:52:07] [Worker-Main-24/WARN]: Unsafe tag access before load, try to avoid this if possible
[12:52:07] [Worker-Main-24/WARN]: Unsafe tag access before load, try to avoid this if possible
[12:52:07] [Worker-Main-24/WARN]: Unsafe tag access before load, try to avoid this if possible
[12:52:07] [Worker-Main-24/WARN]: Unsafe tag access before load, try to avoid this if possible
[12:52:07] [Worker-Main-24/WARN]: Unsafe tag access before load, try to avoid this if possible
[12:52:07] [Worker-Main-24/WARN]: Unsafe tag access before load, try to avoid this if possible
[12:52:07] [Worker-Main-24/WARN]: Unsafe tag access before load, try to avoid this if possible
[12:52:07] [Worker-Main-24/WARN]: Unsafe tag access before load, try to avoid this if possible
[12:52:07] [Worker-Main-24/WARN]: Unsafe tag access before load, try to avoid this if possible
[12:52:07] [Worker-Main-24/WARN]: Unsafe tag access before load, try to avoid this if possible
[12:52:07] [Worker-Main-24/WARN]: Unsafe tag access before load, try to avoid this if possible
[12:52:07] [Worker-Main-24/WARN]: Unsafe tag access before load, try to avoid this if possible
[12:52:07] [Worker-Main-24/WARN]: Unsafe tag access before load, try to avoid this if possible
[12:52:07] [Worker-Main-24/WARN]: Unsafe tag access before load, try to avoid this if possible
[12:52:07] [Worker-Main-24/WARN]: Unsafe tag access before load, try to avoid this if possible
[12:52:07] [Worker-Main-24/WARN]: Unsafe tag access before load, try to avoid this if possible
[12:52:07] [Worker-Main-24/WARN]: Unsafe tag access before load, try to avoid this if possible
[12:52:07] [Worker-Main-24/WARN]: Unsafe tag access before load, try to avoid this if possible
[12:52:07] [Worker-Main-24/WARN]: Unsafe tag access before load, try to avoid this if possible
[12:52:07] [Worker-Main-24/WARN]: Unsafe tag access before load, try to avoid this if possible
[12:52:07] [Worker-Main-24/WARN]: Unsafe tag access before load, try to avoid this if possible
[12:52:07] [Worker-Main-24/WARN]: Unsafe tag access before load, try to avoid this if possible
[12:52:07] [Worker-Main-24/WARN]: Unsafe tag access before load, try to avoid this if possible
[12:52:07] [Worker-Main-24/WARN]: Unsafe tag access before load, try to avoid this if possible
[12:52:07] [Worker-Main-24/WARN]: Unsafe tag access before load, try to avoid this if possible
[12:52:07] [Worker-Main-24/WARN]: Unsafe tag access before load, try to avoid this if possible
[12:52:07] [Worker-Main-24/WARN]: Unsafe tag access before load, try to avoid this if possible
[12:52:07] [Worker-Main-24/WARN]: Unsafe tag access before load, try to avoid this if possible
[12:52:07] [Worker-Main-24/WARN]: Unsafe tag access before load, try to avoid this if possible
[12:52:07] [Worker-Main-24/WARN]: Unsafe tag access before load, try to avoid this if possible
[12:52:07] [Worker-Main-24/WARN]: Unsafe tag access before load, try to avoid this if possible
[12:52:07] [Worker-Main-24/WARN]: Unsafe tag access before load, try to avoid this if possible
[12:52:07] [Worker-Main-24/WARN]: Unsafe tag access before load, try to avoid this if possible
[12:52:07] [Worker-Main-24/WARN]: Unsafe tag access before load, try to avoid this if possible
[12:52:07] [Worker-Main-24/WARN]: Unsafe tag access before load, try to avoid this if possible
[12:52:07] [Worker-Main-24/WARN]: Unsafe tag access before load, try to avoid this if possible
[12:52:07] [Worker-Main-24/WARN]: Unsafe tag access before load, try to avoid this if possible
[12:52:07] [Worker-Main-24/WARN]: Unsafe tag access before load, try to avoid this if possible
[12:52:07] [Worker-Main-24/WARN]: Unsafe tag access before load, try to avoid this if possible
[12:52:07] [Worker-Main-24/WARN]: Unsafe tag access before load, try to avoid this if possible
[12:52:07] [Worker-Main-24/WARN]: Unsafe tag access before load, try to avoid this if possible
[12:52:07] [Worker-Main-24/WARN]: Unsafe tag access before load, try to avoid this if possible
[12:52:07] [Worker-Main-24/WARN]: Unsafe tag access before load, try to avoid this if possible
[12:52:07] [Worker-Main-24/WARN]: Unsafe tag access before load, try to avoid this if possible
[12:52:07] [Worker-Main-24/WARN]: Unsafe tag access before load, try to avoid this if possible
[12:52:07] [Worker-Main-24/WARN]: Unsafe tag access before load, try to avoid this if possible
[12:52:07] [Worker-Main-24/WARN]: Unsafe tag access before load, try to avoid this if possible
[12:52:07] [Worker-Main-24/WARN]: Unsafe tag access before load, try to avoid this if possible
[12:52:07] [Worker-Main-24/WARN]: Unsafe tag access before load, try to avoid this if possible
[12:52:07] [Worker-Main-24/WARN]: Unsafe tag access before load, try to avoid this if possible
[12:52:07] [Worker-Main-24/WARN]: Unsafe tag access before load, try to avoid this if possible
[12:52:07] [Worker-Main-24/WARN]: Unsafe tag access before load, try to avoid this if possible
[12:52:07] [Worker-Main-24/WARN]: Unsafe tag access before load, try to avoid this if possible
[12:52:07] [Worker-Main-24/WARN]: Unsafe tag access before load, try to avoid this if possible
[12:52:07] [Worker-Main-24/WARN]: Unsafe tag access before load, try to avoid this if possible
[12:52:07] [Worker-Main-24/WARN]: Unsafe tag access before load, try to avoid this if possible
[12:52:07] [Worker-Main-24/WARN]: Unsafe tag access before load, try to avoid this if possible
[12:52:07] [Worker-Main-24/WARN]: Unsafe tag access before load, try to avoid this if possible
[12:52:07] [Worker-Main-24/WARN]: Unsafe tag access before load, try to avoid this if possible
[12:52:07] [Worker-Main-24/WARN]: Unsafe tag access before load, try to avoid this if possible
[12:52:07] [Worker-Main-24/WARN]: Unsafe tag access before load, try to avoid this if possible
[12:52:07] [Worker-Main-24/WARN]: Unsafe tag access before load, try to avoid this if possible
[12:52:07] [Worker-Main-24/WARN]: Unsafe tag access before load, try to avoid this if possible
[12:52:07] [Worker-Main-24/WARN]: Unsafe tag access before load, try to avoid this if possible
[12:52:07] [Worker-Main-24/WARN]: Unsafe tag access before load, try to avoid this if possible
[12:52:07] [Worker-Main-24/WARN]: Unsafe tag access before load, try to avoid this if possible
[12:52:07] [Worker-Main-24/WARN]: Unsafe tag access before load, try to avoid this if possible
[12:52:07] [Worker-Main-24/WARN]: Unsafe tag access before load, try to avoid this if possible
[12:52:07] [Worker-Main-24/WARN]: Unsafe tag access before load, try to avoid this if possible
[12:52:07] [Worker-Main-24/WARN]: Unsafe tag access before load, try to avoid this if possible
[12:52:07] [Worker-Main-24/WARN]: Unsafe tag access before load, try to avoid this if possible
[12:52:07] [Worker-Main-24/WARN]: Unsafe tag access before load, try to avoid this if possible
[12:52:07] [Worker-Main-24/WARN]: Unsafe tag access before load, try to avoid this if possible
[12:52:07] [Worker-Main-24/WARN]: Unsafe tag access before load, try to avoid this if possible
[12:52:07] [Worker-Main-24/WARN]: Unsafe tag access before load, try to avoid this if possible
[12:52:07] [Worker-Main-24/WARN]: Unsafe tag access before load, try to avoid this if possible
[12:52:07] [Worker-Main-24/WARN]: Unsafe tag access before load, try to avoid this if possible
[12:52:07] [Worker-Main-24/WARN]: Unsafe tag access before load, try to avoid this if possible
[12:52:07] [Worker-Main-24/WARN]: Unsafe tag access before load, try to avoid this if possible
[12:52:07] [Worker-Main-24/WARN]: Unsafe tag access before load, try to avoid this if possible
[12:52:07] [Worker-Main-24/WARN]: Unsafe tag access before load, try to avoid this if possible
[12:52:07] [Worker-Main-24/WARN]: Unsafe tag access before load, try to avoid this if possible
[12:52:07] [Worker-Main-24/WARN]: Unsafe tag access before load, try to avoid this if possible
[12:52:07] [Worker-Main-24/WARN]: Unsafe tag access before load, try to avoid this if possible
[12:52:07] [Worker-Main-24/WARN]: Unsafe tag access before load, try to avoid this if possible
[12:52:07] [Worker-Main-24/WARN]: Unsafe tag access before load, try to avoid this if possible
[12:52:07] [Worker-Main-24/WARN]: Unsafe tag access before load, try to avoid this if possible
[12:52:07] [Worker-Main-24/WARN]: Unsafe tag access before load, try to avoid this if possible
[12:52:07] [Worker-Main-24/WARN]: Unsafe tag access before load, try to avoid this if possible
[12:52:07] [Worker-Main-24/WARN]: Unsafe tag access before load, try to avoid this if possible
[12:52:07] [Worker-Main-24/WARN]: Unsafe tag access before load, try to avoid this if possible
[12:52:07] [Worker-Main-24/WARN]: Unsafe tag access before load, try to avoid this if possible
[12:52:07] [Worker-Main-24/WARN]: Unsafe tag access before load, try to avoid this if possible
[12:52:07] [Worker-Main-24/WARN]: Unsafe tag access before load, try to avoid this if possible
[12:52:07] [Worker-Main-24/WARN]: Unsafe tag access before load, try to avoid this if possible
[12:52:07] [Worker-Main-24/WARN]: Unsafe tag access before load, try to avoid this if possible
[12:52:07] [Worker-Main-24/WARN]: Unsafe tag access before load, try to avoid this if possible
[12:52:07] [Worker-Main-24/WARN]: Unsafe tag access before load, try to avoid this if possible
[12:52:07] [Worker-Main-24/WARN]: Unsafe tag access before load, try to avoid this if possible
[12:52:07] [Worker-Main-24/WARN]: Unsafe tag access before load, try to avoid this if possible
[12:52:07] [Worker-Main-24/WARN]: Unsafe tag access before load, try to avoid this if possible
[12:52:07] [Worker-Main-24/WARN]: Unsafe tag access before load, try to avoid this if possible
[12:52:07] [Worker-Main-24/WARN]: Unsafe tag access before load, try to avoid this if possible
[12:52:07] [Worker-Main-24/WARN]: Unsafe tag access before load, try to avoid this if possible
[12:52:07] [Worker-Main-24/WARN]: Unsafe tag access before load, try to avoid this if possible
[12:52:07] [Worker-Main-24/WARN]: Unsafe tag access before load, try to avoid this if possible
[12:52:07] [Worker-Main-24/WARN]: Unsafe tag access before load, try to avoid this if possible
[12:52:07] [Worker-Main-24/WARN]: Unsafe tag access before load, try to avoid this if possible
[12:52:07] [Worker-Main-24/WARN]: Unsafe tag access before load, try to avoid this if possible
[12:52:07] [Worker-Main-24/WARN]: Unsafe tag access before load, try to avoid this if possible
[12:52:07] [Worker-Main-24/WARN]: Unsafe tag access before load, try to avoid this if possible
[12:52:07] [Worker-Main-24/WARN]: Unsafe tag access before load, try to avoid this if possible
[12:52:07] [Worker-Main-24/WARN]: Unsafe tag access before load, try to avoid this if possible
[12:52:07] [Worker-Main-24/WARN]: Unsafe tag access before load, try to avoid this if possible
[12:52:07] [Worker-Main-24/WARN]: Unsafe tag access before load, try to avoid this if possible
[12:52:07] [Worker-Main-24/WARN]: Unsafe tag access before load, try to avoid this if possible
[12:52:07] [Worker-Main-24/WARN]: Unsafe tag access before load, try to avoid this if possible
[12:52:07] [Worker-Main-24/WARN]: Unsafe tag access before load, try to avoid this if possible
[12:52:07] [Worker-Main-24/WARN]: Unsafe tag access before load, try to avoid this if possible
[12:52:07] [Worker-Main-24/WARN]: Unsafe tag access before load, try to avoid this if possible
[12:52:07] [Worker-Main-24/WARN]: Unsafe tag access before load, try to avoid this if possible
[12:52:07] [Worker-Main-24/WARN]: Unsafe tag access before load, try to avoid this if possible
[12:52:07] [Worker-Main-24/WARN]: Unsafe tag access before load, try to avoid this if possible
[12:52:07] [Worker-Main-24/WARN]: Unsafe tag access before load, try to avoid this if possible
[12:52:07] [Worker-Main-24/WARN]: Unsafe tag access before load, try to avoid this if possible
[12:52:07] [Worker-Main-24/WARN]: Unsafe tag access before load, try to avoid this if possible
[12:52:07] [Worker-Main-24/WARN]: Unsafe tag access before load, try to avoid this if possible
[12:52:07] [Worker-Main-24/WARN]: Unsafe tag access before load, try to avoid this if possible
[12:52:07] [Worker-Main-24/WARN]: Unsafe tag access before load, try to avoid this if possible
[12:52:07] [Worker-Main-24/WARN]: Unsafe tag access before load, try to avoid this if possible
[12:52:07] [Worker-Main-24/WARN]: Unsafe tag access before load, try to avoid this if possible
[12:52:07] [Worker-Main-24/WARN]: Unsafe tag access before load, try to avoid this if possible
[12:52:07] [Worker-Main-24/WARN]: Unsafe tag access before load, try to avoid this if possible
[12:52:07] [Worker-Main-24/WARN]: Unsafe tag access before load, try to avoid this if possible
[12:52:07] [Worker-Main-24/WARN]: Unsafe tag access before load, try to avoid this if possible
[12:52:07] [Worker-Main-24/WARN]: Unsafe tag access before load, try to avoid this if possible
[12:52:07] [Worker-Main-24/WARN]: Unsafe tag access before load, try to avoid this if possible
[12:52:07] [Worker-Main-24/WARN]: Unsafe tag access before load, try to avoid this if possible
[12:52:07] [Worker-Main-24/WARN]: Unsafe tag access before load, try to avoid this if possible
[12:52:07] [Worker-Main-24/WARN]: Unsafe tag access before load, try to avoid this if possible
[12:52:07] [Worker-Main-24/WARN]: Unsafe tag access before load, try to avoid this if possible
[12:52:07] [Worker-Main-24/WARN]: Unsafe tag access before load, try to avoid this if possible
[12:52:07] [Worker-Main-24/WARN]: Unsafe tag access before load, try to avoid this if possible
[12:52:07] [Worker-Main-24/WARN]: Unsafe tag access before load, try to avoid this if possible
[12:52:07] [Worker-Main-24/WARN]: Unsafe tag access before load, try to avoid this if possible
[12:52:07] [Worker-Main-24/WARN]: Unsafe tag access before load, try to avoid this if possible
[12:52:07] [Worker-Main-24/WARN]: Unsafe tag access before load, try to avoid this if possible
[12:52:07] [Worker-Main-24/WARN]: Unsafe tag access before load, try to avoid this if possible
[12:52:07] [Worker-Main-24/WARN]: Unsafe tag access before load, try to avoid this if possible
[12:52:07] [Worker-Main-24/WARN]: Unsafe tag access before load, try to avoid this if possible
[12:52:07] [Worker-Main-24/WARN]: Unsafe tag access before load, try to avoid this if possible
[12:52:07] [Worker-Main-24/WARN]: Unsafe tag access before load, try to avoid this if possible
[12:52:07] [Worker-Main-24/WARN]: Unsafe tag access before load, try to avoid this if possible
[12:52:07] [Worker-Main-24/WARN]: Unsafe tag access before load, try to avoid this if possible
[12:52:07] [Worker-Main-24/WARN]: Unsafe tag access before load, try to avoid this if possible
[12:52:07] [Worker-Main-24/WARN]: Unsafe tag access before load, try to avoid this if possible
[12:52:07] [Worker-Main-24/WARN]: Unsafe tag access before load, try to avoid this if possible
[12:52:07] [Worker-Main-24/WARN]: Unsafe tag access before load, try to avoid this if possible
[12:52:07] [Worker-Main-24/WARN]: Unsafe tag access before load, try to avoid this if possible
[12:52:07] [Worker-Main-24/WARN]: Unsafe tag access before load, try to avoid this if possible
[12:52:07] [Worker-Main-24/WARN]: Unsafe tag access before load, try to avoid this if possible
[12:52:07] [Worker-Main-24/WARN]: Unsafe tag access before load, try to avoid this if possible
[12:52:07] [Worker-Main-24/WARN]: Unsafe tag access before load, try to avoid this if possible
[12:52:07] [Worker-Main-24/WARN]: Unsafe tag access before load, try to avoid this if possible
[12:52:07] [Worker-Main-24/WARN]: Unsafe tag access before load, try to avoid this if possible
[12:52:07] [Worker-Main-24/WARN]: Unsafe tag access before load, try to avoid this if possible
[12:52:07] [Worker-Main-24/WARN]: Unsafe tag access before load, try to avoid this if possible
[12:52:07] [Worker-Main-24/WARN]: Unsafe tag access before load, try to avoid this if possible
[12:52:07] [Worker-Main-24/WARN]: Unsafe tag access before load, try to avoid this if possible
[12:52:07] [Worker-Main-24/WARN]: Unsafe tag access before load, try to avoid this if possible
[12:52:07] [Worker-Main-24/WARN]: Unsafe tag access before load, try to avoid this if possible
[12:52:07] [Worker-Main-24/WARN]: Unsafe tag access before load, try to avoid this if possible
[12:52:07] [Worker-Main-24/WARN]: Unsafe tag access before load, try to avoid this if possible
[12:52:07] [Worker-Main-24/WARN]: Unsafe tag access before load, try to avoid this if possible
[12:52:07] [Worker-Main-24/WARN]: Unsafe tag access before load, try to avoid this if possible
[12:52:07] [Worker-Main-24/WARN]: Unsafe tag access before load, try to avoid this if possible
[12:52:07] [Worker-Main-24/WARN]: Unsafe tag access before load, try to avoid this if possible
[12:52:07] [Worker-Main-24/WARN]: Unsafe tag access before load, try to avoid this if possible
[12:52:07] [Worker-Main-24/WARN]: Unsafe tag access before load, try to avoid this if possible
[12:52:07] [Worker-Main-24/WARN]: Unsafe tag access before load, try to avoid this if possible
[12:52:07] [Worker-Main-24/WARN]: Unsafe tag access before load, try to avoid this if possible
[12:52:07] [Worker-Main-24/WARN]: Unsafe tag access before load, try to avoid this if possible
[12:52:07] [Worker-Main-24/WARN]: Unsafe tag access before load, try to avoid this if possible
[12:52:07] [Worker-Main-24/WARN]: Unsafe tag access before load, try to avoid this if possible
[12:52:07] [Worker-Main-24/WARN]: Unsafe tag access before load, try to avoid this if possible
[12:52:07] [Worker-Main-24/WARN]: Unsafe tag access before load, try to avoid this if possible
[12:52:07] [Worker-Main-24/WARN]: Unsafe tag access before load, try to avoid this if possible
[12:52:07] [Worker-Main-24/WARN]: Unsafe tag access before load, try to avoid this if possible
[12:52:07] [Worker-Main-24/WARN]: Unsafe tag access before load, try to avoid this if possible
[12:52:07] [Worker-Main-24/WARN]: Unsafe tag access before load, try to avoid this if possible
[12:52:07] [Worker-Main-24/WARN]: Unsafe tag access before load, try to avoid this if possible
[12:52:07] [Worker-Main-24/WARN]: Unsafe tag access before load, try to avoid this if possible
[12:52:07] [Worker-Main-24/WARN]: Unsafe tag access before load, try to avoid this if possible
[12:52:07] [Worker-Main-24/WARN]: Unsafe tag access before load, try to avoid this if possible
[12:52:07] [Worker-Main-24/WARN]: Unsafe tag access before load, try to avoid this if possible
[12:52:07] [Worker-Main-24/WARN]: Unsafe tag access before load, try to avoid this if possible
[12:52:07] [Worker-Main-24/WARN]: Unsafe tag access before load, try to avoid this if possible
[12:52:07] [Worker-Main-24/WARN]: Unsafe tag access before load, try to avoid this if possible
[12:52:07] [Worker-Main-24/WARN]: Unsafe tag access before load, try to avoid this if possible
[12:52:07] [Worker-Main-24/WARN]: Unsafe tag access before load, try to avoid this if possible
[12:52:07] [Worker-Main-24/WARN]: Unsafe tag access before load, try to avoid this if possible
[12:52:07] [Worker-Main-24/WARN]: Unsafe tag access before load, try to avoid this if possible
[12:52:07] [Worker-Main-24/WARN]: Unsafe tag access before load, try to avoid this if possible
[12:52:07] [Worker-Main-24/WARN]: Unsafe tag access before load, try to avoid this if possible
[12:52:07] [Worker-Main-24/WARN]: Unsafe tag access before load, try to avoid this if possible
[12:52:07] [Worker-Main-24/WARN]: Unsafe tag access before load, try to avoid this if possible
[12:52:07] [Worker-Main-24/WARN]: Unsafe tag access before load, try to avoid this if possible
[12:52:07] [Worker-Main-24/WARN]: Unsafe tag access before load, try to avoid this if possible
[12:52:07] [Worker-Main-24/WARN]: Unsafe tag access before load, try to avoid this if possible
[12:52:07] [Worker-Main-24/WARN]: Unsafe tag access before load, try to avoid this if possible
[12:52:07] [Worker-Main-24/WARN]: Unsafe tag access before load, try to avoid this if possible
[12:52:07] [Worker-Main-24/WARN]: Unsafe tag access before load, try to avoid this if possible
[12:52:07] [Worker-Main-24/WARN]: Unsafe tag access before load, try to avoid this if possible
[12:52:07] [Worker-Main-24/WARN]: Unsafe tag access before load, try to avoid this if possible
[12:52:07] [Worker-Main-24/WARN]: Unsafe tag access before load, try to avoid this if possible
[12:52:07] [Worker-Main-24/WARN]: Unsafe tag access before load, try to avoid this if possible
[12:52:07] [Worker-Main-24/WARN]: Unsafe tag access before load, try to avoid this if possible
[12:52:07] [Worker-Main-24/WARN]: Unsafe tag access before load, try to avoid this if possible
[12:52:07] [Worker-Main-24/WARN]: Unsafe tag access before load, try to avoid this if possible
[12:52:07] [Worker-Main-24/WARN]: Unsafe tag access before load, try to avoid this if possible
[12:52:07] [Worker-Main-24/WARN]: Unsafe tag access before load, try to avoid this if possible
[12:52:07] [Worker-Main-24/WARN]: Unsafe tag access before load, try to avoid this if possible
[12:52:07] [Worker-Main-24/WARN]: Unsafe tag access before load, try to avoid this if possible
[12:52:07] [Worker-Main-24/WARN]: Unsafe tag access before load, try to avoid this if possible
[12:52:07] [Worker-Main-24/WARN]: Unsafe tag access before load, try to avoid this if possible
[12:52:07] [Worker-Main-24/WARN]: Unsafe tag access before load, try to avoid this if possible
[12:52:07] [Worker-Main-24/WARN]: Unsafe tag access before load, try to avoid this if possible
[12:52:07] [Worker-Main-24/WARN]: Unsafe tag access before load, try to avoid this if possible
[12:52:07] [Worker-Main-24/WARN]: Unsafe tag access before load, try to avoid this if possible
[12:52:07] [Worker-Main-24/WARN]: Unsafe tag access before load, try to avoid this if possible
[12:52:07] [Worker-Main-24/WARN]: Unsafe tag access before load, try to avoid this if possible
[12:52:07] [Worker-Main-24/WARN]: Unsafe tag access before load, try to avoid this if possible
[12:52:07] [Worker-Main-24/WARN]: Unsafe tag access before load, try to avoid this if possible
[12:52:07] [Worker-Main-24/WARN]: Unsafe tag access before load, try to avoid this if possible
[12:52:07] [Worker-Main-24/WARN]: Unsafe tag access before load, try to avoid this if possible
[12:52:07] [Worker-Main-24/WARN]: Unsafe tag access before load, try to avoid this if possible
[12:52:07] [Worker-Main-24/WARN]: Unsafe tag access before load, try to avoid this if possible
[12:52:07] [Worker-Main-24/WARN]: Unsafe tag access before load, try to avoid this if possible
[12:52:07] [Worker-Main-24/WARN]: Unsafe tag access before load, try to avoid this if possible
[12:52:07] [Worker-Main-24/WARN]: Unsafe tag access before load, try to avoid this if possible
[12:52:07] [Worker-Main-24/WARN]: Unsafe tag access before load, try to avoid this if possible
[12:52:07] [Worker-Main-24/WARN]: Unsafe tag access before load, try to avoid this if possible
[12:52:07] [Worker-Main-24/WARN]: Unsafe tag access before load, try to avoid this if possible
[12:52:07] [Worker-Main-24/WARN]: Unsafe tag access before load, try to avoid this if possible
[12:52:07] [Worker-Main-24/WARN]: Unsafe tag access before load, try to avoid this if possible
[12:52:07] [Worker-Main-24/WARN]: Unsafe tag access before load, try to avoid this if possible
[12:52:07] [Worker-Main-24/WARN]: Unsafe tag access before load, try to avoid this if possible
[12:52:07] [Worker-Main-24/WARN]: Unsafe tag access before load, try to avoid this if possible
[12:52:07] [Worker-Main-24/WARN]: Unsafe tag access before load, try to avoid this if possible
[12:52:07] [Worker-Main-24/WARN]: Unsafe tag access before load, try to avoid this if possible
[12:52:07] [Worker-Main-24/WARN]: Unsafe tag access before load, try to avoid this if possible
[12:52:07] [Worker-Main-24/WARN]: Unsafe tag access before load, try to avoid this if possible
[12:52:07] [Worker-Main-24/WARN]: Unsafe tag access before load, try to avoid this if possible
[12:52:07] [Worker-Main-24/WARN]: Unsafe tag access before load, try to avoid this if possible
[12:52:07] [Worker-Main-24/WARN]: Unsafe tag access before load, try to avoid this if possible
[12:52:07] [Worker-Main-24/WARN]: Unsafe tag access before load, try to avoid this if possible
[12:52:07] [Worker-Main-24/WARN]: Unsafe tag access before load, try to avoid this if possible
[12:52:07] [Worker-Main-24/WARN]: Unsafe tag access before load, try to avoid this if possible
[12:52:07] [Worker-Main-24/WARN]: Unsafe tag access before load, try to avoid this if possible
[12:52:07] [Worker-Main-24/WARN]: Unsafe tag access before load, try to avoid this if possible
[12:52:07] [Worker-Main-24/WARN]: Unsafe tag access before load, try to avoid this if possible
[12:52:07] [Worker-Main-24/WARN]: Unsafe tag access before load, try to avoid this if possible
[12:52:07] [Worker-Main-24/WARN]: Unsafe tag access before load, try to avoid this if possible
[12:52:07] [Worker-Main-24/WARN]: Unsafe tag access before load, try to avoid this if possible
[12:52:07] [Worker-Main-24/WARN]: Unsafe tag access before load, try to avoid this if possible
[12:52:07] [Worker-Main-24/WARN]: Unsafe tag access before load, try to avoid this if possible
[12:52:07] [Worker-Main-24/WARN]: Unsafe tag access before load, try to avoid this if possible
[12:52:07] [Worker-Main-24/WARN]: Unsafe tag access before load, try to avoid this if possible
[12:52:07] [Worker-Main-24/WARN]: Unsafe tag access before load, try to avoid this if possible
[12:52:07] [Worker-Main-24/WARN]: Unsafe tag access before load, try to avoid this if possible
[12:52:07] [Worker-Main-24/WARN]: Unsafe tag access before load, try to avoid this if possible
[12:52:07] [Worker-Main-24/WARN]: Unsafe tag access before load, try to avoid this if possible
[12:52:07] [Worker-Main-24/WARN]: Unsafe tag access before load, try to avoid this if possible
[12:52:07] [Worker-Main-24/WARN]: Unsafe tag access before load, try to avoid this if possible
[12:52:07] [Worker-Main-24/WARN]: Unsafe tag access before load, try to avoid this if possible
[12:52:07] [Worker-Main-24/WARN]: Unsafe tag access before load, try to avoid this if possible
[12:52:07] [Worker-Main-24/WARN]: Unsafe tag access before load, try to avoid this if possible
[12:52:07] [Worker-Main-24/WARN]: Unsafe tag access before load, try to avoid this if possible
[12:52:07] [Worker-Main-24/WARN]: Unsafe tag access before load, try to avoid this if possible
[12:52:07] [Worker-Main-24/WARN]: Unsafe tag access before load, try to avoid this if possible
[12:52:07] [Worker-Main-24/WARN]: Unsafe tag access before load, try to avoid this if possible
[12:52:07] [Worker-Main-24/WARN]: Unsafe tag access before load, try to avoid this if possible
[12:52:07] [Worker-Main-24/WARN]: Unsafe tag access before load, try to avoid this if possible
[12:52:07] [Worker-Main-24/WARN]: Unsafe tag access before load, try to avoid this if possible
[12:52:07] [Worker-Main-24/WARN]: Unsafe tag access before load, try to avoid this if possible
[12:52:07] [Worker-Main-24/WARN]: Unsafe tag access before load, try to avoid this if possible
[12:52:07] [Worker-Main-24/WARN]: Unsafe tag access before load, try to avoid this if possible
[12:52:07] [Worker-Main-24/WARN]: Unsafe tag access before load, try to avoid this if possible
[12:52:07] [Worker-Main-24/WARN]: Unsafe tag access before load, try to avoid this if possible
[12:52:07] [Worker-Main-24/WARN]: Unsafe tag access before load, try to avoid this if possible
[12:52:07] [Worker-Main-24/WARN]: Unsafe tag access before load, try to avoid this if possible
[12:52:07] [Worker-Main-24/WARN]: Unsafe tag access before load, try to avoid this if possible
[12:52:07] [Worker-Main-24/WARN]: Unsafe tag access before load, try to avoid this if possible
[12:52:07] [Worker-Main-24/WARN]: Unsafe tag access before load, try to avoid this if possible
[12:52:07] [Worker-Main-24/WARN]: Unsafe tag access before load, try to avoid this if possible
[12:52:07] [Worker-Main-24/WARN]: Unsafe tag access before load, try to avoid this if possible
[12:52:07] [Worker-Main-24/WARN]: Unsafe tag access before load, try to avoid this if possible
[12:52:07] [Worker-Main-24/WARN]: Unsafe tag access before load, try to avoid this if possible
[12:52:07] [Worker-Main-24/WARN]: Unsafe tag access before load, try to avoid this if possible
[12:52:07] [Worker-Main-24/WARN]: Unsafe tag access before load, try to avoid this if possible
[12:52:07] [Worker-Main-24/WARN]: Unsafe tag access before load, try to avoid this if possible
[12:52:07] [Worker-Main-24/WARN]: Unsafe tag access before load, try to avoid this if possible
[12:52:07] [Worker-Main-24/WARN]: Unsafe tag access before load, try to avoid this if possible
[12:52:07] [Worker-Main-24/WARN]: Unsafe tag access before load, try to avoid this if possible
[12:52:07] [Worker-Main-24/WARN]: Unsafe tag access before load, try to avoid this if possible
[12:52:07] [Worker-Main-24/WARN]: Unsafe tag access before load, try to avoid this if possible
[12:52:07] [Worker-Main-24/WARN]: Unsafe tag access before load, try to avoid this if possible
[12:52:07] [Worker-Main-24/WARN]: Unsafe tag access before load, try to avoid this if possible
[12:52:07] [Worker-Main-24/WARN]: Unsafe tag access before load, try to avoid this if possible
[12:52:07] [Worker-Main-24/WARN]: Unsafe tag access before load, try to avoid this if possible
[12:52:07] [Worker-Main-24/WARN]: Unsafe tag access before load, try to avoid this if possible
[12:52:07] [Worker-Main-24/WARN]: Unsafe tag access before load, try to avoid this if possible
[12:52:07] [Worker-Main-24/WARN]: Unsafe tag access before load, try to avoid this if possible
[12:52:07] [Worker-Main-24/WARN]: Unsafe tag access before load, try to avoid this if possible
[12:52:07] [Worker-Main-24/WARN]: Unsafe tag access before load, try to avoid this if possible
[12:52:07] [Worker-Main-24/WARN]: Unsafe tag access before load, try to avoid this if possible
[12:52:07] [Worker-Main-24/WARN]: Unsafe tag access before load, try to avoid this if possible
[12:52:07] [Worker-Main-24/WARN]: Unsafe tag access before load, try to avoid this if possible
[12:52:07] [Worker-Main-24/WARN]: Unsafe tag access before load, try to avoid this if possible
[12:52:07] [Worker-Main-24/WARN]: Unsafe tag access before load, try to avoid this if possible
[12:52:07] [Worker-Main-24/WARN]: Unsafe tag access before load, try to avoid this if possible
[12:52:07] [Worker-Main-24/WARN]: Unsafe tag access before load, try to avoid this if possible
[12:52:07] [Worker-Main-24/WARN]: Unsafe tag access before load, try to avoid this if possible
[12:52:07] [Worker-Main-24/WARN]: Unsafe tag access before load, try to avoid this if possible
[12:52:07] [Worker-Main-24/WARN]: Unsafe tag access before load, try to avoid this if possible
[12:52:07] [Worker-Main-24/WARN]: Unsafe tag access before load, try to avoid this if possible
[12:52:07] [Worker-Main-24/WARN]: Unsafe tag access before load, try to avoid this if possible
[12:52:07] [Worker-Main-24/WARN]: Unsafe tag access before load, try to avoid this if possible
[12:52:07] [Worker-Main-24/WARN]: Unsafe tag access before load, try to avoid this if possible
[12:52:07] [Worker-Main-24/WARN]: Unsafe tag access before load, try to avoid this if possible
[12:52:07] [Worker-Main-24/WARN]: Unsafe tag access before load, try to avoid this if possible
[12:52:07] [Worker-Main-24/WARN]: Unsafe tag access before load, try to avoid this if possible
[12:52:07] [Worker-Main-24/WARN]: Unsafe tag access before load, try to avoid this if possible
[12:52:07] [Worker-Main-24/WARN]: Unsafe tag access before load, try to avoid this if possible
[12:52:07] [Worker-Main-24/WARN]: Unsafe tag access before load, try to avoid this if possible
[12:52:07] [Worker-Main-24/WARN]: Unsafe tag access before load, try to avoid this if possible
[12:52:07] [Worker-Main-24/WARN]: Unsafe tag access before load, try to avoid this if possible
[12:52:07] [Worker-Main-24/WARN]: Unsafe tag access before load, try to avoid this if possible
[12:52:07] [Worker-Main-24/WARN]: Unsafe tag access before load, try to avoid this if possible
[12:52:07] [Worker-Main-24/WARN]: Unsafe tag access before load, try to avoid this if possible
[12:52:07] [Worker-Main-24/WARN]: Unsafe tag access before load, try to avoid this if possible
[12:52:07] [Worker-Main-24/WARN]: Unsafe tag access before load, try to avoid this if possible
[12:52:07] [Worker-Main-24/WARN]: Unsafe tag access before load, try to avoid this if possible
[12:52:07] [Worker-Main-24/WARN]: Unsafe tag access before load, try to avoid this if possible
[12:52:07] [Worker-Main-24/WARN]: Unsafe tag access before load, try to avoid this if possible
[12:52:07] [Worker-Main-24/WARN]: Unsafe tag access before load, try to avoid this if possible
[12:52:07] [Worker-Main-24/WARN]: Unsafe tag access before load, try to avoid this if possible
[12:52:07] [Worker-Main-24/WARN]: Unsafe tag access before load, try to avoid this if possible
[12:52:07] [Worker-Main-24/WARN]: Unsafe tag access before load, try to avoid this if possible
[12:52:07] [Worker-Main-24/WARN]: Unsafe tag access before load, try to avoid this if possible
[12:52:07] [Worker-Main-24/WARN]: Unsafe tag access before load, try to avoid this if possible
[12:52:07] [Worker-Main-24/WARN]: Unsafe tag access before load, try to avoid this if possible
[12:52:07] [Worker-Main-24/WARN]: Unsafe tag access before load, try to avoid this if possible
[12:52:07] [Worker-Main-24/WARN]: Unsafe tag access before load, try to avoid this if possible
[12:52:07] [Worker-Main-24/WARN]: Unsafe tag access before load, try to avoid this if possible
[12:52:07] [Worker-Main-24/WARN]: Unsafe tag access before load, try to avoid this if possible
[12:52:07] [Worker-Main-24/WARN]: Unsafe tag access before load, try to avoid this if possible
[12:52:07] [Worker-Main-24/WARN]: Unsafe tag access before load, try to avoid this if possible
[12:52:07] [Worker-Main-24/WARN]: Unsafe tag access before load, try to avoid this if possible
[12:52:07] [Worker-Main-24/WARN]: Unsafe tag access before load, try to avoid this if possible
[12:52:07] [Worker-Main-24/WARN]: Unsafe tag access before load, try to avoid this if possible
[12:52:07] [Worker-Main-24/WARN]: Unsafe tag access before load, try to avoid this if possible
[12:52:07] [Worker-Main-24/WARN]: Unsafe tag access before load, try to avoid this if possible
[12:52:07] [Worker-Main-24/WARN]: Unsafe tag access before load, try to avoid this if possible
[12:52:07] [Worker-Main-24/WARN]: Unsafe tag access before load, try to avoid this if possible
[12:52:07] [Worker-Main-24/WARN]: Unsafe tag access before load, try to avoid this if possible
[12:52:07] [Worker-Main-24/WARN]: Unsafe tag access before load, try to avoid this if possible
[12:52:07] [Worker-Main-24/WARN]: Unsafe tag access before load, try to avoid this if possible
[12:52:07] [Worker-Main-24/WARN]: Unsafe tag access before load, try to avoid this if possible
[12:52:07] [Worker-Main-24/WARN]: Unsafe tag access before load, try to avoid this if possible
[12:52:07] [Worker-Main-24/WARN]: Unsafe tag access before load, try to avoid this if possible
[12:52:07] [Worker-Main-24/WARN]: Unsafe tag access before load, try to avoid this if possible
[12:52:07] [Worker-Main-24/WARN]: Unsafe tag access before load, try to avoid this if possible
[12:52:07] [Worker-Main-24/WARN]: Unsafe tag access before load, try to avoid this if possible
[12:52:07] [Worker-Main-24/WARN]: Unsafe tag access before load, try to avoid this if possible
[12:52:07] [Worker-Main-24/WARN]: Unsafe tag access before load, try to avoid this if possible
[12:52:07] [Worker-Main-24/WARN]: Unsafe tag access before load, try to avoid this if possible
[12:52:07] [Worker-Main-24/WARN]: Unsafe tag access before load, try to avoid this if possible
[12:52:07] [Worker-Main-24/WARN]: Unsafe tag access before load, try to avoid this if possible
[12:52:07] [Worker-Main-24/WARN]: Unsafe tag access before load, try to avoid this if possible
[12:52:07] [Worker-Main-24/WARN]: Unsafe tag access before load, try to avoid this if possible
[12:52:07] [Worker-Main-24/WARN]: Unsafe tag access before load, try to avoid this if possible
[12:52:07] [Worker-Main-24/WARN]: Unsafe tag access before load, try to avoid this if possible
[12:52:07] [Worker-Main-24/WARN]: Unsafe tag access before load, try to avoid this if possible
[12:52:07] [Worker-Main-24/WARN]: Unsafe tag access before load, try to avoid this if possible
[12:52:07] [Worker-Main-24/WARN]: Unsafe tag access before load, try to avoid this if possible
[12:52:07] [Worker-Main-24/WARN]: Unsafe tag access before load, try to avoid this if possible
[12:52:07] [Worker-Main-24/WARN]: Unsafe tag access before load, try to avoid this if possible
[12:52:07] [Worker-Main-24/WARN]: Unsafe tag access before load, try to avoid this if possible
[12:52:07] [Worker-Main-24/WARN]: Unsafe tag access before load, try to avoid this if possible
[12:52:07] [Worker-Main-24/WARN]: Unsafe tag access before load, try to avoid this if possible
[12:52:07] [Worker-Main-24/WARN]: Unsafe tag access before load, try to avoid this if possible
[12:52:07] [Worker-Main-24/WARN]: Unsafe tag access before load, try to avoid this if possible
[12:52:07] [Worker-Main-24/WARN]: Unsafe tag access before load, try to avoid this if possible
[12:52:07] [Worker-Main-24/WARN]: Unsafe tag access before load, try to avoid this if possible
[12:52:07] [Worker-Main-24/WARN]: Unsafe tag access before load, try to avoid this if possible
[12:52:07] [Worker-Main-24/WARN]: Unsafe tag access before load, try to avoid this if possible
[12:52:07] [Worker-Main-24/WARN]: Unsafe tag access before load, try to avoid this if possible
[12:52:07] [Worker-Main-24/WARN]: Unsafe tag access before load, try to avoid this if possible
[12:52:07] [Worker-Main-24/WARN]: Unsafe tag access before load, try to avoid this if possible
[12:52:07] [Worker-Main-24/WARN]: Unsafe tag access before load, try to avoid this if possible
[12:52:07] [Worker-Main-24/WARN]: Unsafe tag access before load, try to avoid this if possible
[12:52:07] [Worker-Main-24/WARN]: Unsafe tag access before load, try to avoid this if possible
[12:52:07] [Worker-Main-24/WARN]: Unsafe tag access before load, try to avoid this if possible
[12:52:07] [Worker-Main-24/WARN]: Unsafe tag access before load, try to avoid this if possible
[12:52:07] [Worker-Main-24/WARN]: Unsafe tag access before load, try to avoid this if possible
[12:52:07] [Worker-Main-24/WARN]: Unsafe tag access before load, try to avoid this if possible
[12:52:07] [Worker-Main-24/WARN]: Unsafe tag access before load, try to avoid this if possible
[12:52:07] [Worker-Main-24/WARN]: Unsafe tag access before load, try to avoid this if possible
[12:52:07] [Worker-Main-24/WARN]: Unsafe tag access before load, try to avoid this if possible
[12:52:07] [Worker-Main-24/WARN]: Unsafe tag access before load, try to avoid this if possible
[12:52:07] [Worker-Main-24/WARN]: Unsafe tag access before load, try to avoid this if possible
[12:52:07] [Worker-Main-24/WARN]: Unsafe tag access before load, try to avoid this if possible
[12:52:07] [Worker-Main-24/WARN]: Unsafe tag access before load, try to avoid this if possible
[12:52:07] [Worker-Main-24/WARN]: Unsafe tag access before load, try to avoid this if possible
[12:52:07] [Worker-Main-24/WARN]: Unsafe tag access before load, try to avoid this if possible
[12:52:07] [Worker-Main-24/WARN]: Unsafe tag access before load, try to avoid this if possible
[12:52:07] [Worker-Main-24/WARN]: Unsafe tag access before load, try to avoid this if possible
[12:52:07] [Worker-Main-24/WARN]: Unsafe tag access before load, try to avoid this if possible
[12:52:07] [Worker-Main-24/WARN]: Unsafe tag access before load, try to avoid this if possible
[12:52:07] [Worker-Main-24/WARN]: Unsafe tag access before load, try to avoid this if possible
[12:52:07] [Worker-Main-24/WARN]: Unsafe tag access before load, try to avoid this if possible
[12:52:07] [Worker-Main-24/WARN]: Unsafe tag access before load, try to avoid this if possible
[12:52:07] [Worker-Main-24/WARN]: Unsafe tag access before load, try to avoid this if possible
[12:52:07] [Worker-Main-24/WARN]: Unsafe tag access before load, try to avoid this if possible
[12:52:07] [Worker-Main-24/WARN]: Unsafe tag access before load, try to avoid this if possible
[12:52:07] [Worker-Main-24/WARN]: Unsafe tag access before load, try to avoid this if possible
[12:52:07] [Worker-Main-24/WARN]: Unsafe tag access before load, try to avoid this if possible
[12:52:07] [Worker-Main-24/WARN]: Unsafe tag access before load, try to avoid this if possible
[12:52:07] [Worker-Main-24/WARN]: Unsafe tag access before load, try to avoid this if possible
[12:52:07] [Worker-Main-24/WARN]: Unsafe tag access before load, try to avoid this if possible
[12:52:07] [Worker-Main-24/WARN]: Unsafe tag access before load, try to avoid this if possible
[12:52:07] [Worker-Main-24/WARN]: Unsafe tag access before load, try to avoid this if possible
[12:52:07] [Worker-Main-24/WARN]: Unsafe tag access before load, try to avoid this if possible
[12:52:07] [Worker-Main-24/WARN]: Unsafe tag access before load, try to avoid this if possible
[12:52:07] [Worker-Main-24/WARN]: Unsafe tag access before load, try to avoid this if possible
[12:52:07] [Worker-Main-24/WARN]: Unsafe tag access before load, try to avoid this if possible
[12:52:07] [Worker-Main-24/WARN]: Unsafe tag access before load, try to avoid this if possible
[12:52:07] [Worker-Main-24/WARN]: Unsafe tag access before load, try to avoid this if possible
[12:52:07] [Worker-Main-24/WARN]: Unsafe tag access before load, try to avoid this if possible
[12:52:07] [Worker-Main-24/WARN]: Unsafe tag access before load, try to avoid this if possible
[12:52:07] [Worker-Main-24/WARN]: Unsafe tag access before load, try to avoid this if possible
[12:52:07] [Worker-Main-24/WARN]: Unsafe tag access before load, try to avoid this if possible
[12:52:07] [Worker-Main-24/WARN]: Unsafe tag access before load, try to avoid this if possible
[12:52:07] [Worker-Main-24/WARN]: Unsafe tag access before load, try to avoid this if possible
[12:52:07] [Worker-Main-24/WARN]: Unsafe tag access before load, try to avoid this if possible
[12:52:07] [Worker-Main-24/WARN]: Unsafe tag access before load, try to avoid this if possible
[12:52:07] [Worker-Main-24/WARN]: Unsafe tag access before load, try to avoid this if possible
[12:52:07] [Worker-Main-24/WARN]: Unsafe tag access before load, try to avoid this if possible
[12:52:07] [Worker-Main-24/WARN]: Unsafe tag access before load, try to avoid this if possible
[12:52:07] [Worker-Main-24/WARN]: Unsafe tag access before load, try to avoid this if possible
[12:52:07] [Worker-Main-24/WARN]: Unsafe tag access before load, try to avoid this if possible
[12:52:07] [Worker-Main-24/WARN]: Unsafe tag access before load, try to avoid this if possible
[12:52:07] [Worker-Main-24/WARN]: Unsafe tag access before load, try to avoid this if possible
[12:52:07] [Worker-Main-24/WARN]: Unsafe tag access before load, try to avoid this if possible
[12:52:07] [Worker-Main-24/WARN]: Unsafe tag access before load, try to avoid this if possible
[12:52:07] [Worker-Main-24/WARN]: Unsafe tag access before load, try to avoid this if possible
[12:52:07] [Worker-Main-24/WARN]: Unsafe tag access before load, try to avoid this if possible
[12:52:07] [Worker-Main-24/WARN]: Unsafe tag access before load, try to avoid this if possible
[12:52:07] [Worker-Main-24/WARN]: Unsafe tag access before load, try to avoid this if possible
[12:52:07] [Worker-Main-24/WARN]: Unsafe tag access before load, try to avoid this if possible
[12:52:07] [Worker-Main-24/WARN]: Unsafe tag access before load, try to avoid this if possible
[12:52:07] [Worker-Main-24/WARN]: Unsafe tag access before load, try to avoid this if possible
[12:52:07] [Worker-Main-24/WARN]: Unsafe tag access before load, try to avoid this if possible
[12:52:07] [Worker-Main-24/WARN]: Unsafe tag access before load, try to avoid this if possible
[12:52:07] [Worker-Main-24/WARN]: Unsafe tag access before load, try to avoid this if possible
[12:52:07] [Worker-Main-24/WARN]: Unsafe tag access before load, try to avoid this if possible
[12:52:07] [Worker-Main-24/WARN]: Unsafe tag access before load, try to avoid this if possible
[12:52:07] [Worker-Main-24/WARN]: Unsafe tag access before load, try to avoid this if possible
[12:52:07] [Worker-Main-24/WARN]: Unsafe tag access before load, try to avoid this if possible
[12:52:07] [Worker-Main-24/WARN]: Unsafe tag access before load, try to avoid this if possible
[12:52:07] [Worker-Main-24/WARN]: Unsafe tag access before load, try to avoid this if possible
[12:52:07] [Worker-Main-24/WARN]: Unsafe tag access before load, try to avoid this if possible
[12:52:07] [Worker-Main-24/WARN]: Unsafe tag access before load, try to avoid this if possible
[12:52:07] [Worker-Main-24/WARN]: Unsafe tag access before load, try to avoid this if possible
[12:52:07] [Worker-Main-24/WARN]: Unsafe tag access before load, try to avoid this if possible
[12:52:07] [Worker-Main-24/WARN]: Unsafe tag access before load, try to avoid this if possible
[12:52:07] [Worker-Main-24/WARN]: Unsafe tag access before load, try to avoid this if possible
[12:52:07] [Worker-Main-24/WARN]: Unsafe tag access before load, try to avoid this if possible
[12:52:07] [Worker-Main-24/WARN]: Unsafe tag access before load, try to avoid this if possible
[12:52:07] [Worker-Main-24/WARN]: Unsafe tag access before load, try to avoid this if possible
[12:52:07] [Worker-Main-24/WARN]: Unsafe tag access before load, try to avoid this if possible
[12:52:07] [Worker-Main-24/WARN]: Unsafe tag access before load, try to avoid this if possible
[12:52:07] [Worker-Main-24/WARN]: Unsafe tag access before load, try to avoid this if possible
[12:52:07] [Worker-Main-24/WARN]: Unsafe tag access before load, try to avoid this if possible
[12:52:07] [Worker-Main-24/WARN]: Unsafe tag access before load, try to avoid this if possible
[12:52:07] [Worker-Main-24/WARN]: Unsafe tag access before load, try to avoid this if possible
[12:52:07] [Worker-Main-24/WARN]: Unsafe tag access before load, try to avoid this if possible
[12:52:07] [Worker-Main-24/WARN]: Unsafe tag access before load, try to avoid this if possible
[12:52:07] [Worker-Main-24/WARN]: Unsafe tag access before load, try to avoid this if possible
[12:52:07] [Worker-Main-24/WARN]: Unsafe tag access before load, try to avoid this if possible
[12:52:07] [Worker-Main-24/WARN]: Unsafe tag access before load, try to avoid this if possible
[12:52:07] [Worker-Main-24/WARN]: Unsafe tag access before load, try to avoid this if possible
[12:52:07] [Worker-Main-24/WARN]: Unsafe tag access before load, try to avoid this if possible
[12:52:07] [Worker-Main-24/WARN]: Unsafe tag access before load, try to avoid this if possible
[12:52:07] [Worker-Main-24/WARN]: Unsafe tag access before load, try to avoid this if possible
[12:52:07] [Worker-Main-24/WARN]: Unsafe tag access before load, try to avoid this if possible
[12:52:07] [Worker-Main-24/WARN]: Unsafe tag access before load, try to avoid this if possible
[12:52:07] [Worker-Main-24/WARN]: Unsafe tag access before load, try to avoid this if possible
[12:52:07] [Worker-Main-24/WARN]: Unsafe tag access before load, try to avoid this if possible
[12:52:07] [Worker-Main-24/WARN]: Unsafe tag access before load, try to avoid this if possible
[12:52:07] [Worker-Main-24/WARN]: Unsafe tag access before load, try to avoid this if possible
[12:52:07] [Worker-Main-24/WARN]: Unsafe tag access before load, try to avoid this if possible
[12:52:07] [Worker-Main-24/WARN]: Unsafe tag access before load, try to avoid this if possible
[12:52:07] [Worker-Main-24/WARN]: Unsafe tag access before load, try to avoid this if possible
[12:52:07] [Worker-Main-24/WARN]: Unsafe tag access before load, try to avoid this if possible
[12:52:07] [Worker-Main-24/WARN]: Unsafe tag access before load, try to avoid this if possible
[12:52:07] [Worker-Main-24/WARN]: Unsafe tag access before load, try to avoid this if possible
[12:52:07] [Worker-Main-24/WARN]: Unsafe tag access before load, try to avoid this if possible
[12:52:07] [Worker-Main-24/WARN]: Unsafe tag access before load, try to avoid this if possible
[12:52:07] [Worker-Main-24/WARN]: Unsafe tag access before load, try to avoid this if possible
[12:52:07] [Worker-Main-24/WARN]: Unsafe tag access before load, try to avoid this if possible
[12:52:07] [Worker-Main-24/WARN]: Unsafe tag access before load, try to avoid this if possible
[12:52:07] [Worker-Main-24/WARN]: Unsafe tag access before load, try to avoid this if possible
[12:52:07] [Worker-Main-24/WARN]: Unsafe tag access before load, try to avoid this if possible
[12:52:07] [Worker-Main-24/WARN]: Unsafe tag access before load, try to avoid this if possible
[12:52:07] [Worker-Main-24/WARN]: Unsafe tag access before load, try to avoid this if possible
[12:52:07] [Worker-Main-24/WARN]: Unsafe tag access before load, try to avoid this if possible
[12:52:07] [Worker-Main-24/WARN]: Unsafe tag access before load, try to avoid this if possible
[12:52:07] [Worker-Main-24/WARN]: Unsafe tag access before load, try to avoid this if possible
[12:52:07] [Worker-Main-24/WARN]: Unsafe tag access before load, try to avoid this if possible
[12:52:07] [Worker-Main-24/WARN]: Unsafe tag access before load, try to avoid this if possible
[12:52:07] [Worker-Main-24/WARN]: Unsafe tag access before load, try to avoid this if possible
[12:52:07] [Worker-Main-24/WARN]: Unsafe tag access before load, try to avoid this if possible
[12:52:07] [Worker-Main-24/WARN]: Unsafe tag access before load, try to avoid this if possible
[12:52:07] [Worker-Main-24/WARN]: Unsafe tag access before load, try to avoid this if possible
[12:52:07] [Worker-Main-24/WARN]: Unsafe tag access before load, try to avoid this if possible
[12:52:07] [Worker-Main-24/WARN]: Unsafe tag access before load, try to avoid this if possible
[12:52:07] [Worker-Main-24/WARN]: Unsafe tag access before load, try to avoid this if possible
[12:52:07] [Worker-Main-24/WARN]: Unsafe tag access before load, try to avoid this if possible
[12:52:07] [Worker-Main-24/WARN]: Unsafe tag access before load, try to avoid this if possible
[12:52:07] [Worker-Main-24/WARN]: Unsafe tag access before load, try to avoid this if possible
[12:52:07] [Worker-Main-24/WARN]: Unsafe tag access before load, try to avoid this if possible
[12:52:07] [Worker-Main-24/WARN]: Unsafe tag access before load, try to avoid this if possible
[12:52:07] [Worker-Main-24/WARN]: Unsafe tag access before load, try to avoid this if possible
[12:52:07] [Worker-Main-24/WARN]: Unsafe tag access before load, try to avoid this if possible
[12:52:07] [Worker-Main-24/WARN]: Unsafe tag access before load, try to avoid this if possible
[12:52:07] [Worker-Main-24/WARN]: Unsafe tag access before load, try to avoid this if possible
[12:52:07] [Worker-Main-24/WARN]: Unsafe tag access before load, try to avoid this if possible
[12:52:07] [Worker-Main-24/WARN]: Unsafe tag access before load, try to avoid this if possible
[12:52:07] [Worker-Main-24/WARN]: Unsafe tag access before load, try to avoid this if possible
[12:52:07] [Worker-Main-24/WARN]: Unsafe tag access before load, try to avoid this if possible
[12:52:07] [Worker-Main-24/WARN]: Unsafe tag access before load, try to avoid this if possible
[12:52:07] [Worker-Main-24/WARN]: Unsafe tag access before load, try to avoid this if possible
[12:52:07] [Worker-Main-24/WARN]: Unsafe tag access before load, try to avoid this if possible
[12:52:07] [Worker-Main-24/WARN]: Unsafe tag access before load, try to avoid this if possible
[12:52:07] [Worker-Main-24/WARN]: Unsafe tag access before load, try to avoid this if possible
[12:52:07] [Worker-Main-24/WARN]: Unsafe tag access before load, try to avoid this if possible
[12:52:07] [Worker-Main-24/WARN]: Unsafe tag access before load, try to avoid this if possible
[12:52:07] [Worker-Main-24/WARN]: Unsafe tag access before load, try to avoid this if possible
[12:52:07] [Worker-Main-24/WARN]: Unsafe tag access before load, try to avoid this if possible
[12:52:07] [Worker-Main-24/WARN]: Unsafe tag access before load, try to avoid this if possible
[12:52:07] [Worker-Main-24/WARN]: Unsafe tag access before load, try to avoid this if possible
[12:52:07] [Worker-Main-24/WARN]: Unsafe tag access before load, try to avoid this if possible
[12:52:07] [Worker-Main-24/WARN]: Unsafe tag access before load, try to avoid this if possible
[12:52:07] [Worker-Main-24/WARN]: Unsafe tag access before load, try to avoid this if possible
[12:52:07] [Worker-Main-24/WARN]: Unsafe tag access before load, try to avoid this if possible
[12:52:07] [Worker-Main-24/WARN]: Unsafe tag access before load, try to avoid this if possible
[12:52:07] [Worker-Main-24/WARN]: Unsafe tag access before load, try to avoid this if possible
[12:52:07] [Worker-Main-24/WARN]: Unsafe tag access before load, try to avoid this if possible
[12:52:07] [Worker-Main-24/WARN]: Unsafe tag access before load, try to avoid this if possible
[12:52:07] [Worker-Main-24/WARN]: Unsafe tag access before load, try to avoid this if possible
[12:52:07] [Worker-Main-24/WARN]: Unsafe tag access before load, try to avoid this if possible
[12:52:07] [Worker-Main-24/WARN]: Unsafe tag access before load, try to avoid this if possible
[12:52:07] [Worker-Main-24/WARN]: Unsafe tag access before load, try to avoid this if possible
[12:52:07] [Worker-Main-24/WARN]: Unsafe tag access before load, try to avoid this if possible
[12:52:07] [Worker-Main-24/WARN]: Unsafe tag access before load, try to avoid this if possible
[12:52:07] [Worker-Main-24/WARN]: Unsafe tag access before load, try to avoid this if possible
[12:52:07] [Worker-Main-24/WARN]: Unsafe tag access before load, try to avoid this if possible
[12:52:07] [Worker-Main-24/WARN]: Unsafe tag access before load, try to avoid this if possible
[12:52:07] [Worker-Main-24/WARN]: Unsafe tag access before load, try to avoid this if possible
[12:52:07] [Worker-Main-24/WARN]: Unsafe tag access before load, try to avoid this if possible
[12:52:07] [Worker-Main-24/WARN]: Unsafe tag access before load, try to avoid this if possible
[12:52:07] [Worker-Main-24/WARN]: Unsafe tag access before load, try to avoid this if possible
[12:52:07] [Worker-Main-24/WARN]: Unsafe tag access before load, try to avoid this if possible
[12:52:07] [Worker-Main-24/WARN]: Unsafe tag access before load, try to avoid this if possible
[12:52:07] [Worker-Main-24/WARN]: Unsafe tag access before load, try to avoid this if possible
[12:52:07] [Worker-Main-24/WARN]: Unsafe tag access before load, try to avoid this if possible
[12:52:07] [Worker-Main-24/WARN]: Unsafe tag access before load, try to avoid this if possible
[12:52:07] [Worker-Main-24/WARN]: Unsafe tag access before load, try to avoid this if possible
[12:52:07] [Worker-Main-24/WARN]: Unsafe tag access before load, try to avoid this if possible
[12:52:07] [Worker-Main-24/WARN]: Unsafe tag access before load, try to avoid this if possible
[12:52:07] [Worker-Main-24/WARN]: Unsafe tag access before load, try to avoid this if possible
[12:52:07] [Worker-Main-24/WARN]: Unsafe tag access before load, try to avoid this if possible
[12:52:07] [Worker-Main-24/WARN]: Unsafe tag access before load, try to avoid this if possible
[12:52:07] [Worker-Main-24/WARN]: Unsafe tag access before load, try to avoid this if possible
[12:52:07] [Worker-Main-24/WARN]: Unsafe tag access before load, try to avoid this if possible
[12:52:07] [Worker-Main-24/WARN]: Unsafe tag access before load, try to avoid this if possible
[12:52:07] [Worker-Main-24/WARN]: Unsafe tag access before load, try to avoid this if possible
[12:52:07] [Worker-Main-24/WARN]: Unsafe tag access before load, try to avoid this if possible
[12:52:07] [Worker-Main-24/WARN]: Unsafe tag access before load, try to avoid this if possible
[12:52:07] [Worker-Main-24/WARN]: Unsafe tag access before load, try to avoid this if possible
[12:52:07] [Worker-Main-24/WARN]: Unsafe tag access before load, try to avoid this if possible
[12:52:07] [Worker-Main-24/WARN]: Unsafe tag access before load, try to avoid this if possible
[12:52:07] [Worker-Main-24/WARN]: Unsafe tag access before load, try to avoid this if possible
[12:52:07] [Worker-Main-24/WARN]: Unsafe tag access before load, try to avoid this if possible
[12:52:07] [Worker-Main-24/WARN]: Unsafe tag access before load, try to avoid this if possible
[12:52:07] [Worker-Main-24/WARN]: Unsafe tag access before load, try to avoid this if possible
[12:52:07] [Worker-Main-24/WARN]: Unsafe tag access before load, try to avoid this if possible
[12:52:07] [Worker-Main-24/WARN]: Unsafe tag access before load, try to avoid this if possible
[12:52:07] [Worker-Main-24/WARN]: Unsafe tag access before load, try to avoid this if possible
[12:52:07] [Worker-Main-24/WARN]: Unsafe tag access before load, try to avoid this if possible
[12:52:07] [Worker-Main-24/WARN]: Unsafe tag access before load, try to avoid this if possible
[12:52:07] [Worker-Main-24/WARN]: Unsafe tag access before load, try to avoid this if possible
[12:52:07] [Worker-Main-24/WARN]: Unsafe tag access before load, try to avoid this if possible
[12:52:07] [Worker-Main-24/WARN]: Unsafe tag access before load, try to avoid this if possible
[12:52:07] [Worker-Main-24/WARN]: Unsafe tag access before load, try to avoid this if possible
[12:52:07] [Worker-Main-24/WARN]: Unsafe tag access before load, try to avoid this if possible
[12:52:07] [Worker-Main-24/WARN]: Unsafe tag access before load, try to avoid this if possible
[12:52:07] [Worker-Main-24/WARN]: Unsafe tag access before load, try to avoid this if possible
[12:52:07] [Worker-Main-24/WARN]: Unsafe tag access before load, try to avoid this if possible
[12:52:07] [Worker-Main-24/WARN]: Unsafe tag access before load, try to avoid this if possible
[12:52:07] [Worker-Main-24/WARN]: Unsafe tag access before load, try to avoid this if possible
[12:52:07] [Worker-Main-24/WARN]: Unsafe tag access before load, try to avoid this if possible
[12:52:07] [Worker-Main-24/WARN]: Unsafe tag access before load, try to avoid this if possible
[12:52:07] [Worker-Main-24/WARN]: Unsafe tag access before load, try to avoid this if possible
[12:52:07] [Worker-Main-24/WARN]: Unsafe tag access before load, try to avoid this if possible
[12:52:07] [Worker-Main-24/WARN]: Unsafe tag access before load, try to avoid this if possible
[12:52:07] [Worker-Main-24/WARN]: Unsafe tag access before load, try to avoid this if possible
[12:52:07] [Worker-Main-24/WARN]: Unsafe tag access before load, try to avoid this if possible
[12:52:07] [Worker-Main-24/WARN]: Unsafe tag access before load, try to avoid this if possible
[12:52:07] [Worker-Main-24/WARN]: Unsafe tag access before load, try to avoid this if possible
[12:52:07] [Worker-Main-24/WARN]: Unsafe tag access before load, try to avoid this if possible
[12:52:07] [Worker-Main-24/WARN]: Unsafe tag access before load, try to avoid this if possible
[12:52:07] [Worker-Main-24/WARN]: Unsafe tag access before load, try to avoid this if possible
[12:52:07] [Worker-Main-24/WARN]: Unsafe tag access before load, try to avoid this if possible
[12:52:07] [Worker-Main-24/WARN]: Unsafe tag access before load, try to avoid this if possible
[12:52:07] [Worker-Main-24/WARN]: Unsafe tag access before load, try to avoid this if possible
[12:52:07] [Worker-Main-24/WARN]: Unsafe tag access before load, try to avoid this if possible
[12:52:07] [Worker-Main-24/WARN]: Unsafe tag access before load, try to avoid this if possible
[12:52:07] [Worker-Main-24/WARN]: Unsafe tag access before load, try to avoid this if possible
[12:52:07] [Worker-Main-24/WARN]: Unsafe tag access before load, try to avoid this if possible
[12:52:07] [Worker-Main-24/WARN]: Unsafe tag access before load, try to avoid this if possible
[12:52:07] [Worker-Main-24/WARN]: Unsafe tag access before load, try to avoid this if possible
[12:52:07] [Worker-Main-24/WARN]: Unsafe tag access before load, try to avoid this if possible
[12:52:07] [Worker-Main-24/WARN]: Unsafe tag access before load, try to avoid this if possible
[12:52:07] [Worker-Main-24/WARN]: Unsafe tag access before load, try to avoid this if possible
[12:52:07] [Worker-Main-24/WARN]: Unsafe tag access before load, try to avoid this if possible
[12:52:07] [Worker-Main-24/WARN]: Unsafe tag access before load, try to avoid this if possible
[12:52:07] [Worker-Main-24/WARN]: Unsafe tag access before load, try to avoid this if possible
[12:52:07] [Worker-Main-24/WARN]: Unsafe tag access before load, try to avoid this if possible
[12:52:07] [Worker-Main-24/WARN]: Unsafe tag access before load, try to avoid this if possible
[12:52:07] [Worker-Main-24/WARN]: Unsafe tag access before load, try to avoid this if possible
[12:52:07] [Worker-Main-24/WARN]: Unsafe tag access before load, try to avoid this if possible
[12:52:07] [Worker-Main-24/WARN]: Unsafe tag access before load, try to avoid this if possible
[12:52:07] [Worker-Main-24/WARN]: Unsafe tag access before load, try to avoid this if possible
[12:52:07] [Worker-Main-24/WARN]: Unsafe tag access before load, try to avoid this if possible
[12:52:07] [Worker-Main-24/WARN]: Unsafe tag access before load, try to avoid this if possible
[12:52:07] [Worker-Main-24/WARN]: Unsafe tag access before load, try to avoid this if possible
[12:52:07] [Worker-Main-24/WARN]: Unsafe tag access before load, try to avoid this if possible
[12:52:07] [Worker-Main-24/WARN]: Unsafe tag access before load, try to avoid this if possible
[12:52:07] [Worker-Main-24/WARN]: Unsafe tag access before load, try to avoid this if possible
[12:52:07] [Worker-Main-24/WARN]: Unsafe tag access before load, try to avoid this if possible
[12:52:07] [Worker-Main-24/WARN]: Unsafe tag access before load, try to avoid this if possible
[12:52:07] [Worker-Main-24/WARN]: Unsafe tag access before load, try to avoid this if possible
[12:52:07] [Worker-Main-24/WARN]: Unsafe tag access before load, try to avoid this if possible
[12:52:07] [Worker-Main-24/WARN]: Unsafe tag access before load, try to avoid this if possible
[12:52:07] [Worker-Main-24/WARN]: Unsafe tag access before load, try to avoid this if possible
[12:52:07] [Worker-Main-24/WARN]: Unsafe tag access before load, try to avoid this if possible
[12:52:07] [Worker-Main-24/WARN]: Unsafe tag access before load, try to avoid this if possible
[12:52:07] [Worker-Main-24/WARN]: Unsafe tag access before load, try to avoid this if possible
[12:52:07] [Worker-Main-24/WARN]: Unsafe tag access before load, try to avoid this if possible
[12:52:07] [Worker-Main-24/WARN]: Unsafe tag access before load, try to avoid this if possible
[12:52:07] [Worker-Main-24/WARN]: Unsafe tag access before load, try to avoid this if possible
[12:52:07] [Worker-Main-24/WARN]: Unsafe tag access before load, try to avoid this if possible
[12:52:07] [Worker-Main-24/WARN]: Unsafe tag access before load, try to avoid this if possible
[12:52:07] [Worker-Main-24/WARN]: Unsafe tag access before load, try to avoid this if possible
[12:52:07] [Worker-Main-24/WARN]: Unsafe tag access before load, try to avoid this if possible
[12:52:07] [Worker-Main-24/WARN]: Unsafe tag access before load, try to avoid this if possible
[12:52:07] [Worker-Main-24/WARN]: Unsafe tag access before load, try to avoid this if possible
[12:52:07] [Worker-Main-24/WARN]: Unsafe tag access before load, try to avoid this if possible
[12:52:07] [Worker-Main-24/WARN]: Unsafe tag access before load, try to avoid this if possible
[12:52:07] [Worker-Main-24/WARN]: Unsafe tag access before load, try to avoid this if possible
[12:52:07] [Worker-Main-24/WARN]: Unsafe tag access before load, try to avoid this if possible
[12:52:07] [Worker-Main-24/WARN]: Unsafe tag access before load, try to avoid this if possible
[12:52:07] [Worker-Main-24/WARN]: Unsafe tag access before load, try to avoid this if possible
[12:52:07] [Worker-Main-24/WARN]: Unsafe tag access before load, try to avoid this if possible
[12:52:07] [Worker-Main-24/WARN]: Unsafe tag access before load, try to avoid this if possible
[12:52:07] [Worker-Main-24/WARN]: Unsafe tag access before load, try to avoid this if possible
[12:52:07] [Worker-Main-24/WARN]: Unsafe tag access before load, try to avoid this if possible
[12:52:07] [Worker-Main-24/WARN]: Unsafe tag access before load, try to avoid this if possible
[12:52:07] [Worker-Main-24/WARN]: Unsafe tag access before load, try to avoid this if possible
[12:52:07] [Worker-Main-24/WARN]: Unsafe tag access before load, try to avoid this if possible
[12:52:07] [Worker-Main-24/WARN]: Unsafe tag access before load, try to avoid this if possible
[12:52:07] [Worker-Main-24/WARN]: Unsafe tag access before load, try to avoid this if possible
[12:52:07] [Worker-Main-24/WARN]: Unsafe tag access before load, try to avoid this if possible
[12:52:07] [Worker-Main-24/WARN]: Unsafe tag access before load, try to avoid this if possible
[12:52:07] [Worker-Main-24/WARN]: Unsafe tag access before load, try to avoid this if possible
[12:52:07] [Worker-Main-24/WARN]: Unsafe tag access before load, try to avoid this if possible
[12:52:07] [Worker-Main-24/WARN]: Unsafe tag access before load, try to avoid this if possible
[12:52:07] [Worker-Main-24/WARN]: Unsafe tag access before load, try to avoid this if possible
[12:52:07] [Worker-Main-24/WARN]: Unsafe tag access before load, try to avoid this if possible
[12:52:07] [Worker-Main-24/WARN]: Unsafe tag access before load, try to avoid this if possible
[12:52:07] [Worker-Main-24/WARN]: Unsafe tag access before load, try to avoid this if possible
[12:52:07] [Worker-Main-24/WARN]: Unsafe tag access before load, try to avoid this if possible
[12:52:07] [Worker-Main-24/WARN]: Unsafe tag access before load, try to avoid this if possible
[12:52:07] [Worker-Main-24/WARN]: Unsafe tag access before load, try to avoid this if possible
[12:52:07] [Worker-Main-24/WARN]: Unsafe tag access before load, try to avoid this if possible
[12:52:07] [Worker-Main-24/WARN]: Unsafe tag access before load, try to avoid this if possible
[12:52:07] [Worker-Main-24/WARN]: Unsafe tag access before load, try to avoid this if possible
[12:52:07] [Worker-Main-24/WARN]: Unsafe tag access before load, try to avoid this if possible
[12:52:07] [Worker-Main-24/WARN]: Unsafe tag access before load, try to avoid this if possible
[12:52:07] [Worker-Main-24/WARN]: Unsafe tag access before load, try to avoid this if possible
[12:52:07] [Worker-Main-24/WARN]: Unsafe tag access before load, try to avoid this if possible
[12:52:07] [Worker-Main-24/WARN]: Unsafe tag access before load, try to avoid this if possible
[12:52:07] [Worker-Main-24/WARN]: Unsafe tag access before load, try to avoid this if possible
[12:52:07] [Worker-Main-24/WARN]: Unsafe tag access before load, try to avoid this if possible
[12:52:07] [Worker-Main-24/WARN]: Unsafe tag access before load, try to avoid this if possible
[12:52:07] [Worker-Main-24/WARN]: Unsafe tag access before load, try to avoid this if possible
[12:52:07] [Worker-Main-24/WARN]: Unsafe tag access before load, try to avoid this if possible
[12:52:07] [Worker-Main-24/WARN]: Unsafe tag access before load, try to avoid this if possible
[12:52:07] [Worker-Main-24/WARN]: Unsafe tag access before load, try to avoid this if possible
[12:52:07] [Worker-Main-24/WARN]: Unsafe tag access before load, try to avoid this if possible
[12:52:07] [Worker-Main-24/WARN]: Unsafe tag access before load, try to avoid this if possible
[12:52:07] [Worker-Main-24/WARN]: Unsafe tag access before load, try to avoid this if possible
[12:52:07] [Worker-Main-24/WARN]: Unsafe tag access before load, try to avoid this if possible
[12:52:07] [Worker-Main-24/WARN]: Unsafe tag access before load, try to avoid this if possible
[12:52:07] [Worker-Main-24/WARN]: Unsafe tag access before load, try to avoid this if possible
[12:52:07] [Worker-Main-24/WARN]: Unsafe tag access before load, try to avoid this if possible
[12:52:07] [Worker-Main-24/WARN]: Unsafe tag access before load, try to avoid this if possible
[12:52:07] [Worker-Main-24/WARN]: Unsafe tag access before load, try to avoid this if possible
[12:52:07] [Worker-Main-24/WARN]: Unsafe tag access before load, try to avoid this if possible
[12:52:07] [Worker-Main-24/WARN]: Unsafe tag access before load, try to avoid this if possible
[12:52:07] [Worker-Main-24/WARN]: Unsafe tag access before load, try to avoid this if possible
[12:52:07] [Worker-Main-24/WARN]: Unsafe tag access before load, try to avoid this if possible
[12:52:07] [Worker-Main-24/WARN]: Unsafe tag access before load, try to avoid this if possible
[12:52:07] [Worker-Main-24/WARN]: Unsafe tag access before load, try to avoid this if possible
[12:52:07] [Worker-Main-24/WARN]: Unsafe tag access before load, try to avoid this if possible
[12:52:07] [Worker-Main-24/WARN]: Unsafe tag access before load, try to avoid this if possible
[12:52:07] [Worker-Main-24/WARN]: Unsafe tag access before load, try to avoid this if possible
[12:52:07] [Worker-Main-24/WARN]: Unsafe tag access before load, try to avoid this if possible
[12:52:07] [Worker-Main-24/WARN]: Unsafe tag access before load, try to avoid this if possible
[12:52:07] [Worker-Main-24/WARN]: Unsafe tag access before load, try to avoid this if possible
[12:52:07] [Worker-Main-24/WARN]: Unsafe tag access before load, try to avoid this if possible
[12:52:07] [Worker-Main-24/WARN]: Unsafe tag access before load, try to avoid this if possible
[12:52:07] [Worker-Main-24/WARN]: Unsafe tag access before load, try to avoid this if possible
[12:52:07] [Worker-Main-24/WARN]: Unsafe tag access before load, try to avoid this if possible
[12:52:07] [Worker-Main-24/WARN]: Unsafe tag access before load, try to avoid this if possible
[12:52:07] [Worker-Main-24/WARN]: Unsafe tag access before load, try to avoid this if possible
[12:52:07] [Worker-Main-24/WARN]: Unsafe tag access before load, try to avoid this if possible
[12:52:07] [Worker-Main-24/WARN]: Unsafe tag access before load, try to avoid this if possible
[12:52:07] [Worker-Main-24/WARN]: Unsafe tag access before load, try to avoid this if possible
[12:52:07] [Worker-Main-24/WARN]: Unsafe tag access before load, try to avoid this if possible
[12:52:07] [Worker-Main-24/WARN]: Unsafe tag access before load, try to avoid this if possible
[12:52:07] [Worker-Main-24/WARN]: Unsafe tag access before load, try to avoid this if possible
[12:52:07] [Worker-Main-24/WARN]: Unsafe tag access before load, try to avoid this if possible
[12:52:07] [Worker-Main-24/WARN]: Unsafe tag access before load, try to avoid this if possible
[12:52:07] [Worker-Main-24/WARN]: Unsafe tag access before load, try to avoid this if possible
[12:52:07] [Worker-Main-24/WARN]: Unsafe tag access before load, try to avoid this if possible
[12:52:07] [Worker-Main-24/WARN]: Unsafe tag access before load, try to avoid this if possible
[12:52:07] [Worker-Main-24/WARN]: Unsafe tag access before load, try to avoid this if possible
[12:52:07] [Worker-Main-24/WARN]: Unsafe tag access before load, try to avoid this if possible
[12:52:07] [Worker-Main-24/WARN]: Unsafe tag access before load, try to avoid this if possible
[12:52:07] [Worker-Main-24/WARN]: Unsafe tag access before load, try to avoid this if possible
[12:52:07] [Worker-Main-24/WARN]: Unsafe tag access before load, try to avoid this if possible
[12:52:07] [Worker-Main-24/WARN]: Unsafe tag access before load, try to avoid this if possible
[12:52:07] [Worker-Main-24/WARN]: Unsafe tag access before load, try to avoid this if possible
[12:52:07] [Worker-Main-24/WARN]: Unsafe tag access before load, try to avoid this if possible
[12:52:07] [Worker-Main-24/WARN]: Unsafe tag access before load, try to avoid this if possible
[12:52:07] [Worker-Main-24/WARN]: Unsafe tag access before load, try to avoid this if possible
[12:52:07] [Worker-Main-24/WARN]: Unsafe tag access before load, try to avoid this if possible
[12:52:07] [Worker-Main-24/WARN]: Unsafe tag access before load, try to avoid this if possible
[12:52:07] [Worker-Main-24/WARN]: Unsafe tag access before load, try to avoid this if possible
[12:52:07] [Worker-Main-24/WARN]: Unsafe tag access before load, try to avoid this if possible
[12:52:07] [Worker-Main-24/WARN]: Unsafe tag access before load, try to avoid this if possible
[12:52:07] [Worker-Main-24/WARN]: Unsafe tag access before load, try to avoid this if possible
[12:52:07] [Worker-Main-24/WARN]: Unsafe tag access before load, try to avoid this if possible
[12:52:07] [Worker-Main-24/WARN]: Unsafe tag access before load, try to avoid this if possible
[12:52:07] [Worker-Main-24/WARN]: Unsafe tag access before load, try to avoid this if possible
[12:52:07] [Worker-Main-24/WARN]: Unsafe tag access before load, try to avoid this if possible
[12:52:07] [Worker-Main-24/WARN]: Unsafe tag access before load, try to avoid this if possible
[12:52:07] [Worker-Main-24/WARN]: Unsafe tag access before load, try to avoid this if possible
[12:52:07] [Worker-Main-24/WARN]: Unsafe tag access before load, try to avoid this if possible
[12:52:07] [Worker-Main-24/WARN]: Unsafe tag access before load, try to avoid this if possible
[12:52:07] [Worker-Main-24/WARN]: Unsafe tag access before load, try to avoid this if possible
[12:52:07] [Worker-Main-24/WARN]: Unsafe tag access before load, try to avoid this if possible
[12:52:07] [Worker-Main-24/WARN]: Unsafe tag access before load, try to avoid this if possible
[12:52:07] [Worker-Main-24/WARN]: Unsafe tag access before load, try to avoid this if possible
[12:52:07] [Worker-Main-24/WARN]: Unsafe tag access before load, try to avoid this if possible
[12:52:07] [Worker-Main-24/WARN]: Unsafe tag access before load, try to avoid this if possible
[12:52:07] [Worker-Main-24/WARN]: Unsafe tag access before load, try to avoid this if possible
[12:52:07] [Worker-Main-24/WARN]: Unsafe tag access before load, try to avoid this if possible
[12:52:07] [Worker-Main-24/WARN]: Unsafe tag access before load, try to avoid this if possible
[12:52:07] [Worker-Main-24/WARN]: Unsafe tag access before load, try to avoid this if possible
[12:52:07] [Worker-Main-24/WARN]: Unsafe tag access before load, try to avoid this if possible
[12:52:07] [Worker-Main-24/WARN]: Unsafe tag access before load, try to avoid this if possible
[12:52:07] [Worker-Main-24/WARN]: Unsafe tag access before load, try to avoid this if possible
[12:52:07] [Worker-Main-24/WARN]: Unsafe tag access before load, try to avoid this if possible
[12:52:07] [Worker-Main-24/WARN]: Unsafe tag access before load, try to avoid this if possible
[12:52:07] [Worker-Main-24/WARN]: Unsafe tag access before load, try to avoid this if possible
[12:52:07] [Worker-Main-24/WARN]: Unsafe tag access before load, try to avoid this if possible
[12:52:07] [Worker-Main-24/WARN]: Unsafe tag access before load, try to avoid this if possible
[12:52:07] [Worker-Main-24/WARN]: Unsafe tag access before load, try to avoid this if possible
[12:52:07] [Worker-Main-24/WARN]: Unsafe tag access before load, try to avoid this if possible
[12:52:07] [Worker-Main-24/WARN]: Unsafe tag access before load, try to avoid this if possible
[12:52:07] [Worker-Main-24/WARN]: Unsafe tag access before load, try to avoid this if possible
[12:52:07] [Worker-Main-24/WARN]: Unsafe tag access before load, try to avoid this if possible
[12:52:07] [Worker-Main-24/WARN]: Unsafe tag access before load, try to avoid this if possible
[12:52:07] [Worker-Main-24/WARN]: Unsafe tag access before load, try to avoid this if possible
[12:52:07] [Worker-Main-24/WARN]: Unsafe tag access before load, try to avoid this if possible
[12:52:07] [Worker-Main-24/WARN]: Unsafe tag access before load, try to avoid this if possible
[12:52:07] [Worker-Main-24/WARN]: Unsafe tag access before load, try to avoid this if possible
[12:52:07] [Worker-Main-24/WARN]: Unsafe tag access before load, try to avoid this if possible
[12:52:07] [Worker-Main-24/WARN]: Unsafe tag access before load, try to avoid this if possible
[12:52:07] [Worker-Main-24/WARN]: Unsafe tag access before load, try to avoid this if possible
[12:52:07] [Worker-Main-24/WARN]: Unsafe tag access before load, try to avoid this if possible
[12:52:07] [Worker-Main-24/WARN]: Unsafe tag access before load, try to avoid this if possible
[12:52:07] [Worker-Main-24/WARN]: Unsafe tag access before load, try to avoid this if possible
[12:52:07] [Worker-Main-24/WARN]: Unsafe tag access before load, try to avoid this if possible
[12:52:07] [Worker-Main-24/WARN]: Unsafe tag access before load, try to avoid this if possible
[12:52:07] [Worker-Main-24/WARN]: Unsafe tag access before load, try to avoid this if possible
[12:52:07] [Worker-Main-24/WARN]: Unsafe tag access before load, try to avoid this if possible
[12:52:07] [Worker-Main-24/WARN]: Unsafe tag access before load, try to avoid this if possible
[12:52:07] [Worker-Main-24/WARN]: Unsafe tag access before load, try to avoid this if possible
[12:52:07] [Worker-Main-24/WARN]: Unsafe tag access before load, try to avoid this if possible
[12:52:07] [Worker-Main-24/WARN]: Unsafe tag access before load, try to avoid this if possible
[12:52:07] [Worker-Main-24/WARN]: Unsafe tag access before load, try to avoid this if possible
[12:52:07] [Worker-Main-24/WARN]: Unsafe tag access before load, try to avoid this if possible
[12:52:07] [Worker-Main-24/WARN]: Unsafe tag access before load, try to avoid this if possible
[12:52:07] [Worker-Main-24/WARN]: Unsafe tag access before load, try to avoid this if possible
[12:52:07] [Worker-Main-24/WARN]: Unsafe tag access before load, try to avoid this if possible
[12:52:07] [Worker-Main-24/WARN]: Unsafe tag access before load, try to avoid this if possible
[12:52:07] [Worker-Main-24/WARN]: Unsafe tag access before load, try to avoid this if possible
[12:52:07] [Worker-Main-24/WARN]: Unsafe tag access before load, try to avoid this if possible
[12:52:07] [Worker-Main-24/WARN]: Unsafe tag access before load, try to avoid this if possible
[12:52:07] [Worker-Main-24/WARN]: Unsafe tag access before load, try to avoid this if possible
[12:52:07] [Worker-Main-24/WARN]: Unsafe tag access before load, try to avoid this if possible
[12:52:07] [Worker-Main-24/WARN]: Unsafe tag access before load, try to avoid this if possible
[12:52:07] [Worker-Main-24/WARN]: Unsafe tag access before load, try to avoid this if possible
[12:52:07] [Worker-Main-24/WARN]: Unsafe tag access before load, try to avoid this if possible
[12:52:07] [Worker-Main-24/WARN]: Unsafe tag access before load, try to avoid this if possible
[12:52:07] [Worker-Main-24/WARN]: Unsafe tag access before load, try to avoid this if possible
[12:52:07] [Worker-Main-24/WARN]: Unsafe tag access before load, try to avoid this if possible
[12:52:07] [Worker-Main-24/WARN]: Unsafe tag access before load, try to avoid this if possible
[12:52:07] [Worker-Main-24/WARN]: Unsafe tag access before load, try to avoid this if possible
[12:52:07] [Worker-Main-24/WARN]: Unsafe tag access before load, try to avoid this if possible
[12:52:07] [Worker-Main-24/WARN]: Unsafe tag access before load, try to avoid this if possible
[12:52:07] [Worker-Main-24/WARN]: Unsafe tag access before load, try to avoid this if possible
[12:52:07] [Worker-Main-24/WARN]: Unsafe tag access before load, try to avoid this if possible
[12:52:07] [Worker-Main-24/WARN]: Unsafe tag access before load, try to avoid this if possible
[12:52:07] [Worker-Main-24/WARN]: Unsafe tag access before load, try to avoid this if possible
[12:52:07] [Worker-Main-24/WARN]: Unsafe tag access before load, try to avoid this if possible
[12:52:07] [Worker-Main-24/WARN]: Unsafe tag access before load, try to avoid this if possible
[12:52:07] [Worker-Main-24/WARN]: Unsafe tag access before load, try to avoid this if possible
[12:52:07] [Worker-Main-24/WARN]: Unsafe tag access before load, try to avoid this if possible
[12:52:07] [Worker-Main-24/WARN]: Unsafe tag access before load, try to avoid this if possible
[12:52:07] [Worker-Main-24/WARN]: Unsafe tag access before load, try to avoid this if possible
[12:52:07] [Worker-Main-24/WARN]: Unsafe tag access before load, try to avoid this if possible
[12:52:07] [Worker-Main-24/WARN]: Unsafe tag access before load, try to avoid this if possible
[12:52:07] [Worker-Main-24/WARN]: Unsafe tag access before load, try to avoid this if possible
[12:52:07] [Worker-Main-24/WARN]: Unsafe tag access before load, try to avoid this if possible
[12:52:07] [Worker-Main-24/WARN]: Unsafe tag access before load, try to avoid this if possible
[12:52:07] [Worker-Main-24/WARN]: Unsafe tag access before load, try to avoid this if possible
[12:52:07] [Worker-Main-24/WARN]: Unsafe tag access before load, try to avoid this if possible
[12:52:07] [Worker-Main-24/WARN]: Unsafe tag access before load, try to avoid this if possible
[12:52:07] [Worker-Main-24/WARN]: Unsafe tag access before load, try to avoid this if possible
[12:52:07] [Worker-Main-24/WARN]: Unsafe tag access before load, try to avoid this if possible
[12:52:07] [Worker-Main-24/WARN]: Unsafe tag access before load, try to avoid this if possible
[12:52:07] [Worker-Main-24/WARN]: Unsafe tag access before load, try to avoid this if possible
[12:52:07] [Worker-Main-24/WARN]: Unsafe tag access before load, try to avoid this if possible
[12:52:07] [Worker-Main-24/WARN]: Unsafe tag access before load, try to avoid this if possible
[12:52:07] [Worker-Main-24/WARN]: Unsafe tag access before load, try to avoid this if possible
[12:52:07] [Worker-Main-24/WARN]: Unsafe tag access before load, try to avoid this if possible
[12:52:07] [Worker-Main-24/WARN]: Unsafe tag access before load, try to avoid this if possible
[12:52:07] [Worker-Main-24/WARN]: Unsafe tag access before load, try to avoid this if possible
[12:52:07] [Worker-Main-24/WARN]: Unsafe tag access before load, try to avoid this if possible
[12:52:07] [Worker-Main-24/WARN]: Unsafe tag access before load, try to avoid this if possible
[12:52:07] [Worker-Main-24/WARN]: Unsafe tag access before load, try to avoid this if possible
[12:52:07] [Worker-Main-24/WARN]: Unsafe tag access before load, try to avoid this if possible
[12:52:07] [Worker-Main-24/WARN]: Unsafe tag access before load, try to avoid this if possible
[12:52:07] [Worker-Main-24/WARN]: Unsafe tag access before load, try to avoid this if possible
[12:52:07] [Worker-Main-24/WARN]: Unsafe tag access before load, try to avoid this if possible
[12:52:07] [Worker-Main-24/WARN]: Unsafe tag access before load, try to avoid this if possible
[12:52:07] [Worker-Main-24/WARN]: Unsafe tag access before load, try to avoid this if possible
[12:52:07] [Worker-Main-24/WARN]: Unsafe tag access before load, try to avoid this if possible
[12:52:07] [Worker-Main-24/WARN]: Unsafe tag access before load, try to avoid this if possible
[12:52:07] [Worker-Main-24/WARN]: Unsafe tag access before load, try to avoid this if possible
[12:52:07] [Worker-Main-24/WARN]: Unsafe tag access before load, try to avoid this if possible
[12:52:07] [Worker-Main-24/WARN]: Unsafe tag access before load, try to avoid this if possible
[12:52:07] [Worker-Main-24/WARN]: Unsafe tag access before load, try to avoid this if possible
[12:52:07] [Worker-Main-24/WARN]: Unsafe tag access before load, try to avoid this if possible
[12:52:07] [Worker-Main-24/WARN]: Unsafe tag access before load, try to avoid this if possible
[12:52:07] [Worker-Main-24/WARN]: Unsafe tag access before load, try to avoid this if possible
[12:52:07] [Worker-Main-24/WARN]: Unsafe tag access before load, try to avoid this if possible
[12:52:07] [Worker-Main-24/WARN]: Unsafe tag access before load, try to avoid this if possible
[12:52:07] [Worker-Main-24/WARN]: Unsafe tag access before load, try to avoid this if possible
[12:52:07] [Worker-Main-24/WARN]: Unsafe tag access before load, try to avoid this if possible
[12:52:07] [Worker-Main-24/WARN]: Unsafe tag access before load, try to avoid this if possible
[12:52:07] [Worker-Main-24/WARN]: Unsafe tag access before load, try to avoid this if possible
[12:52:07] [Worker-Main-24/WARN]: Unsafe tag access before load, try to avoid this if possible
[12:52:07] [Worker-Main-24/WARN]: Unsafe tag access before load, try to avoid this if possible
[12:52:07] [Worker-Main-24/WARN]: Unsafe tag access before load, try to avoid this if possible
[12:52:07] [Worker-Main-24/WARN]: Unsafe tag access before load, try to avoid this if possible
[12:52:07] [Worker-Main-24/WARN]: Unsafe tag access before load, try to avoid this if possible
[12:52:07] [Worker-Main-24/WARN]: Unsafe tag access before load, try to avoid this if possible
[12:52:07] [Worker-Main-24/WARN]: Unsafe tag access before load, try to avoid this if possible
[12:52:07] [Worker-Main-24/WARN]: Unsafe tag access before load, try to avoid this if possible
[12:52:07] [Worker-Main-24/WARN]: Unsafe tag access before load, try to avoid this if possible
[12:52:07] [Worker-Main-24/WARN]: Unsafe tag access before load, try to avoid this if possible
[12:52:07] [Worker-Main-24/WARN]: Unsafe tag access before load, try to avoid this if possible
[12:52:07] [Worker-Main-24/WARN]: Unsafe tag access before load, try to avoid this if possible
[12:52:07] [Worker-Main-24/WARN]: Unsafe tag access before load, try to avoid this if possible
[12:52:07] [Worker-Main-24/WARN]: Unsafe tag access before load, try to avoid this if possible
[12:52:07] [Worker-Main-24/WARN]: Unsafe tag access before load, try to avoid this if possible
[12:52:07] [Worker-Main-24/WARN]: Unsafe tag access before load, try to avoid this if possible
[12:52:07] [Worker-Main-24/WARN]: Unsafe tag access before load, try to avoid this if possible
[12:52:07] [Worker-Main-24/WARN]: Unsafe tag access before load, try to avoid this if possible
[12:52:07] [Worker-Main-24/WARN]: Unsafe tag access before load, try to avoid this if possible
[12:52:07] [Worker-Main-24/WARN]: Unsafe tag access before load, try to avoid this if possible
[12:52:07] [Worker-Main-24/WARN]: Unsafe tag access before load, try to avoid this if possible
[12:52:07] [Worker-Main-24/WARN]: Unsafe tag access before load, try to avoid this if possible
[12:52:07] [Worker-Main-24/WARN]: Unsafe tag access before load, try to avoid this if possible
[12:52:07] [Worker-Main-24/WARN]: Unsafe tag access before load, try to avoid this if possible
[12:52:07] [Worker-Main-24/WARN]: Unsafe tag access before load, try to avoid this if possible
[12:52:07] [Worker-Main-24/WARN]: Unsafe tag access before load, try to avoid this if possible
[12:52:07] [Worker-Main-24/WARN]: Unsafe tag access before load, try to avoid this if possible
[12:52:07] [Worker-Main-24/WARN]: Unsafe tag access before load, try to avoid this if possible
[12:52:07] [Worker-Main-24/WARN]: Unsafe tag access before load, try to avoid this if possible
[12:52:07] [Worker-Main-24/WARN]: Unsafe tag access before load, try to avoid this if possible
[12:52:07] [Worker-Main-24/WARN]: Unsafe tag access before load, try to avoid this if possible
[12:52:07] [Worker-Main-24/WARN]: Unsafe tag access before load, try to avoid this if possible
[12:52:07] [Worker-Main-24/WARN]: Unsafe tag access before load, try to avoid this if possible
[12:52:07] [Worker-Main-24/WARN]: Unsafe tag access before load, try to avoid this if possible
[12:52:07] [Worker-Main-24/WARN]: Unsafe tag access before load, try to avoid this if possible
[12:52:07] [Worker-Main-24/WARN]: Unsafe tag access before load, try to avoid this if possible
[12:52:07] [Worker-Main-24/WARN]: Unsafe tag access before load, try to avoid this if possible
[12:52:07] [Worker-Main-24/WARN]: Unsafe tag access before load, try to avoid this if possible
[12:52:07] [Worker-Main-24/WARN]: Unsafe tag access before load, try to avoid this if possible
[12:52:07] [Worker-Main-24/WARN]: Unsafe tag access before load, try to avoid this if possible
[12:52:07] [Worker-Main-24/WARN]: Unsafe tag access before load, try to avoid this if possible
[12:52:07] [Worker-Main-24/WARN]: Unsafe tag access before load, try to avoid this if possible
[12:52:07] [Worker-Main-24/WARN]: Unsafe tag access before load, try to avoid this if possible
[12:52:07] [Worker-Main-24/WARN]: Unsafe tag access before load, try to avoid this if possible
[12:52:07] [Worker-Main-24/WARN]: Unsafe tag access before load, try to avoid this if possible
[12:52:07] [Worker-Main-24/WARN]: Unsafe tag access before load, try to avoid this if possible
[12:52:07] [Worker-Main-24/WARN]: Unsafe tag access before load, try to avoid this if possible
[12:52:07] [Worker-Main-24/WARN]: Unsafe tag access before load, try to avoid this if possible
[12:52:07] [Worker-Main-24/WARN]: Unsafe tag access before load, try to avoid this if possible
[12:52:07] [Worker-Main-24/WARN]: Unsafe tag access before load, try to avoid this if possible
[12:52:07] [Worker-Main-24/WARN]: Unsafe tag access before load, try to avoid this if possible
[12:52:07] [Worker-Main-24/WARN]: Unsafe tag access before load, try to avoid this if possible
[12:52:07] [Worker-Main-24/WARN]: Unsafe tag access before load, try to avoid this if possible
[12:52:07] [Worker-Main-24/WARN]: Unsafe tag access before load, try to avoid this if possible
[12:52:07] [Worker-Main-24/WARN]: Unsafe tag access before load, try to avoid this if possible
[12:52:07] [Worker-Main-24/WARN]: Unsafe tag access before load, try to avoid this if possible
[12:52:07] [Worker-Main-24/WARN]: Unsafe tag access before load, try to avoid this if possible
[12:52:07] [Worker-Main-24/WARN]: Unsafe tag access before load, try to avoid this if possible
[12:52:07] [Worker-Main-24/WARN]: Unsafe tag access before load, try to avoid this if possible
[12:52:07] [Worker-Main-24/WARN]: Unsafe tag access before load, try to avoid this if possible
[12:52:07] [Worker-Main-24/WARN]: Unsafe tag access before load, try to avoid this if possible
[12:52:07] [Worker-Main-24/WARN]: Unsafe tag access before load, try to avoid this if possible
[12:52:07] [Worker-Main-24/WARN]: Unsafe tag access before load, try to avoid this if possible
[12:52:07] [Worker-Main-24/WARN]: Unsafe tag access before load, try to avoid this if possible
[12:52:07] [Worker-Main-24/WARN]: Unsafe tag access before load, try to avoid this if possible
[12:52:07] [Worker-Main-24/WARN]: Unsafe tag access before load, try to avoid this if possible
[12:52:07] [Worker-Main-24/WARN]: Unsafe tag access before load, try to avoid this if possible
[12:52:07] [Worker-Main-24/WARN]: Unsafe tag access before load, try to avoid this if possible
[12:52:07] [Worker-Main-24/WARN]: Unsafe tag access before load, try to avoid this if possible
[12:52:07] [Worker-Main-24/WARN]: Unsafe tag access before load, try to avoid this if possible
[12:52:07] [Worker-Main-24/WARN]: Unsafe tag access before load, try to avoid this if possible
[12:52:07] [Worker-Main-24/WARN]: Unsafe tag access before load, try to avoid this if possible
[12:52:07] [Worker-Main-24/WARN]: Unsafe tag access before load, try to avoid this if possible
[12:52:07] [Worker-Main-24/WARN]: Unsafe tag access before load, try to avoid this if possible
[12:52:07] [Worker-Main-24/WARN]: Unsafe tag access before load, try to avoid this if possible
[12:52:07] [Worker-Main-24/WARN]: Unsafe tag access before load, try to avoid this if possible
[12:52:07] [Worker-Main-24/WARN]: Unsafe tag access before load, try to avoid this if possible
[12:52:07] [Worker-Main-24/WARN]: Unsafe tag access before load, try to avoid this if possible
[12:52:07] [Worker-Main-24/WARN]: Unsafe tag access before load, try to avoid this if possible
[12:52:07] [Worker-Main-24/WARN]: Unsafe tag access before load, try to avoid this if possible
[12:52:07] [Worker-Main-24/WARN]: Unsafe tag access before load, try to avoid this if possible
[12:52:07] [Worker-Main-24/WARN]: Unsafe tag access before load, try to avoid this if possible
[12:52:07] [Worker-Main-24/WARN]: Unsafe tag access before load, try to avoid this if possible
[12:52:07] [Worker-Main-24/WARN]: Unsafe tag access before load, try to avoid this if possible
[12:52:07] [Worker-Main-24/WARN]: Unsafe tag access before load, try to avoid this if possible
[12:52:07] [Worker-Main-24/WARN]: Unsafe tag access before load, try to avoid this if possible
[12:52:07] [Worker-Main-24/WARN]: Unsafe tag access before load, try to avoid this if possible
[12:52:07] [Worker-Main-24/WARN]: Unsafe tag access before load, try to avoid this if possible
[12:52:07] [Worker-Main-24/WARN]: Unsafe tag access before load, try to avoid this if possible
[12:52:07] [Worker-Main-24/WARN]: Unsafe tag access before load, try to avoid this if possible
[12:52:07] [Worker-Main-24/WARN]: Unsafe tag access before load, try to avoid this if possible
[12:52:07] [Worker-Main-24/WARN]: Unsafe tag access before load, try to avoid this if possible
[12:52:07] [Worker-Main-24/WARN]: Unsafe tag access before load, try to avoid this if possible
[12:52:07] [Worker-Main-24/WARN]: Unsafe tag access before load, try to avoid this if possible
[12:52:07] [Worker-Main-24/WARN]: Unsafe tag access before load, try to avoid this if possible
[12:52:07] [Worker-Main-24/WARN]: Unsafe tag access before load, try to avoid this if possible
[12:52:07] [Worker-Main-24/WARN]: Unsafe tag access before load, try to avoid this if possible
[12:52:07] [Worker-Main-24/WARN]: Unsafe tag access before load, try to avoid this if possible
[12:52:07] [Worker-Main-24/WARN]: Unsafe tag access before load, try to avoid this if possible
[12:52:07] [Worker-Main-24/WARN]: Unsafe tag access before load, try to avoid this if possible
[12:52:07] [Worker-Main-24/WARN]: Unsafe tag access before load, try to avoid this if possible
[12:52:07] [Worker-Main-24/WARN]: Unsafe tag access before load, try to avoid this if possible
[12:52:07] [Worker-Main-24/WARN]: Unsafe tag access before load, try to avoid this if possible
[12:52:07] [Worker-Main-24/WARN]: Unsafe tag access before load, try to avoid this if possible
[12:52:07] [Worker-Main-24/WARN]: Unsafe tag access before load, try to avoid this if possible
[12:52:07] [Worker-Main-24/WARN]: Unsafe tag access before load, try to avoid this if possible
[12:52:07] [Worker-Main-24/WARN]: Unsafe tag access before load, try to avoid this if possible
[12:52:07] [Worker-Main-24/WARN]: Unsafe tag access before load, try to avoid this if possible
[12:52:07] [Worker-Main-24/WARN]: Unsafe tag access before load, try to avoid this if possible
[12:52:07] [Worker-Main-24/WARN]: Unsafe tag access before load, try to avoid this if possible
[12:52:07] [Worker-Main-24/WARN]: Unsafe tag access before load, try to avoid this if possible
[12:52:07] [Worker-Main-24/WARN]: Unsafe tag access before load, try to avoid this if possible
[12:52:07] [Worker-Main-24/WARN]: Unsafe tag access before load, try to avoid this if possible
[12:52:07] [Worker-Main-24/WARN]: Unsafe tag access before load, try to avoid this if possible
[12:52:07] [Worker-Main-24/WARN]: Unsafe tag access before load, try to avoid this if possible
[12:52:07] [Worker-Main-24/WARN]: Unsafe tag access before load, try to avoid this if possible
[12:52:07] [Worker-Main-24/WARN]: Unsafe tag access before load, try to avoid this if possible
[12:52:07] [Worker-Main-24/WARN]: Unsafe tag access before load, try to avoid this if possible
[12:52:07] [Worker-Main-24/WARN]: Unsafe tag access before load, try to avoid this if possible
[12:52:07] [Worker-Main-24/WARN]: Unsafe tag access before load, try to avoid this if possible
[12:52:07] [Worker-Main-24/WARN]: Unsafe tag access before load, try to avoid this if possible
[12:52:07] [Worker-Main-24/WARN]: Unsafe tag access before load, try to avoid this if possible
[12:52:07] [Worker-Main-24/WARN]: Unsafe tag access before load, try to avoid this if possible
[12:52:07] [Worker-Main-24/WARN]: Unsafe tag access before load, try to avoid this if possible
[12:52:07] [Worker-Main-24/WARN]: Unsafe tag access before load, try to avoid this if possible
[12:52:07] [Worker-Main-24/WARN]: Unsafe tag access before load, try to avoid this if possible
[12:52:07] [Worker-Main-24/WARN]: Unsafe tag access before load, try to avoid this if possible
[12:52:07] [Worker-Main-24/WARN]: Unsafe tag access before load, try to avoid this if possible
[12:52:07] [Worker-Main-24/WARN]: Unsafe tag access before load, try to avoid this if possible
[12:52:07] [Worker-Main-24/WARN]: Unsafe tag access before load, try to avoid this if possible
[12:52:07] [Worker-Main-24/WARN]: Unsafe tag access before load, try to avoid this if possible
[12:52:07] [Worker-Main-24/WARN]: Unsafe tag access before load, try to avoid this if possible
[12:52:07] [Worker-Main-24/WARN]: Unsafe tag access before load, try to avoid this if possible
[12:52:07] [Worker-Main-24/WARN]: Unsafe tag access before load, try to avoid this if possible
[12:52:07] [Worker-Main-24/WARN]: Unsafe tag access before load, try to avoid this if possible
[12:52:07] [Worker-Main-24/WARN]: Unsafe tag access before load, try to avoid this if possible
[12:52:07] [Worker-Main-24/WARN]: Unsafe tag access before load, try to avoid this if possible
[12:52:07] [Worker-Main-24/WARN]: Unsafe tag access before load, try to avoid this if possible
[12:52:07] [Worker-Main-24/WARN]: Unsafe tag access before load, try to avoid this if possible
[12:52:07] [Worker-Main-24/WARN]: Unsafe tag access before load, try to avoid this if possible
[12:52:07] [Worker-Main-24/WARN]: Unsafe tag access before load, try to avoid this if possible
[12:52:07] [Worker-Main-24/WARN]: Unsafe tag access before load, try to avoid this if possible
[12:52:07] [Worker-Main-24/WARN]: Unsafe tag access before load, try to avoid this if possible
[12:52:07] [Worker-Main-24/WARN]: Unsafe tag access before load, try to avoid this if possible
[12:52:07] [Worker-Main-24/WARN]: Unsafe tag access before load, try to avoid this if possible
[12:52:07] [Worker-Main-24/WARN]: Unsafe tag access before load, try to avoid this if possible
[12:52:07] [Worker-Main-24/WARN]: Unsafe tag access before load, try to avoid this if possible
[12:52:07] [Worker-Main-24/WARN]: Unsafe tag access before load, try to avoid this if possible
[12:52:07] [Worker-Main-24/WARN]: Unsafe tag access before load, try to avoid this if possible
[12:52:07] [Worker-Main-24/WARN]: Unsafe tag access before load, try to avoid this if possible
[12:52:07] [Worker-Main-24/WARN]: Unsafe tag access before load, try to avoid this if possible
[12:52:07] [Worker-Main-24/WARN]: Unsafe tag access before load, try to avoid this if possible
[12:52:07] [Worker-Main-24/WARN]: Unsafe tag access before load, try to avoid this if possible
[12:52:07] [Worker-Main-24/WARN]: Unsafe tag access before load, try to avoid this if possible
[12:52:07] [Worker-Main-24/WARN]: Unsafe tag access before load, try to avoid this if possible
[12:52:07] [Worker-Main-24/WARN]: Unsafe tag access before load, try to avoid this if possible
[12:52:07] [Worker-Main-24/WARN]: Unsafe tag access before load, try to avoid this if possible
[12:52:07] [Worker-Main-24/WARN]: Unsafe tag access before load, try to avoid this if possible
[12:52:07] [Worker-Main-24/WARN]: Unsafe tag access before load, try to avoid this if possible
[12:52:07] [Worker-Main-24/WARN]: Unsafe tag access before load, try to avoid this if possible
[12:52:07] [Worker-Main-24/WARN]: Unsafe tag access before load, try to avoid this if possible
[12:52:07] [Worker-Main-24/WARN]: Unsafe tag access before load, try to avoid this if possible
[12:52:07] [Worker-Main-24/WARN]: Unsafe tag access before load, try to avoid this if possible
[12:52:07] [Worker-Main-24/WARN]: Unsafe tag access before load, try to avoid this if possible
[12:52:07] [Worker-Main-24/WARN]: Unsafe tag access before load, try to avoid this if possible
[12:52:07] [Worker-Main-24/WARN]: Unsafe tag access before load, try to avoid this if possible
[12:52:07] [Worker-Main-24/WARN]: Unsafe tag access before load, try to avoid this if possible
[12:52:07] [Worker-Main-24/WARN]: Unsafe tag access before load, try to avoid this if possible
[12:52:07] [Worker-Main-24/WARN]: Unsafe tag access before load, try to avoid this if possible
[12:52:07] [Worker-Main-24/WARN]: Unsafe tag access before load, try to avoid this if possible
[12:52:07] [Worker-Main-24/WARN]: Unsafe tag access before load, try to avoid this if possible
[12:52:07] [Worker-Main-24/WARN]: Unsafe tag access before load, try to avoid this if possible
[12:52:07] [Worker-Main-24/WARN]: Unsafe tag access before load, try to avoid this if possible
[12:52:07] [Worker-Main-24/WARN]: Unsafe tag access before load, try to avoid this if possible
[12:52:07] [Worker-Main-24/WARN]: Unsafe tag access before load, try to avoid this if possible
[12:52:07] [Worker-Main-24/WARN]: Unsafe tag access before load, try to avoid this if possible
[12:52:07] [Worker-Main-24/WARN]: Unsafe tag access before load, try to avoid this if possible
[12:52:07] [Worker-Main-24/WARN]: Unsafe tag access before load, try to avoid this if possible
[12:52:07] [Worker-Main-24/WARN]: Unsafe tag access before load, try to avoid this if possible
[12:52:07] [Worker-Main-24/WARN]: Unsafe tag access before load, try to avoid this if possible
[12:52:07] [Worker-Main-24/WARN]: Unsafe tag access before load, try to avoid this if possible
[12:52:07] [Worker-Main-24/WARN]: Unsafe tag access before load, try to avoid this if possible
[12:52:07] [Worker-Main-24/WARN]: Unsafe tag access before load, try to avoid this if possible
[12:52:07] [Worker-Main-24/WARN]: Unsafe tag access before load, try to avoid this if possible
[12:52:07] [Worker-Main-24/WARN]: Unsafe tag access before load, try to avoid this if possible
[12:52:07] [Worker-Main-24/WARN]: Unsafe tag access before load, try to avoid this if possible
[12:52:07] [Worker-Main-24/WARN]: Unsafe tag access before load, try to avoid this if possible
[12:52:07] [Worker-Main-24/WARN]: Unsafe tag access before load, try to avoid this if possible
[12:52:07] [Worker-Main-24/WARN]: Unsafe tag access before load, try to avoid this if possible
[12:52:07] [Worker-Main-24/WARN]: Unsafe tag access before load, try to avoid this if possible
[12:52:07] [Worker-Main-24/WARN]: Unsafe tag access before load, try to avoid this if possible
[12:52:07] [Worker-Main-24/WARN]: Unsafe tag access before load, try to avoid this if possible
[12:52:07] [Worker-Main-24/WARN]: Unsafe tag access before load, try to avoid this if possible
[12:52:07] [Worker-Main-24/WARN]: Unsafe tag access before load, try to avoid this if possible
[12:52:07] [Worker-Main-24/WARN]: Unsafe tag access before load, try to avoid this if possible
[12:52:07] [Worker-Main-24/WARN]: Unsafe tag access before load, try to avoid this if possible
[12:52:07] [Worker-Main-24/WARN]: Unsafe tag access before load, try to avoid this if possible
[12:52:07] [Worker-Main-24/WARN]: Unsafe tag access before load, try to avoid this if possible
[12:52:07] [Worker-Main-24/WARN]: Unsafe tag access before load, try to avoid this if possible
[12:52:07] [Worker-Main-24/WARN]: Unsafe tag access before load, try to avoid this if possible
[12:52:07] [Worker-Main-24/WARN]: Unsafe tag access before load, try to avoid this if possible
[12:52:07] [Worker-Main-24/WARN]: Unsafe tag access before load, try to avoid this if possible
[12:52:07] [Worker-Main-24/WARN]: Unsafe tag access before load, try to avoid this if possible
[12:52:07] [Worker-Main-24/WARN]: Unsafe tag access before load, try to avoid this if possible
[12:52:07] [Worker-Main-24/WARN]: Unsafe tag access before load, try to avoid this if possible
[12:52:07] [Worker-Main-24/WARN]: Unsafe tag access before load, try to avoid this if possible
[12:52:07] [Worker-Main-24/WARN]: Unsafe tag access before load, try to avoid this if possible
[12:52:07] [Worker-Main-24/WARN]: Unsafe tag access before load, try to avoid this if possible
[12:52:07] [Worker-Main-24/WARN]: Unsafe tag access before load, try to avoid this if possible
[12:52:07] [Worker-Main-24/WARN]: Unsafe tag access before load, try to avoid this if possible
[12:52:07] [Worker-Main-24/WARN]: Unsafe tag access before load, try to avoid this if possible
[12:52:07] [Worker-Main-24/WARN]: Unsafe tag access before load, try to avoid this if possible
[12:52:07] [Worker-Main-24/WARN]: Unsafe tag access before load, try to avoid this if possible
[12:52:07] [Worker-Main-24/WARN]: Unsafe tag access before load, try to avoid this if possible
[12:52:07] [Worker-Main-24/WARN]: Unsafe tag access before load, try to avoid this if possible
[12:52:07] [Worker-Main-24/WARN]: Unsafe tag access before load, try to avoid this if possible
[12:52:07] [Worker-Main-24/WARN]: Unsafe tag access before load, try to avoid this if possible
[12:52:07] [Worker-Main-24/WARN]: Unsafe tag access before load, try to avoid this if possible
[12:52:07] [Worker-Main-24/WARN]: Unsafe tag access before load, try to avoid this if possible
[12:52:07] [Worker-Main-24/WARN]: Unsafe tag access before load, try to avoid this if possible
[12:52:07] [Worker-Main-24/WARN]: Unsafe tag access before load, try to avoid this if possible
[12:52:07] [Worker-Main-24/WARN]: Unsafe tag access before load, try to avoid this if possible
[12:52:07] [Worker-Main-24/WARN]: Unsafe tag access before load, try to avoid this if possible
[12:52:07] [Worker-Main-24/WARN]: Unsafe tag access before load, try to avoid this if possible
[12:52:07] [Worker-Main-24/WARN]: Unsafe tag access before load, try to avoid this if possible
[12:52:07] [Worker-Main-24/WARN]: Unsafe tag access before load, try to avoid this if possible
[12:52:07] [Worker-Main-24/WARN]: Unsafe tag access before load, try to avoid this if possible
[12:52:07] [Worker-Main-24/WARN]: Unsafe tag access before load, try to avoid this if possible
[12:52:07] [Worker-Main-24/WARN]: Unsafe tag access before load, try to avoid this if possible
[12:52:07] [Worker-Main-24/WARN]: Unsafe tag access before load, try to avoid this if possible
[12:52:07] [Worker-Main-24/WARN]: Unsafe tag access before load, try to avoid this if possible
[12:52:07] [Worker-Main-24/WARN]: Unsafe tag access before load, try to avoid this if possible
[12:52:07] [Worker-Main-24/WARN]: Unsafe tag access before load, try to avoid this if possible
[12:52:07] [Worker-Main-24/WARN]: Unsafe tag access before load, try to avoid this if possible
[12:52:07] [Worker-Main-24/WARN]: Unsafe tag access before load, try to avoid this if possible
[12:52:07] [Worker-Main-24/WARN]: Unsafe tag access before load, try to avoid this if possible
[12:52:07] [Worker-Main-24/WARN]: Unsafe tag access before load, try to avoid this if possible
[12:52:07] [Worker-Main-24/WARN]: Unsafe tag access before load, try to avoid this if possible
[12:52:07] [Worker-Main-24/WARN]: Unsafe tag access before load, try to avoid this if possible
[12:52:07] [Worker-Main-24/WARN]: Unsafe tag access before load, try to avoid this if possible
[12:52:07] [Worker-Main-24/WARN]: Unsafe tag access before load, try to avoid this if possible
[12:52:07] [Worker-Main-24/WARN]: Unsafe tag access before load, try to avoid this if possible
[12:52:07] [Worker-Main-24/WARN]: Unsafe tag access before load, try to avoid this if possible
[12:52:07] [Worker-Main-24/WARN]: Unsafe tag access before load, try to avoid this if possible
[12:52:07] [Worker-Main-24/WARN]: Unsafe tag access before load, try to avoid this if possible
[12:52:07] [Worker-Main-24/WARN]: Unsafe tag access before load, try to avoid this if possible
[12:52:07] [Worker-Main-24/WARN]: Unsafe tag access before load, try to avoid this if possible
[12:52:07] [Worker-Main-24/WARN]: Unsafe tag access before load, try to avoid this if possible
[12:52:07] [Worker-Main-24/WARN]: Unsafe tag access before load, try to avoid this if possible
[12:52:07] [Worker-Main-24/WARN]: Unsafe tag access before load, try to avoid this if possible
[12:52:07] [Worker-Main-24/WARN]: Unsafe tag access before load, try to avoid this if possible
[12:52:07] [Worker-Main-24/WARN]: Unsafe tag access before load, try to avoid this if possible
[12:52:07] [Worker-Main-24/WARN]: Unsafe tag access before load, try to avoid this if possible
[12:52:07] [Worker-Main-24/WARN]: Unsafe tag access before load, try to avoid this if possible
[12:52:07] [Worker-Main-24/WARN]: Unsafe tag access before load, try to avoid this if possible
[12:52:07] [Worker-Main-24/WARN]: Unsafe tag access before load, try to avoid this if possible
[12:52:07] [Worker-Main-24/WARN]: Unsafe tag access before load, try to avoid this if possible
[12:52:07] [Worker-Main-24/WARN]: Unsafe tag access before load, try to avoid this if possible
[12:52:07] [Worker-Main-24/WARN]: Unsafe tag access before load, try to avoid this if possible
[12:52:07] [Worker-Main-24/WARN]: Unsafe tag access before load, try to avoid this if possible
[12:52:07] [Worker-Main-24/WARN]: Unsafe tag access before load, try to avoid this if possible
[12:52:07] [Worker-Main-24/WARN]: Unsafe tag access before load, try to avoid this if possible
[12:52:07] [Worker-Main-24/WARN]: Unsafe tag access before load, try to avoid this if possible
[12:52:07] [Worker-Main-24/WARN]: Unsafe tag access before load, try to avoid this if possible
[12:52:07] [Worker-Main-24/WARN]: Unsafe tag access before load, try to avoid this if possible
[12:52:07] [Worker-Main-24/WARN]: Unsafe tag access before load, try to avoid this if possible
[12:52:07] [Worker-Main-24/WARN]: Unsafe tag access before load, try to avoid this if possible
[12:52:07] [Worker-Main-24/WARN]: Unsafe tag access before load, try to avoid this if possible
[12:52:07] [Worker-Main-24/WARN]: Unsafe tag access before load, try to avoid this if possible
[12:52:07] [Worker-Main-24/WARN]: Unsafe tag access before load, try to avoid this if possible
[12:52:07] [Worker-Main-24/WARN]: Unsafe tag access before load, try to avoid this if possible
[12:52:07] [Worker-Main-24/WARN]: Unsafe tag access before load, try to avoid this if possible
[12:52:07] [Worker-Main-24/WARN]: Unsafe tag access before load, try to avoid this if possible
[12:52:07] [Worker-Main-24/WARN]: Unsafe tag access before load, try to avoid this if possible
[12:52:07] [Worker-Main-24/WARN]: Unsafe tag access before load, try to avoid this if possible
[12:52:07] [Worker-Main-24/WARN]: Unsafe tag access before load, try to avoid this if possible
[12:52:07] [Worker-Main-24/WARN]: Unsafe tag access before load, try to avoid this if possible
[12:52:07] [Worker-Main-24/WARN]: Unsafe tag access before load, try to avoid this if possible
[12:52:07] [Worker-Main-24/WARN]: Unsafe tag access before load, try to avoid this if possible
[12:52:07] [Worker-Main-24/WARN]: Unsafe tag access before load, try to avoid this if possible
[12:52:07] [Worker-Main-24/WARN]: Unsafe tag access before load, try to avoid this if possible
[12:52:07] [Worker-Main-24/WARN]: Unsafe tag access before load, try to avoid this if possible
[12:52:07] [Worker-Main-24/WARN]: Unsafe tag access before load, try to avoid this if possible
[12:52:07] [Worker-Main-24/WARN]: Unsafe tag access before load, try to avoid this if possible
[12:52:07] [Worker-Main-24/WARN]: Unsafe tag access before load, try to avoid this if possible
[12:52:07] [Worker-Main-24/WARN]: Unsafe tag access before load, try to avoid this if possible
[12:52:07] [Worker-Main-24/WARN]: Unsafe tag access before load, try to avoid this if possible
[12:52:07] [Worker-Main-24/WARN]: Unsafe tag access before load, try to avoid this if possible
[12:52:07] [Worker-Main-24/WARN]: Unsafe tag access before load, try to avoid this if possible
[12:52:07] [Worker-Main-24/WARN]: Unsafe tag access before load, try to avoid this if possible
[12:52:07] [Worker-Main-24/WARN]: Unsafe tag access before load, try to avoid this if possible
[12:52:07] [Worker-Main-24/WARN]: Unsafe tag access before load, try to avoid this if possible
[12:52:07] [Worker-Main-24/WARN]: Unsafe tag access before load, try to avoid this if possible
[12:52:07] [Worker-Main-24/WARN]: Unsafe tag access before load, try to avoid this if possible
[12:52:07] [Worker-Main-24/WARN]: Unsafe tag access before load, try to avoid this if possible
[12:52:07] [Worker-Main-24/WARN]: Unsafe tag access before load, try to avoid this if possible
[12:52:07] [Worker-Main-24/WARN]: Unsafe tag access before load, try to avoid this if possible
[12:52:07] [Worker-Main-24/WARN]: Unsafe tag access before load, try to avoid this if possible
[12:52:07] [Worker-Main-24/WARN]: Unsafe tag access before load, try to avoid this if possible
[12:52:07] [Worker-Main-24/WARN]: Unsafe tag access before load, try to avoid this if possible
[12:52:07] [Worker-Main-24/WARN]: Unsafe tag access before load, try to avoid this if possible
[12:52:07] [Worker-Main-24/WARN]: Unsafe tag access before load, try to avoid this if possible
[12:52:07] [Worker-Main-24/WARN]: Unsafe tag access before load, try to avoid this if possible
[12:52:07] [Worker-Main-24/WARN]: Unsafe tag access before load, try to avoid this if possible
[12:52:07] [Worker-Main-24/WARN]: Unsafe tag access before load, try to avoid this if possible
[12:52:07] [Worker-Main-24/WARN]: Unsafe tag access before load, try to avoid this if possible
[12:52:07] [Worker-Main-24/WARN]: Unsafe tag access before load, try to avoid this if possible
[12:52:07] [Worker-Main-24/WARN]: Unsafe tag access before load, try to avoid this if possible
[12:52:07] [Worker-Main-24/WARN]: Unsafe tag access before load, try to avoid this if possible
[12:52:07] [Worker-Main-24/WARN]: Unsafe tag access before load, try to avoid this if possible
[12:52:07] [Worker-Main-24/WARN]: Unsafe tag access before load, try to avoid this if possible
[12:52:07] [Worker-Main-24/WARN]: Unsafe tag access before load, try to avoid this if possible
[12:52:07] [Worker-Main-24/WARN]: Unsafe tag access before load, try to avoid this if possible
[12:52:07] [Worker-Main-24/WARN]: Unsafe tag access before load, try to avoid this if possible
[12:52:07] [Worker-Main-24/WARN]: Unsafe tag access before load, try to avoid this if possible
[12:52:07] [Worker-Main-24/WARN]: Unsafe tag access before load, try to avoid this if possible
[12:52:07] [Worker-Main-24/WARN]: Unsafe tag access before load, try to avoid this if possible
[12:52:07] [Worker-Main-24/WARN]: Unsafe tag access before load, try to avoid this if possible
[12:52:07] [Worker-Main-24/WARN]: Unsafe tag access before load, try to avoid this if possible
[12:52:07] [Worker-Main-24/WARN]: Unsafe tag access before load, try to avoid this if possible
[12:52:07] [Worker-Main-24/WARN]: Unsafe tag access before load, try to avoid this if possible
[12:52:07] [Worker-Main-24/WARN]: Unsafe tag access before load, try to avoid this if possible
[12:52:07] [Worker-Main-24/WARN]: Unsafe tag access before load, try to avoid this if possible
[12:52:07] [Worker-Main-24/WARN]: Unsafe tag access before load, try to avoid this if possible
[12:52:07] [Worker-Main-24/WARN]: Unsafe tag access before load, try to avoid this if possible
[12:52:07] [Worker-Main-24/WARN]: Unsafe tag access before load, try to avoid this if possible
[12:52:07] [Worker-Main-24/WARN]: Unsafe tag access before load, try to avoid this if possible
[12:52:07] [Worker-Main-24/WARN]: Unsafe tag access before load, try to avoid this if possible
[12:52:07] [Worker-Main-24/WARN]: Unsafe tag access before load, try to avoid this if possible
[12:52:07] [Worker-Main-24/WARN]: Unsafe tag access before load, try to avoid this if possible
[12:52:07] [Worker-Main-24/WARN]: Unsafe tag access before load, try to avoid this if possible
[12:52:07] [Worker-Main-24/WARN]: Unsafe tag access before load, try to avoid this if possible
[12:52:07] [Worker-Main-24/WARN]: Unsafe tag access before load, try to avoid this if possible
[12:52:07] [Worker-Main-24/WARN]: Unsafe tag access before load, try to avoid this if possible
[12:52:07] [Worker-Main-24/WARN]: Unsafe tag access before load, try to avoid this if possible
[12:52:07] [Worker-Main-24/WARN]: Unsafe tag access before load, try to avoid this if possible
[12:52:07] [Worker-Main-24/WARN]: Unsafe tag access before load, try to avoid this if possible
[12:52:07] [Worker-Main-24/WARN]: Unsafe tag access before load, try to avoid this if possible
[12:52:07] [Worker-Main-24/WARN]: Unsafe tag access before load, try to avoid this if possible
[12:52:07] [Worker-Main-24/WARN]: Unsafe tag access before load, try to avoid this if possible
[12:52:07] [Worker-Main-24/WARN]: Unsafe tag access before load, try to avoid this if possible
[12:52:07] [Worker-Main-24/WARN]: Unsafe tag access before load, try to avoid this if possible
[12:52:07] [Worker-Main-24/WARN]: Unsafe tag access before load, try to avoid this if possible
[12:52:07] [Worker-Main-24/WARN]: Unsafe tag access before load, try to avoid this if possible
[12:52:07] [Worker-Main-24/WARN]: Unsafe tag access before load, try to avoid this if possible
[12:52:07] [Worker-Main-24/WARN]: Unsafe tag access before load, try to avoid this if possible
[12:52:07] [Worker-Main-24/WARN]: Unsafe tag access before load, try to avoid this if possible
[12:52:07] [Worker-Main-24/WARN]: Unsafe tag access before load, try to avoid this if possible
[12:52:07] [Worker-Main-24/WARN]: Unsafe tag access before load, try to avoid this if possible
[12:52:07] [Worker-Main-24/WARN]: Unsafe tag access before load, try to avoid this if possible
[12:52:07] [Worker-Main-24/WARN]: Unsafe tag access before load, try to avoid this if possible
[12:52:07] [Worker-Main-24/WARN]: Unsafe tag access before load, try to avoid this if possible
[12:52:07] [Worker-Main-24/WARN]: Unsafe tag access before load, try to avoid this if possible
[12:52:07] [Worker-Main-24/WARN]: Unsafe tag access before load, try to avoid this if possible
[12:52:07] [Worker-Main-24/WARN]: Unsafe tag access before load, try to avoid this if possible
[12:52:07] [Worker-Main-24/WARN]: Unsafe tag access before load, try to avoid this if possible
[12:52:07] [Worker-Main-24/WARN]: Unsafe tag access before load, try to avoid this if possible
[12:52:07] [Worker-Main-24/WARN]: Unsafe tag access before load, try to avoid this if possible
[12:52:07] [Worker-Main-24/WARN]: Unsafe tag access before load, try to avoid this if possible
[12:52:07] [Worker-Main-24/WARN]: Unsafe tag access before load, try to avoid this if possible
[12:52:07] [Worker-Main-24/WARN]: Unsafe tag access before load, try to avoid this if possible
[12:52:07] [Worker-Main-24/WARN]: Unsafe tag access before load, try to avoid this if possible
[12:52:07] [Worker-Main-24/WARN]: Unsafe tag access before load, try to avoid this if possible
[12:52:07] [Worker-Main-24/WARN]: Unsafe tag access before load, try to avoid this if possible
[12:52:07] [Worker-Main-24/WARN]: Unsafe tag access before load, try to avoid this if possible
[12:52:07] [Worker-Main-24/WARN]: Unsafe tag access before load, try to avoid this if possible
[12:52:07] [Worker-Main-24/WARN]: Unsafe tag access before load, try to avoid this if possible
[12:52:07] [Worker-Main-24/WARN]: Unsafe tag access before load, try to avoid this if possible
[12:52:07] [Worker-Main-24/WARN]: Unsafe tag access before load, try to avoid this if possible
[12:52:07] [Worker-Main-24/WARN]: Unsafe tag access before load, try to avoid this if possible
[12:52:07] [Worker-Main-24/WARN]: Unsafe tag access before load, try to avoid this if possible
[12:52:07] [Worker-Main-24/WARN]: Unsafe tag access before load, try to avoid this if possible
[12:52:07] [Worker-Main-24/WARN]: Unsafe tag access before load, try to avoid this if possible
[12:52:07] [Worker-Main-24/WARN]: Unsafe tag access before load, try to avoid this if possible
[12:52:07] [Worker-Main-24/WARN]: Unsafe tag access before load, try to avoid this if possible
[12:52:07] [Worker-Main-24/WARN]: Removing file cache entry: C:\Users\bastelkorb\curseforge\minecraft\Instances\testy (1)\cache\immersiverailroading\models.item.wireless_remotecontrol.wireless_remotecontrol.obj_.606170590
[12:52:07] [Worker-Main-24/WARN]: Removing file cache entry: C:\Users\bastelkorb\curseforge\minecraft\Instances\testy (1)\cache\immersiverailroading\models.item.wrench.wrench.obj_.606170590
[12:52:07] [Worker-Main-24/WARN]: Removing file cache entry: C:\Users\bastelkorb\curseforge\minecraft\Instances\testy (1)\cache\immersiverailroading\models.rolling_stock.freight.buffer.buffer.obj_heightmap_.541389552
[12:52:07] [Worker-Main-24/WARN]: Removing file cache entry: C:\Users\bastelkorb\curseforge\minecraft\Instances\testy (1)\cache\immersiverailroading\models.rolling_stock.freight.bufferzh.bufferzh.obj_heightmap_.1394070627
[12:52:07] [Worker-Main-24/WARN]: Removing file cache entry: C:\Users\bastelkorb\curseforge\minecraft\Instances\testy (1)\cache\immersiverailroading\models.rolling_stock.freight.bufferzhextension.bufferzhextension.obj_heightmap_2893478
[12:52:07] [Worker-Main-24/WARN]: Removing file cache entry: C:\Users\bastelkorb\curseforge\minecraft\Instances\testy (1)\cache\immersiverailroading\models.rolling_stock.freight.cp_ekklo_40s.cp_ekklo_40s.obj_heightmap_1847234463
[12:52:07] [Worker-Main-24/WARN]: Removing file cache entry: C:\Users\bastelkorb\curseforge\minecraft\Instances\testy (1)\cache\immersiverailroading\models.rolling_stock.freight.cp_sgnss.cp_sgnss.obj_heightmap_.1179580012
[12:52:07] [Worker-Main-24/WARN]: Removing file cache entry: C:\Users\bastelkorb\curseforge\minecraft\Instances\testy (1)\cache\immersiverailroading\models.rolling_stock.freight.dbp_post_2_ss.t13.dbp_post_2_ss.t13.obj_heightmap_1172361982
[12:52:07] [Worker-Main-24/WARN]: Removing file cache entry: C:\Users\bastelkorb\curseforge\minecraft\Instances\testy (1)\cache\immersiverailroading\models.rolling_stock.freight.db_cargo_hbbills_308.db_cargo_hbbills_308.obj_heightmap_.1336709061
[12:52:08] [Worker-Main-24/WARN]: Removing file cache entry: C:\Users\bastelkorb\curseforge\minecraft\Instances\testy (1)\cache\immersiverailroading\models.rolling_stock.freight.db_cargo_hbbins_306.db_cargo_hbbins_306.obj_heightmap_.207025305
[12:52:08] [Worker-Main-24/WARN]: Removing file cache entry: C:\Users\bastelkorb\curseforge\minecraft\Instances\testy (1)\cache\immersiverailroading\models.rolling_stock.freight.db_cargo_laaeffrs_561.1.db_cargo_laaeffrs_561.1.obj_heightmap_.1696698958
[12:52:08] [Worker-Main-24/WARN]: Removing file cache entry: C:\Users\bastelkorb\curseforge\minecraft\Instances\testy (1)\cache\immersiverailroading\models.rolling_stock.freight.db_cargo_laaeffrs_561.2.db_cargo_laaeffrs_561.2.obj_heightmap_.740829300
[12:52:08] [Worker-Main-24/WARN]: Removing file cache entry: C:\Users\bastelkorb\curseforge\minecraft\Instances\testy (1)\cache\immersiverailroading\models.rolling_stock.freight.db_glmms_61.db_glmms_61.hb.obj_heightmap_1809963055
[12:52:08] [Worker-Main-24/WARN]: Removing file cache entry: C:\Users\bastelkorb\curseforge\minecraft\Instances\testy (1)\cache\immersiverailroading\models.rolling_stock.freight.db_glmms_61.db_glmms_61.obj_heightmap_.1155651492
[12:52:08] [Worker-Main-24/WARN]: Removing file cache entry: C:\Users\bastelkorb\curseforge\minecraft\Instances\testy (1)\cache\immersiverailroading\models.rolling_stock.freight.db_gmms_60.db_gmms_60.hb.obj_heightmap_.1899595150
[12:52:08] [Worker-Main-24/WARN]: Removing file cache entry: C:\Users\bastelkorb\curseforge\minecraft\Instances\testy (1)\cache\immersiverailroading\models.rolling_stock.freight.db_gmms_60.db_gmms_60.obj_heightmap_.1454472997
[12:52:08] [Worker-Main-24/WARN]: Removing file cache entry: C:\Users\bastelkorb\curseforge\minecraft\Instances\testy (1)\cache\immersiverailroading\models.rolling_stock.freight.db_kds_54.db_kds_54.hb.obj_heightmap_1246400892
[12:52:08] [Worker-Main-24/WARN]: Removing file cache entry: C:\Users\bastelkorb\curseforge\minecraft\Instances\testy (1)\cache\immersiverailroading\models.rolling_stock.freight.db_kds_54.db_kds_54.obj_heightmap_820732016
[12:52:08] [Worker-Main-24/WARN]: Removing file cache entry: C:\Users\bastelkorb\curseforge\minecraft\Instances\testy (1)\cache\immersiverailroading\models.rolling_stock.freight.db_omm_55.db_omm_55.obj_heightmap_1047289212
[12:52:08] [Worker-Main-24/WARN]: Removing file cache entry: C:\Users\bastelkorb\curseforge\minecraft\Instances\testy (1)\cache\immersiverailroading\models.rolling_stock.freight.db_omm_55.hb.db_omm_55.hb.obj_heightmap_388806152
[12:52:08] [Worker-Main-24/WARN]: Removing file cache entry: C:\Users\bastelkorb\curseforge\minecraft\Instances\testy (1)\cache\immersiverailroading\models.rolling_stock.freight.eanos.eanos.obj_heightmap_.1862485522
[12:52:08] [Worker-Main-24/WARN]: Removing file cache entry: C:\Users\bastelkorb\curseforge\minecraft\Instances\testy (1)\cache\immersiverailroading\models.rolling_stock.freight.facnps_48.facnps_48.obj_heightmap_.1617360353
[12:52:08] [Worker-Main-24/WARN]: Removing file cache entry: C:\Users\bastelkorb\curseforge\minecraft\Instances\testy (1)\cache\immersiverailroading\models.rolling_stock.freight.falns121.falns121.obj_heightmap_2107828387
[12:52:08] [Worker-Main-24/WARN]: Removing file cache entry: C:\Users\bastelkorb\curseforge\minecraft\Instances\testy (1)\cache\immersiverailroading\models.rolling_stock.freight.franz.franz.obj_heightmap_.286250779
[12:52:08] [Worker-Main-24/WARN]: Removing file cache entry: C:\Users\bastelkorb\curseforge\minecraft\Instances\testy (1)\cache\immersiverailroading\models.rolling_stock.freight.gondola.gondola.obj_heightmap_775932184
[12:52:08] [Worker-Main-24/WARN]: Removing file cache entry: C:\Users\bastelkorb\curseforge\minecraft\Instances\testy (1)\cache\immersiverailroading\models.rolling_stock.freight.hbbillnss.hbbillnss.obj_heightmap_37414143
[12:52:08] [Worker-Main-24/WARN]: Removing file cache entry: C:\Users\bastelkorb\curseforge\minecraft\Instances\testy (1)\cache\immersiverailroading\models.rolling_stock.freight.hupac_t3000e_a.hupac_t3000e_a.obj_heightmap_.132976439
[12:52:08] [Worker-Main-24/WARN]: Removing file cache entry: C:\Users\bastelkorb\curseforge\minecraft\Instances\testy (1)\cache\immersiverailroading\models.rolling_stock.freight.hupac_t3000e_b.hupac_t3000e_b.obj_heightmap_.761460340
[12:52:08] [Worker-Main-24/WARN]: Removing file cache entry: C:\Users\bastelkorb\curseforge\minecraft\Instances\testy (1)\cache\immersiverailroading\models.rolling_stock.freight.ip_buffer_metal.ip_buffer_metal.obj_heightmap_1386993170
[12:52:08] [Worker-Main-24/WARN]: Removing file cache entry: C:\Users\bastelkorb\curseforge\minecraft\Instances\testy (1)\cache\immersiverailroading\models.rolling_stock.freight.laeks427_1.laeks427_1.obj_heightmap_1828408536
[12:52:08] [Worker-Main-24/WARN]: Removing file cache entry: C:\Users\bastelkorb\curseforge\minecraft\Instances\testy (1)\cache\immersiverailroading\models.rolling_stock.freight.laeks427_2.laeks427_2.obj_heightmap_761122725
[12:52:08] [Worker-Main-24/WARN]: Removing file cache entry: C:\Users\bastelkorb\curseforge\minecraft\Instances\testy (1)\cache\immersiverailroading\models.rolling_stock.freight.ns_ubcs_3830.ns_ubcs_3830.obj_heightmap_.975836969
[12:52:08] [Worker-Main-24/WARN]: Removing file cache entry: C:\Users\bastelkorb\curseforge\minecraft\Instances\testy (1)\cache\immersiverailroading\models.rolling_stock.freight.railion_habbiins_344.railion_habbiins_344.obj_heightmap_1936563321
[12:52:08] [Worker-Main-24/WARN]: Removing file cache entry: C:\Users\bastelkorb\curseforge\minecraft\Instances\testy (1)\cache\immersiverailroading\models.rolling_stock.freight.rawie_type_6.rawie_type_6.obj_heightmap_1300798349
[12:52:08] [Worker-Main-24/WARN]: Removing file cache entry: C:\Users\bastelkorb\curseforge\minecraft\Instances\testy (1)\cache\immersiverailroading\models.rolling_stock.freight.rawie_typ_4.rawie_typ_4_modern.obj_heightmap_1654883640
[12:52:08] [Worker-Main-24/WARN]: Removing file cache entry: C:\Users\bastelkorb\curseforge\minecraft\Instances\testy (1)\cache\immersiverailroading\models.rolling_stock.freight.rawie_typ_4.rawie_typ_4_wood1.obj_heightmap_1471869594
[12:52:08] [Worker-Main-24/WARN]: Removing file cache entry: C:\Users\bastelkorb\curseforge\minecraft\Instances\testy (1)\cache\immersiverailroading\models.rolling_stock.freight.rawie_typ_4.rawie_typ_4_wood1_rust.obj_heightmap_.779427862
[12:52:08] [Worker-Main-24/WARN]: Removing file cache entry: C:\Users\bastelkorb\curseforge\minecraft\Instances\testy (1)\cache\immersiverailroading\models.rolling_stock.freight.rawie_typ_4.rawie_typ_4_wood2.obj_heightmap_.1051946151
[12:52:08] [Worker-Main-24/WARN]: Removing file cache entry: C:\Users\bastelkorb\curseforge\minecraft\Instances\testy (1)\cache\immersiverailroading\models.rolling_stock.freight.rommenhoeller.rommenhoeller.obj_heightmap_.879069721
[12:52:08] [Worker-Main-24/WARN]: Removing file cache entry: C:\Users\bastelkorb\curseforge\minecraft\Instances\testy (1)\cache\immersiverailroading\models.rolling_stock.freight.samms709.sahmms709_okd.obj_heightmap_.1988633345
[12:52:08] [Worker-Main-24/WARN]: Removing file cache entry: C:\Users\bastelkorb\curseforge\minecraft\Instances\testy (1)\cache\immersiverailroading\models.rolling_stock.freight.samms709.sahmmst709_graaff.obj_heightmap_1808077439
[12:52:08] [Worker-Main-24/WARN]: Removing file cache entry: C:\Users\bastelkorb\curseforge\minecraft\Instances\testy (1)\cache\immersiverailroading\models.rolling_stock.freight.samms709.samms709_graaff.obj_heightmap_1510535172
[12:52:08] [Worker-Main-24/WARN]: Removing file cache entry: C:\Users\bastelkorb\curseforge\minecraft\Instances\testy (1)\cache\immersiverailroading\models.rolling_stock.freight.samms709.samms709_lhb.obj_heightmap_.1280455914
[12:52:08] [Worker-Main-24/WARN]: Removing file cache entry: C:\Users\bastelkorb\curseforge\minecraft\Instances\testy (1)\cache\immersiverailroading\models.rolling_stock.freight.samms710.samms710.obj_heightmap_.1644898512
[12:52:08] [Worker-Main-24/WARN]: Removing file cache entry: C:\Users\bastelkorb\curseforge\minecraft\Instances\testy (1)\cache\immersiverailroading\models.rolling_stock.freight.sggnss_80.sggnss_80_xl.obj_heightmap_792826635
[12:52:08] [Worker-Main-24/WARN]: Removing file cache entry: C:\Users\bastelkorb\curseforge\minecraft\Instances\testy (1)\cache\immersiverailroading\models.rolling_stock.freight.sggrs716_1.sggrs716_1.obj_heightmap_2070775162
[12:52:08] [Worker-Main-24/WARN]: Removing file cache entry: C:\Users\bastelkorb\curseforge\minecraft\Instances\testy (1)\cache\immersiverailroading\models.rolling_stock.freight.sggrs716_2.sggrs716_2.obj_heightmap_.91327647
[12:52:08] [Worker-Main-24/WARN]: Removing file cache entry: C:\Users\bastelkorb\curseforge\minecraft\Instances\testy (1)\cache\immersiverailroading\models.rolling_stock.freight.tagnppssbbcargo.tagnppssbbcargo.obj_heightmap_.538482399
[12:52:08] [Worker-Main-24/WARN]: Removing file cache entry: C:\Users\bastelkorb\curseforge\minecraft\Instances\testy (1)\cache\immersiverailroading\models.rolling_stock.freight.tagnppszucker.tagnppszucker.obj_heightmap_.152433689
[12:52:08] [Worker-Main-24/WARN]: Removing file cache entry: C:\Users\bastelkorb\curseforge\minecraft\Instances\testy (1)\cache\immersiverailroading\models.rolling_stock.freight.uacns932_holcim.uacns932_holcim.obj_heightmap_191955294
[12:52:08] [Worker-Main-24/WARN]: Removing file cache entry: C:\Users\bastelkorb\curseforge\minecraft\Instances\testy (1)\cache\immersiverailroading\models.rolling_stock.freight.wellcar_53.wellcar_53.obj_heightmap_.360696074
[12:52:08] [Worker-Main-24/WARN]: Removing file cache entry: C:\Users\bastelkorb\curseforge\minecraft\Instances\testy (1)\cache\immersiverailroading\models.rolling_stock.hand_car.draisine.draisine.obj_heightmap_.385363592
[12:52:08] [Worker-Main-24/WARN]: Removing file cache entry: C:\Users\bastelkorb\curseforge\minecraft\Instances\testy (1)\cache\immersiverailroading\models.rolling_stock.locomotives.a3501.a3501.obj_heightmap_207487228
[12:52:08] [Worker-Main-24/WARN]: Removing file cache entry: C:\Users\bastelkorb\curseforge\minecraft\Instances\testy (1)\cache\immersiverailroading\models.rolling_stock.locomotives.acs.acs.obj_heightmap_.1115585119
[12:52:08] [Worker-Main-24/WARN]: Removing file cache entry: C:\Users\bastelkorb\curseforge\minecraft\Instances\testy (1)\cache\immersiverailroading\models.rolling_stock.locomotives.alco_s.4.alco_s.4.obj_heightmap_1233450592
[12:52:08] [Worker-Main-24/WARN]: Removing file cache entry: C:\Users\bastelkorb\curseforge\minecraft\Instances\testy (1)\cache\immersiverailroading\models.rolling_stock.locomotives.am843bls.am843bls.obj_heightmap_1948887159
[12:52:08] [Worker-Main-24/WARN]: Removing file cache entry: C:\Users\bastelkorb\curseforge\minecraft\Instances\testy (1)\cache\immersiverailroading\models.rolling_stock.locomotives.am843sbb.am843sbb.obj_heightmap_1378409316
[12:52:08] [Worker-Main-24/WARN]: Removing file cache entry: C:\Users\bastelkorb\curseforge\minecraft\Instances\testy (1)\cache\immersiverailroading\models.rolling_stock.locomotives.am843sbbcargo.am843sbbcargo.obj_heightmap_.1046511767
[12:52:08] [Worker-Main-24/WARN]: Removing file cache entry: C:\Users\bastelkorb\curseforge\minecraft\Instances\testy (1)\cache\immersiverailroading\models.rolling_stock.locomotives.am843sbbinfra.am843sbbinfra.obj_heightmap_.1051880294
[12:52:08] [Worker-Main-24/WARN]: Removing file cache entry: C:\Users\bastelkorb\curseforge\minecraft\Instances\testy (1)\cache\immersiverailroading\models.rolling_stock.locomotives.am843sersa.am843sersa.obj_heightmap_.1274321670
[12:52:08] [Worker-Main-24/WARN]: Removing file cache entry: C:\Users\bastelkorb\curseforge\minecraft\Instances\testy (1)\cache\immersiverailroading\models.rolling_stock.locomotives.at1514.at1514.obj_heightmap_.1955464828
[12:52:08] [Worker-Main-24/WARN]: Removing file cache entry: C:\Users\bastelkorb\curseforge\minecraft\Instances\testy (1)\cache\immersiverailroading\models.rolling_stock.locomotives.at2501.at2501.obj_heightmap_1428140321
[12:52:08] [Worker-Main-24/WARN]: Removing file cache entry: C:\Users\bastelkorb\curseforge\minecraft\Instances\testy (1)\cache\immersiverailroading\models.rolling_stock.locomotives.b80dback.b80dback.obj_heightmap_.1001305462
[12:52:08] [Worker-Main-24/WARN]: Removing file cache entry: C:\Users\bastelkorb\curseforge\minecraft\Instances\testy (1)\cache\immersiverailroading\models.rolling_stock.locomotives.b80dfront.b80dfront.obj_heightmap_989074100
[12:52:08] [Worker-Main-24/WARN]: Removing file cache entry: C:\Users\bastelkorb\curseforge\minecraft\Instances\testy (1)\cache\immersiverailroading\models.rolling_stock.locomotives.b9501.b9501.obj_heightmap_883925169
[12:52:08] [Worker-Main-24/WARN]: Removing file cache entry: C:\Users\bastelkorb\curseforge\minecraft\Instances\testy (1)\cache\immersiverailroading\models.rolling_stock.locomotives.bb8500beton.bb8500beton.obj_heightmap_134894181
[12:52:08] [Worker-Main-24/WARN]: Removing file cache entry: C:\Users\bastelkorb\curseforge\minecraft\Instances\testy (1)\cache\immersiverailroading\models.rolling_stock.locomotives.bb8500fret.bb8500fret.obj_heightmap_1688339609
[12:52:08] [Worker-Main-24/WARN]: Removing file cache entry: C:\Users\bastelkorb\curseforge\minecraft\Instances\testy (1)\cache\immersiverailroading\models.rolling_stock.locomotives.bb8500verte.bb8500verte.obj_heightmap_1606140240
[12:52:08] [Worker-Main-24/WARN]: Removing file cache entry: C:\Users\bastelkorb\curseforge\minecraft\Instances\testy (1)\cache\immersiverailroading\models.rolling_stock.locomotives.bbg_br_232.673.bbg_br_232.673.obj_heightmap_1177938118
[12:52:08] [Worker-Main-24/WARN]: Removing file cache entry: C:\Users\bastelkorb\curseforge\minecraft\Instances\testy (1)\cache\immersiverailroading\models.rolling_stock.locomotives.bigboy.4884.1.obj_heightmap_1565106759
[12:52:08] [Worker-Main-24/WARN]: Removing file cache entry: C:\Users\bastelkorb\curseforge\minecraft\Instances\testy (1)\cache\immersiverailroading\models.rolling_stock.locomotives.bnrbdzf480.bnrbdzf480.obj_heightmap_1781439664
[12:52:08] [Worker-Main-24/WARN]: Removing file cache entry: C:\Users\bastelkorb\curseforge\minecraft\Instances\testy (1)\cache\immersiverailroading\models.rolling_stock.locomotives.br103.br103.obj_heightmap_984838658
[12:52:08] [Worker-Main-24/WARN]: Removing file cache entry: C:\Users\bastelkorb\curseforge\minecraft\Instances\testy (1)\cache\immersiverailroading\models.rolling_stock.locomotives.br143.br143.obj_heightmap_1031632475
[12:52:08] [Worker-Main-24/WARN]: Removing file cache entry: C:\Users\bastelkorb\curseforge\minecraft\Instances\testy (1)\cache\immersiverailroading\models.rolling_stock.locomotives.br146.br146.obj_heightmap_.100870010
[12:52:08] [Worker-Main-24/WARN]: Removing file cache entry: C:\Users\bastelkorb\curseforge\minecraft\Instances\testy (1)\cache\immersiverailroading\models.rolling_stock.locomotives.br185.br185.obj_heightmap_1696130018
[12:52:08] [Worker-Main-24/WARN]: Removing file cache entry: C:\Users\bastelkorb\curseforge\minecraft\Instances\testy (1)\cache\immersiverailroading\models.rolling_stock.locomotives.br218.br218.obj_heightmap_.447922591
[12:52:08] [Worker-Main-24/WARN]: Removing file cache entry: C:\Users\bastelkorb\curseforge\minecraft\Instances\testy (1)\cache\immersiverailroading\models.rolling_stock.locomotives.br401.br401.obj_heightmap_500864240
[12:52:08] [Worker-Main-24/WARN]: Removing file cache entry: C:\Users\bastelkorb\curseforge\minecraft\Instances\testy (1)\cache\immersiverailroading\models.rolling_stock.locomotives.br4070.br4070.obj_heightmap_843966864
[12:52:08] [Worker-Main-24/WARN]: Removing file cache entry: C:\Users\bastelkorb\curseforge\minecraft\Instances\testy (1)\cache\immersiverailroading\models.rolling_stock.locomotives.br4070g.br4070g.obj_heightmap_580329935
[12:52:08] [Worker-Main-24/WARN]: Removing file cache entry: C:\Users\bastelkorb\curseforge\minecraft\Instances\testy (1)\cache\immersiverailroading\models.rolling_stock.locomotives.br4075.br4075.obj_heightmap_.1354722565
[12:52:08] [Worker-Main-24/WARN]: Removing file cache entry: C:\Users\bastelkorb\curseforge\minecraft\Instances\testy (1)\cache\immersiverailroading\models.rolling_stock.locomotives.br4075g.br4075g.obj_heightmap_.785683989
[12:52:08] [Worker-Main-24/WARN]: Removing file cache entry: C:\Users\bastelkorb\curseforge\minecraft\Instances\testy (1)\cache\immersiverailroading\models.rolling_stock.locomotives.br481.br481.obj_heightmap_1360420512
[12:52:08] [Worker-Main-24/WARN]: Removing file cache entry: C:\Users\bastelkorb\curseforge\minecraft\Instances\testy (1)\cache\immersiverailroading\models.rolling_stock.locomotives.br484a.br484a.obj_heightmap_.298123438
[12:52:08] [Worker-Main-24/WARN]: Removing file cache entry: C:\Users\bastelkorb\curseforge\minecraft\Instances\testy (1)\cache\immersiverailroading\models.rolling_stock.locomotives.br484b.br484b.obj_heightmap_.1228789207
[12:52:08] [Worker-Main-24/WARN]: Removing file cache entry: C:\Users\bastelkorb\curseforge\minecraft\Instances\testy (1)\cache\immersiverailroading\models.rolling_stock.locomotives.bt1501.bt1501.obj_heightmap_339765070
[12:52:08] [Worker-Main-24/WARN]: Removing file cache entry: C:\Users\bastelkorb\curseforge\minecraft\Instances\testy (1)\cache\immersiverailroading\models.rolling_stock.locomotives.bt16511.bt16511.obj_heightmap_.1599131931
[12:52:08] [Worker-Main-24/WARN]: Removing file cache entry: C:\Users\bastelkorb\curseforge\minecraft\Instances\testy (1)\cache\immersiverailroading\models.rolling_stock.locomotives.bt16511sbb.bt16511sbb.obj_heightmap_.3586311
[12:52:08] [Worker-Main-24/WARN]: Removing file cache entry: C:\Users\bastelkorb\curseforge\minecraft\Instances\testy (1)\cache\immersiverailroading\models.rolling_stock.locomotives.bt2502.bt2502.obj_heightmap_.1556691465
[12:52:08] [Worker-Main-24/WARN]: Removing file cache entry: C:\Users\bastelkorb\curseforge\minecraft\Instances\testy (1)\cache\immersiverailroading\models.rolling_stock.locomotives.bt4514.bt4514.obj_heightmap_1011988548
[12:52:08] [Worker-Main-24/WARN]: Removing file cache entry: C:\Users\bastelkorb\curseforge\minecraft\Instances\testy (1)\cache\immersiverailroading\models.rolling_stock.locomotives.btdpzplus.btdpzplus.obj_heightmap_1763792437
[12:52:08] [Worker-Main-24/WARN]: Removing file cache entry: C:\Users\bastelkorb\curseforge\minecraft\Instances\testy (1)\cache\immersiverailroading\models.rolling_stock.locomotives.cd810_b.cd810_b.obj_heightmap_432792749
[12:52:08] [Worker-Main-24/WARN]: Removing file cache entry: C:\Users\bastelkorb\curseforge\minecraft\Instances\testy (1)\cache\immersiverailroading\models.rolling_stock.locomotives.cd810_r.cd810_r.obj_heightmap_295915644
[12:52:08] [Worker-Main-24/WARN]: Removing file cache entry: C:\Users\bastelkorb\curseforge\minecraft\Instances\testy (1)\cache\immersiverailroading\models.rolling_stock.locomotives.cobra1.cobra1.obj_heightmap_1050692623
[12:52:08] [Worker-Main-24/WARN]: Removing file cache entry: C:\Users\bastelkorb\curseforge\minecraft\Instances\testy (1)\cache\immersiverailroading\models.rolling_stock.locomotives.cp0180.cp0180.obj_heightmap_.880869223
[12:52:08] [Worker-Main-24/WARN]: Removing file cache entry: C:\Users\bastelkorb\curseforge\minecraft\Instances\testy (1)\cache\immersiverailroading\models.rolling_stock.locomotives.cp1400.cp1400.obj_heightmap_.1432572365
[12:52:08] [Worker-Main-24/WARN]: Removing file cache entry: C:\Users\bastelkorb\curseforge\minecraft\Instances\testy (1)\cache\immersiverailroading\models.rolling_stock.locomotives.cp1800.cp1800.obj_heightmap_.1132207510
[12:52:08] [Worker-Main-24/WARN]: Removing file cache entry: C:\Users\bastelkorb\curseforge\minecraft\Instances\testy (1)\cache\immersiverailroading\models.rolling_stock.locomotives.cp2600.cp2600.obj_heightmap_675247517
[12:52:08] [Worker-Main-24/WARN]: Removing file cache entry: C:\Users\bastelkorb\curseforge\minecraft\Instances\testy (1)\cache\immersiverailroading\models.rolling_stock.locomotives.cp2600_freight.cp2600_freight.obj_heightmap_301959334
[12:52:08] [Worker-Main-24/WARN]: Removing file cache entry: C:\Users\bastelkorb\curseforge\minecraft\Instances\testy (1)\cache\immersiverailroading\models.rolling_stock.locomotives.cp5600.cp5600.obj_heightmap_.1210873239
[12:52:08] [Worker-Main-24/WARN]: Removing file cache entry: C:\Users\bastelkorb\curseforge\minecraft\Instances\testy (1)\cache\immersiverailroading\models.rolling_stock.locomotives.dabbuzfa.dabbuzfa.obj_heightmap_2117757985
[12:52:08] [Worker-Main-24/WARN]: Removing file cache entry: C:\Users\bastelkorb\curseforge\minecraft\Instances\testy (1)\cache\immersiverailroading\models.rolling_stock.locomotives.dbc_br_232.128.dbc_br_232.128.obj_heightmap_.126176221
[12:52:08] [Worker-Main-24/WARN]: Removing file cache entry: C:\Users\bastelkorb\curseforge\minecraft\Instances\testy (1)\cache\immersiverailroading\models.rolling_stock.locomotives.dbc_br_232.618.dbc_br_232.618.obj_heightmap_2107485187
[12:52:08] [Worker-Main-24/WARN]: Removing file cache entry: C:\Users\bastelkorb\curseforge\minecraft\Instances\testy (1)\cache\immersiverailroading\models.rolling_stock.locomotives.dbc_br_232.dbc_br_232.obj_heightmap_135382620
[12:52:08] [Worker-Main-24/WARN]: Removing file cache entry: C:\Users\bastelkorb\curseforge\minecraft\Instances\testy (1)\cache\immersiverailroading\models.rolling_stock.locomotives.db_bimdzf_269.ic.db_bimdzf_269.ic.obj_heightmap_.1903773277
[12:52:08] [Worker-Main-24/WARN]: Removing file cache entry: C:\Users\bastelkorb\curseforge\minecraft\Instances\testy (1)\cache\immersiverailroading\models.rolling_stock.locomotives.db_bimdzf_269.ir.db_bimdzf_269.ir.obj_heightmap_.1061947275
[12:52:08] [Worker-Main-24/WARN]: Removing file cache entry: C:\Users\bastelkorb\curseforge\minecraft\Instances\testy (1)\cache\immersiverailroading\models.rolling_stock.locomotives.db_bimdzf_269.or.db_bimdzf_269.or.obj_heightmap_.574049511
[12:52:08] [Worker-Main-24/WARN]: Removing file cache entry: C:\Users\bastelkorb\curseforge\minecraft\Instances\testy (1)\cache\immersiverailroading\models.rolling_stock.locomotives.db_bimdzf_269.vr.db_bimdzf_269.vr.obj_heightmap_.477738115
[12:52:08] [Worker-Main-24/WARN]: Removing file cache entry: C:\Users\bastelkorb\curseforge\minecraft\Instances\testy (1)\cache\immersiverailroading\models.rolling_stock.locomotives.db_bimdzf_271.ic.db_bimdzf_271.ic.obj_heightmap_.2096771582
[12:52:08] [Worker-Main-24/WARN]: Removing file cache entry: C:\Users\bastelkorb\curseforge\minecraft\Instances\testy (1)\cache\immersiverailroading\models.rolling_stock.locomotives.db_bimmdzf_287.ic.abschiedsfahrt.db_bimmdzf_287.ic.abschiedsfahrt.obj_heightmap_.1808679516
[12:52:08] [Worker-Main-24/WARN]: Removing file cache entry: C:\Users\bastelkorb\curseforge\minecraft\Instances\testy (1)\cache\immersiverailroading\models.rolling_stock.locomotives.db_bimmdzf_287.ic.db_bimmdzf_287.ic.obj_heightmap_1164004610
[12:52:08] [Worker-Main-24/WARN]: Removing file cache entry: C:\Users\bastelkorb\curseforge\minecraft\Instances\testy (1)\cache\immersiverailroading\models.rolling_stock.locomotives.db_br_101.db_br_101.obj_heightmap_.1079296159
[12:52:08] [Worker-Main-24/WARN]: Removing file cache entry: C:\Users\bastelkorb\curseforge\minecraft\Instances\testy (1)\cache\immersiverailroading\models.rolling_stock.locomotives.db_br_103.or.db_br_103.or.obj_heightmap_1170838862
[12:52:08] [Worker-Main-24/WARN]: Removing file cache entry: C:\Users\bastelkorb\curseforge\minecraft\Instances\testy (1)\cache\immersiverailroading\models.rolling_stock.locomotives.db_br_103_new.db_br_103_new.obj_heightmap_.1722067554
[12:52:08] [Worker-Main-24/WARN]: Removing file cache entry: C:\Users\bastelkorb\curseforge\minecraft\Instances\testy (1)\cache\immersiverailroading\models.rolling_stock.locomotives.db_br_110.db_br_110.obj_heightmap_.225453705
[12:52:08] [Worker-Main-24/WARN]: Removing file cache entry: C:\Users\bastelkorb\curseforge\minecraft\Instances\testy (1)\cache\immersiverailroading\models.rolling_stock.locomotives.db_br_110.rheingold.db_br_110.rheingold.obj_heightmap_1368038101
[12:52:08] [Worker-Main-24/WARN]: Removing file cache entry: C:\Users\bastelkorb\curseforge\minecraft\Instances\testy (1)\cache\immersiverailroading\models.rolling_stock.locomotives.db_br_111.db_br_111.obj_heightmap_.1640997252
[12:52:08] [Worker-Main-24/WARN]: Removing file cache entry: C:\Users\bastelkorb\curseforge\minecraft\Instances\testy (1)\cache\immersiverailroading\models.rolling_stock.locomotives.db_br_111.db_br_111_sp.obj_heightmap_162526119
[12:52:08] [Worker-Main-24/WARN]: Removing file cache entry: C:\Users\bastelkorb\curseforge\minecraft\Instances\testy (1)\cache\immersiverailroading\models.rolling_stock.locomotives.db_br_111.ob.db_br_111.ob.obj_heightmap_.533583498
[12:52:08] [Worker-Main-24/WARN]: Removing file cache entry: C:\Users\bastelkorb\curseforge\minecraft\Instances\testy (1)\cache\immersiverailroading\models.rolling_stock.locomotives.db_br_111.or.db_br_111.or.obj_heightmap_.1852160448
[12:52:08] [Worker-Main-24/WARN]: Removing file cache entry: C:\Users\bastelkorb\curseforge\minecraft\Instances\testy (1)\cache\immersiverailroading\models.rolling_stock.locomotives.db_br_111_095.db_br_111_095.obj_heightmap_499572644
[12:52:08] [Worker-Main-24/WARN]: Removing file cache entry: C:\Users\bastelkorb\curseforge\minecraft\Instances\testy (1)\cache\immersiverailroading\models.rolling_stock.locomotives.db_br_111_174.db_br_111_174.obj_heightmap_.448401983
[12:52:08] [Worker-Main-24/WARN]: Removing file cache entry: C:\Users\bastelkorb\curseforge\minecraft\Instances\testy (1)\cache\immersiverailroading\models.rolling_stock.locomotives.db_br_111_212.db_br_111_212.obj_heightmap_1233866331
[12:52:08] [Worker-Main-24/WARN]: Removing file cache entry: C:\Users\bastelkorb\curseforge\minecraft\Instances\testy (1)\cache\immersiverailroading\models.rolling_stock.locomotives.db_br_120.or.db_br_120.or.obj_heightmap_.416130791
[12:52:08] [Worker-Main-24/WARN]: Removing file cache entry: C:\Users\bastelkorb\curseforge\minecraft\Instances\testy (1)\cache\immersiverailroading\models.rolling_stock.locomotives.db_br_120.vr.db_br_120.vr.obj_heightmap_171527647
[12:52:08] [Worker-Main-24/WARN]: Removing file cache entry: C:\Users\bastelkorb\curseforge\minecraft\Instances\testy (1)\cache\immersiverailroading\models.rolling_stock.locomotives.db_br_1462.0.db_br_1462.0.obj_heightmap_1354386745
[12:52:08] [Worker-Main-24/WARN]: Removing file cache entry: C:\Users\bastelkorb\curseforge\minecraft\Instances\testy (1)\cache\immersiverailroading\models.rolling_stock.locomotives.db_br_1462.5.db_br_1462.5.obj_heightmap_2012155005
[12:52:08] [Worker-Main-24/WARN]: Removing file cache entry: C:\Users\bastelkorb\curseforge\minecraft\Instances\testy (1)\cache\immersiverailroading\models.rolling_stock.locomotives.db_br_146_2.db_br_146_2.obj_heightmap_.2115889778
[12:52:08] [Worker-Main-24/WARN]: Removing file cache entry: C:\Users\bastelkorb\curseforge\minecraft\Instances\testy (1)\cache\immersiverailroading\models.rolling_stock.locomotives.db_br_151.db_br_151.obj_heightmap_2012119805
[12:52:08] [Worker-Main-24/WARN]: Removing file cache entry: C:\Users\bastelkorb\curseforge\minecraft\Instances\testy (1)\cache\immersiverailroading\models.rolling_stock.locomotives.db_br_159.db_br_159.obj_heightmap_.1221515466
[12:52:08] [Worker-Main-24/WARN]: Removing file cache entry: C:\Users\bastelkorb\curseforge\minecraft\Instances\testy (1)\cache\immersiverailroading\models.rolling_stock.locomotives.db_br_185_2.db_br_185_2.obj_heightmap_.1293169264
[12:52:08] [Worker-Main-24/WARN]: Removing file cache entry: C:\Users\bastelkorb\curseforge\minecraft\Instances\testy (1)\cache\immersiverailroading\models.rolling_stock.locomotives.db_br_332_ob.db_br_332_ob.obj_heightmap_.978143175
[12:52:08] [Worker-Main-24/WARN]: Removing file cache entry: C:\Users\bastelkorb\curseforge\minecraft\Instances\testy (1)\cache\immersiverailroading\models.rolling_stock.locomotives.db_br_332_or.db_br_332_or.obj_heightmap_.2086946583
[12:52:08] [Worker-Main-24/WARN]: Removing file cache entry: C:\Users\bastelkorb\curseforge\minecraft\Instances\testy (1)\cache\immersiverailroading\models.rolling_stock.locomotives.db_br_332_pr.db_br_332_pr.obj_heightmap_.130922381
[12:52:08] [Worker-Main-24/WARN]: Removing file cache entry: C:\Users\bastelkorb\curseforge\minecraft\Instances\testy (1)\cache\immersiverailroading\models.rolling_stock.locomotives.db_br_407_0.db_br_407_0.obj_heightmap_1259887304
[12:52:08] [Worker-Main-24/WARN]: Removing file cache entry: C:\Users\bastelkorb\curseforge\minecraft\Instances\testy (1)\cache\immersiverailroading\models.rolling_stock.locomotives.db_br_407_2.db_br_407_2.obj_heightmap_1051304907
[12:52:08] [Worker-Main-24/WARN]: Removing file cache entry: C:\Users\bastelkorb\curseforge\minecraft\Instances\testy (1)\cache\immersiverailroading\models.rolling_stock.locomotives.db_br_407_5.db_br_407_5.obj_heightmap_.1516737548
[12:52:08] [Worker-Main-24/WARN]: Removing file cache entry: C:\Users\bastelkorb\curseforge\minecraft\Instances\testy (1)\cache\immersiverailroading\models.rolling_stock.locomotives.db_br_407_7.db_br_407_7.obj_heightmap_1520247595
[12:52:08] [Worker-Main-24/WARN]: Removing file cache entry: C:\Users\bastelkorb\curseforge\minecraft\Instances\testy (1)\cache\immersiverailroading\models.rolling_stock.locomotives.db_br_420.2.db_br_420.2.obj_heightmap_1760255661
[12:52:08] [Worker-Main-24/WARN]: Removing file cache entry: C:\Users\bastelkorb\curseforge\minecraft\Instances\testy (1)\cache\immersiverailroading\models.rolling_stock.locomotives.db_br_420.2.pop.db_br_420.2.pop.obj_heightmap_809942826
[12:52:08] [Worker-Main-24/WARN]: Removing file cache entry: C:\Users\bastelkorb\curseforge\minecraft\Instances\testy (1)\cache\immersiverailroading\models.rolling_stock.locomotives.db_br_420.5.db_br_420.5.obj_heightmap_.990607213
[12:52:08] [Worker-Main-24/WARN]: Removing file cache entry: C:\Users\bastelkorb\curseforge\minecraft\Instances\testy (1)\cache\immersiverailroading\models.rolling_stock.locomotives.db_br_420.5.fml.db_br_420.5.fml.obj_heightmap_.1784842396
[12:52:08] [Worker-Main-24/WARN]: Removing file cache entry: C:\Users\bastelkorb\curseforge\minecraft\Instances\testy (1)\cache\immersiverailroading\models.rolling_stock.locomotives.db_br_420.5.pop.db_br_420.5.pop.obj_heightmap_1984488973
[12:52:08] [Worker-Main-24/WARN]: Removing file cache entry: C:\Users\bastelkorb\curseforge\minecraft\Instances\testy (1)\cache\immersiverailroading\models.rolling_stock.locomotives.db_br_420.8.db_br_420.8.obj_heightmap_.1863281898
[12:52:08] [Worker-Main-24/WARN]: Removing file cache entry: C:\Users\bastelkorb\curseforge\minecraft\Instances\testy (1)\cache\immersiverailroading\models.rolling_stock.locomotives.db_br_420.8.modernisiert.db_br_420.8.modernisiert.obj_heightmap_509501385
[12:52:08] [Worker-Main-24/WARN]: Removing file cache entry: C:\Users\bastelkorb\curseforge\minecraft\Instances\testy (1)\cache\immersiverailroading\models.rolling_stock.locomotives.db_br_420.vorserie.db_br_420.vorserie.obj_heightmap_900279154
[12:52:08] [Worker-Main-24/WARN]: Removing file cache entry: C:\Users\bastelkorb\curseforge\minecraft\Instances\testy (1)\cache\immersiverailroading\models.rolling_stock.locomotives.db_br_421.2.db_br_421.2.obj_heightmap_.328293040
[12:52:08] [Worker-Main-24/WARN]: Removing file cache entry: C:\Users\bastelkorb\curseforge\minecraft\Instances\testy (1)\cache\immersiverailroading\models.rolling_stock.locomotives.db_br_421.2.pop.db_br_421.2.pop.obj_heightmap_.378136941
[12:52:08] [Worker-Main-24/WARN]: Removing file cache entry: C:\Users\bastelkorb\curseforge\minecraft\Instances\testy (1)\cache\immersiverailroading\models.rolling_stock.locomotives.db_br_421.5.db_br_421.5.obj_heightmap_1217719830
[12:52:08] [Worker-Main-24/WARN]: Removing file cache entry: C:\Users\bastelkorb\curseforge\minecraft\Instances\testy (1)\cache\immersiverailroading\models.rolling_stock.locomotives.db_br_421.5.fml.db_br_421.5.fml.obj_heightmap_.562380943
[12:52:08] [Worker-Main-24/WARN]: Removing file cache entry: C:\Users\bastelkorb\curseforge\minecraft\Instances\testy (1)\cache\immersiverailroading\models.rolling_stock.locomotives.db_br_421.5.pop.db_br_421.5.pop.obj_heightmap_41558620
[12:52:08] [Worker-Main-24/WARN]: Removing file cache entry: C:\Users\bastelkorb\curseforge\minecraft\Instances\testy (1)\cache\immersiverailroading\models.rolling_stock.locomotives.db_br_421.8.db_br_421.8.obj_heightmap_1757920986
[12:52:08] [Worker-Main-24/WARN]: Removing file cache entry: C:\Users\bastelkorb\curseforge\minecraft\Instances\testy (1)\cache\immersiverailroading\models.rolling_stock.locomotives.db_br_421.8.modernisiert.db_br_421.8.modernisiert.obj_heightmap_1460028693
[12:52:08] [Worker-Main-24/WARN]: Removing file cache entry: C:\Users\bastelkorb\curseforge\minecraft\Instances\testy (1)\cache\immersiverailroading\models.rolling_stock.locomotives.db_br_421.vorserie.db_br_421.vorserie.obj_heightmap_1211902011
[12:52:08] [Worker-Main-24/WARN]: Removing file cache entry: C:\Users\bastelkorb\curseforge\minecraft\Instances\testy (1)\cache\immersiverailroading\models.rolling_stock.locomotives.db_br_442.2.db_br_442.2.obj_heightmap_1566494901
[12:52:08] [Worker-Main-24/WARN]: Removing file cache entry: C:\Users\bastelkorb\curseforge\minecraft\Instances\testy (1)\cache\immersiverailroading\models.rolling_stock.locomotives.db_br_442.7.db_br_442.7.obj_heightmap_.550630886
[12:52:08] [Worker-Main-24/WARN]: Removing file cache entry: C:\Users\bastelkorb\curseforge\minecraft\Instances\testy (1)\cache\immersiverailroading\models.rolling_stock.locomotives.db_br_443.2.db_br_443.2.obj_heightmap_.1782397865
[12:52:08] [Worker-Main-24/WARN]: Removing file cache entry: C:\Users\bastelkorb\curseforge\minecraft\Instances\testy (1)\cache\immersiverailroading\models.rolling_stock.locomotives.db_dabpbzfa_762.db_dabpbzfa_762.obj_heightmap_1465436899
[12:52:08] [Worker-Main-24/WARN]: Removing file cache entry: C:\Users\bastelkorb\curseforge\minecraft\Instances\testy (1)\cache\immersiverailroading\models.rolling_stock.locomotives.db_dbbzfa_761.db_dbbzfa_761.0.obj_heightmap_1030952330
[12:52:08] [Worker-Main-24/WARN]: Removing file cache entry: C:\Users\bastelkorb\curseforge\minecraft\Instances\testy (1)\cache\immersiverailroading\models.rolling_stock.locomotives.db_dbbzfa_761.db_dbbzfa_761.2.obj_heightmap_.179241407
[12:52:08] [Worker-Main-24/WARN]: Removing file cache entry: C:\Users\bastelkorb\curseforge\minecraft\Instances\testy (1)\cache\immersiverailroading\models.rolling_stock.locomotives.db_dbpbzfa_766.db_dbpbzfa_766.obj_heightmap_1339032926
[12:52:08] [Worker-Main-24/WARN]: Removing file cache entry: C:\Users\bastelkorb\curseforge\minecraft\Instances\testy (1)\cache\immersiverailroading\models.rolling_stock.locomotives.db_e_44.db_e_44.obj_heightmap_.1484408298
[12:52:08] [Worker-Main-24/WARN]: Removing file cache entry: C:\Users\bastelkorb\curseforge\minecraft\Instances\testy (1)\cache\immersiverailroading\models.rolling_stock.locomotives.db_vs_928_mint.db_vs_928_mint.obj_heightmap_1984171050
[12:52:08] [Worker-Main-24/WARN]: Removing file cache entry: C:\Users\bastelkorb\curseforge\minecraft\Instances\testy (1)\cache\immersiverailroading\models.rolling_stock.locomotives.db_vt_628_mint.db_vt_628_mint.obj_heightmap_.1556954780
[12:52:08] [Worker-Main-24/WARN]: Removing file cache entry: C:\Users\bastelkorb\curseforge\minecraft\Instances\testy (1)\cache\immersiverailroading\models.rolling_stock.locomotives.ee922.ee922.obj_heightmap_.1715511117
[12:52:08] [Worker-Main-24/WARN]: Removing file cache entry: C:\Users\bastelkorb\curseforge\minecraft\Instances\testy (1)\cache\immersiverailroading\models.rolling_stock.locomotives.eem923diesel.eem923diesel.obj_heightmap_1503660512
[12:52:08] [Worker-Main-24/WARN]: Removing file cache entry: C:\Users\bastelkorb\curseforge\minecraft\Instances\testy (1)\cache\immersiverailroading\models.rolling_stock.locomotives.eem923electric.eem923electric.obj_heightmap_89048411
[12:52:08] [Worker-Main-24/WARN]: Removing file cache entry: C:\Users\bastelkorb\curseforge\minecraft\Instances\testy (1)\cache\immersiverailroading\models.rolling_stock.locomotives.fbbe46f.fbbe46f.obj_heightmap_.1840472499
[12:52:08] [Worker-Main-24/WARN]: Removing file cache entry: C:\Users\bastelkorb\curseforge\minecraft\Instances\testy (1)\cache\immersiverailroading\models.rolling_stock.locomotives.fbbe88f.fbbe88f.obj_heightmap_1879846175
[12:52:08] [Worker-Main-24/WARN]: Removing file cache entry: C:\Users\bastelkorb\curseforge\minecraft\Instances\testy (1)\cache\immersiverailroading\models.rolling_stock.locomotives.fef.1.fef.1.obj_heightmap_833398847
[12:52:08] [Worker-Main-24/WARN]: Removing file cache entry: C:\Users\bastelkorb\curseforge\minecraft\Instances\testy (1)\cache\immersiverailroading\models.rolling_stock.locomotives.fef.1_gh.fef.1_gh.obj_heightmap_147803951
[12:52:08] [Worker-Main-24/WARN]: Removing file cache entry: C:\Users\bastelkorb\curseforge\minecraft\Instances\testy (1)\cache\immersiverailroading\models.rolling_stock.locomotives.forchbahn_be_4.6_a.forchbahn_be_4.6_a.obj_heightmap_1559327456
[12:52:08] [Worker-Main-24/WARN]: Removing file cache entry: C:\Users\bastelkorb\curseforge\minecraft\Instances\testy (1)\cache\immersiverailroading\models.rolling_stock.locomotives.gtel_3rd_a.gtel_3rd_a.obj_heightmap_.751743255
[12:52:08] [Worker-Main-24/WARN]: Removing file cache entry: C:\Users\bastelkorb\curseforge\minecraft\Instances\testy (1)\cache\immersiverailroading\models.rolling_stock.locomotives.gtel_3rd_b.gtel_3rd_b.obj_heightmap_.128684555
[12:52:08] [Worker-Main-24/WARN]: Removing file cache entry: C:\Users\bastelkorb\curseforge\minecraft\Instances\testy (1)\cache\immersiverailroading\models.rolling_stock.locomotives.ic2000bt.ic2000bt.obj_heightmap_.284088628
[12:52:08] [Worker-Main-24/WARN]: Removing file cache entry: C:\Users\bastelkorb\curseforge\minecraft\Instances\testy (1)\cache\immersiverailroading\models.rolling_stock.locomotives.ic2020bt.ic2020bt.obj_heightmap_22228555
[12:52:08] [Worker-Main-24/WARN]: Removing file cache entry: C:\Users\bastelkorb\curseforge\minecraft\Instances\testy (1)\cache\immersiverailroading\models.rolling_stock.locomotives.icbt.icbt.obj_heightmap_.823304732
[12:52:08] [Worker-Main-24/WARN]: Removing file cache entry: C:\Users\bastelkorb\curseforge\minecraft\Instances\testy (1)\cache\immersiverailroading\models.rolling_stock.locomotives.icbtmod.icbtmod.obj_heightmap_75939759
[12:52:08] [Worker-Main-24/WARN]: Removing file cache entry: C:\Users\bastelkorb\curseforge\minecraft\Instances\testy (1)\cache\immersiverailroading\models.rolling_stock.locomotives.icmmmb.icmmmb.obj_heightmap_226866544
[12:52:08] [Worker-Main-24/WARN]: Removing file cache entry: C:\Users\bastelkorb\curseforge\minecraft\Instances\testy (1)\cache\immersiverailroading\models.rolling_stock.locomotives.icmmmbfk.icmmmbfk.obj_heightmap_.2000829265
[12:52:08] [Worker-Main-24/WARN]: Removing file cache entry: C:\Users\bastelkorb\curseforge\minecraft\Instances\testy (1)\cache\immersiverailroading\models.rolling_stock.locomotives.icmmsbk.icmmsbk.obj_heightmap_.673190857
[12:52:08] [Worker-Main-24/WARN]: Removing file cache entry: C:\Users\bastelkorb\curseforge\minecraft\Instances\testy (1)\cache\immersiverailroading\models.rolling_stock.locomotives.icsteuerwagen.icsteuerwagen.obj_heightmap_1846312842
[12:52:08] [Worker-Main-24/WARN]: Removing file cache entry: C:\Users\bastelkorb\curseforge\minecraft\Instances\testy (1)\cache\immersiverailroading\models.rolling_stock.locomotives.kof.kof.obj_heightmap_1867997571
[12:52:08] [Worker-Main-24/WARN]: Removing file cache entry: C:\Users\bastelkorb\curseforge\minecraft\Instances\testy (1)\cache\immersiverailroading\models.rolling_stock.locomotives.mgb_hge_4.4_ii.mgb_hge_4.4_ii.obj_heightmap_.969872787
[12:52:08] [Worker-Main-24/WARN]: Removing file cache entry: C:\Users\bastelkorb\curseforge\minecraft\Instances\testy (1)\cache\immersiverailroading\models.rolling_stock.locomotives.neg_vt_505.neg_vt_505.obj_heightmap_680489824
[12:52:08] [Worker-Main-24/WARN]: Removing file cache entry: C:\Users\bastelkorb\curseforge\minecraft\Instances\testy (1)\cache\immersiverailroading\models.rolling_stock.locomotives.neg_vt_506.neg_vt_506.obj_heightmap_.804220848
[12:52:08] [Worker-Main-24/WARN]: Removing file cache entry: C:\Users\bastelkorb\curseforge\minecraft\Instances\testy (1)\cache\immersiverailroading\models.rolling_stock.locomotives.ngtcab.ngtcab.obj_heightmap_.1948946405
[12:52:08] [Worker-Main-24/WARN]: Removing file cache entry: C:\Users\bastelkorb\curseforge\minecraft\Instances\testy (1)\cache\immersiverailroading\models.rolling_stock.locomotives.ns1700.ns1700series.obj_heightmap_1732258497
[12:52:08] [Worker-Main-24/WARN]: Removing file cache entry: C:\Users\bastelkorb\curseforge\minecraft\Instances\testy (1)\cache\immersiverailroading\models.rolling_stock.locomotives.ns600.ns600.obj_heightmap_1356191918
[12:52:08] [Worker-Main-24/WARN]: Removing file cache entry: C:\Users\bastelkorb\curseforge\minecraft\Instances\testy (1)\cache\immersiverailroading\models.rolling_stock.locomotives.ns700.ns700.obj_heightmap_.1205692516
[12:52:08] [Worker-Main-24/WARN]: Removing file cache entry: C:\Users\bastelkorb\curseforge\minecraft\Instances\testy (1)\cache\immersiverailroading\models.rolling_stock.locomotives.ns_dh700.ns_dh700.obj_heightmap_.1580740748
[12:52:08] [Worker-Main-24/WARN]: Removing file cache entry: C:\Users\bastelkorb\curseforge\minecraft\Instances\testy (1)\cache\immersiverailroading\models.rolling_stock.locomotives.ns_e_186.ns_e_186.obj_heightmap_.159014162
[12:52:08] [Worker-Main-24/WARN]: Removing file cache entry: C:\Users\bastelkorb\curseforge\minecraft\Instances\testy (1)\cache\immersiverailroading\models.rolling_stock.locomotives.ns_icmm_mb.ns_icmm_mb.obj_heightmap_95768066
[12:52:08] [Worker-Main-24/WARN]: Removing file cache entry: C:\Users\bastelkorb\curseforge\minecraft\Instances\testy (1)\cache\immersiverailroading\models.rolling_stock.locomotives.ns_icmm_mbfk.ns_icmm_mbfk.obj_heightmap_1068899476
[12:52:08] [Worker-Main-24/WARN]: Removing file cache entry: C:\Users\bastelkorb\curseforge\minecraft\Instances\testy (1)\cache\immersiverailroading\models.rolling_stock.locomotives.ns_icmm_sbk.ns_icmm_sbk.obj_heightmap_1085598748
[12:52:08] [Worker-Main-24/WARN]: Removing file cache entry: C:\Users\bastelkorb\curseforge\minecraft\Instances\testy (1)\cache\immersiverailroading\models.rolling_stock.locomotives.ns_sng_a1.2.ns_sng_a1.2.obj_heightmap_863598866
[12:52:08] [Worker-Main-24/WARN]: Removing file cache entry: C:\Users\bastelkorb\curseforge\minecraft\Instances\testy (1)\cache\immersiverailroading\models.rolling_stock.locomotives.ns_sng_a2.ns_sng_a2.obj_heightmap_1260962067
[12:52:08] [Worker-Main-24/WARN]: Removing file cache entry: C:\Users\bastelkorb\curseforge\minecraft\Instances\testy (1)\cache\immersiverailroading\models.rolling_stock.locomotives.ns_sng_c.ns_sng_c.obj_heightmap_.1724447670
[12:52:08] [Worker-Main-24/WARN]: Removing file cache entry: C:\Users\bastelkorb\curseforge\minecraft\Instances\testy (1)\cache\immersiverailroading\models.rolling_stock.locomotives.ns_virmm1_mbv7.ns_virmm1_mbv7.obj_heightmap_.2071755011
[12:52:08] [Worker-Main-24/WARN]: Removing file cache entry: C:\Users\bastelkorb\curseforge\minecraft\Instances\testy (1)\cache\immersiverailroading\models.rolling_stock.locomotives.ns_virmm1_mbvk1.2.ns_virmm1_mbvk1.2.obj_heightmap_.1104913534
[12:52:08] [Worker-Main-24/WARN]: Removing file cache entry: C:\Users\bastelkorb\curseforge\minecraft\Instances\testy (1)\cache\immersiverailroading\models.rolling_stock.locomotives.ns_virmm1_mbvk1.2_dirty.ns_virmm1_mbvk1.2_dirty.obj_heightmap_237763931
[12:52:08] [Worker-Main-24/WARN]: Removing file cache entry: C:\Users\bastelkorb\curseforge\minecraft\Instances\testy (1)\cache\immersiverailroading\models.rolling_stock.locomotives.railjet_afmpz.railjet_afmpz.obj_heightmap_.1667299169
[12:52:08] [Worker-Main-24/WARN]: Removing file cache entry: C:\Users\bastelkorb\curseforge\minecraft\Instances\testy (1)\cache\immersiverailroading\models.rolling_stock.locomotives.rbl_br_111.rbl_br_111.obj_heightmap_.153300473
[12:52:08] [Worker-Main-24/WARN]: Removing file cache entry: C:\Users\bastelkorb\curseforge\minecraft\Instances\testy (1)\cache\immersiverailroading\models.rolling_stock.locomotives.re420bls.re420bls.obj_heightmap_660788430
[12:52:08] [Worker-Main-24/WARN]: Removing file cache entry: C:\Users\bastelkorb\curseforge\minecraft\Instances\testy (1)\cache\immersiverailroading\models.rolling_stock.locomotives.re420lion.re420lion.obj_heightmap_914101307
[12:52:08] [Worker-Main-24/WARN]: Removing file cache entry: C:\Users\bastelkorb\curseforge\minecraft\Instances\testy (1)\cache\immersiverailroading\models.rolling_stock.locomotives.re420sbb.re420sbb.obj_heightmap_1797532773
[12:52:08] [Worker-Main-24/WARN]: Removing file cache entry: C:\Users\bastelkorb\curseforge\minecraft\Instances\testy (1)\cache\immersiverailroading\models.rolling_stock.locomotives.re420sbbgreen.re420sbbgreen.obj_heightmap_1003180192
[12:52:08] [Worker-Main-24/WARN]: Removing file cache entry: C:\Users\bastelkorb\curseforge\minecraft\Instances\testy (1)\cache\immersiverailroading\models.rolling_stock.locomotives.re420swissex.re420swissex.obj_heightmap_447484260
[12:52:08] [Worker-Main-24/WARN]: Removing file cache entry: C:\Users\bastelkorb\curseforge\minecraft\Instances\testy (1)\cache\immersiverailroading\models.rolling_stock.locomotives.re421cargo.re421cargo.obj_heightmap_.887112709
[12:52:08] [Worker-Main-24/WARN]: Removing file cache entry: C:\Users\bastelkorb\curseforge\minecraft\Instances\testy (1)\cache\immersiverailroading\models.rolling_stock.locomotives.re450.re450.obj_heightmap_602020352
[12:52:08] [Worker-Main-24/WARN]: Removing file cache entry: C:\Users\bastelkorb\curseforge\minecraft\Instances\testy (1)\cache\immersiverailroading\models.rolling_stock.locomotives.re460.re460.obj_heightmap_74451887
[12:52:08] [Worker-Main-24/WARN]: Removing file cache entry: C:\Users\bastelkorb\curseforge\minecraft\Instances\testy (1)\cache\immersiverailroading\models.rolling_stock.locomotives.re465.re465.obj_heightmap_.144459186
[12:52:08] [Worker-Main-24/WARN]: Removing file cache entry: C:\Users\bastelkorb\curseforge\minecraft\Instances\testy (1)\cache\immersiverailroading\models.rolling_stock.locomotives.rfs101000.rfs101000.obj_heightmap_.429664390
[12:52:08] [Worker-Main-24/WARN]: Removing file cache entry: C:\Users\bastelkorb\curseforge\minecraft\Instances\testy (1)\cache\immersiverailroading\models.rolling_stock.locomotives.rhb_at318.rhb_at318.obj_heightmap_825339022
[12:52:08] [Worker-Main-24/WARN]: Removing file cache entry: C:\Users\bastelkorb\curseforge\minecraft\Instances\testy (1)\cache\immersiverailroading\models.rolling_stock.locomotives.rhb_be_4.4_310.rhb_be_4.4_310.obj_heightmap_.1727063992
[12:52:08] [Worker-Main-24/WARN]: Removing file cache entry: C:\Users\bastelkorb\curseforge\minecraft\Instances\testy (1)\cache\immersiverailroading\models.rolling_stock.locomotives.rheincargo_br_185_2.rheincargo_br_185_2.obj_heightmap_.1926828492
[12:52:08] [Worker-Main-24/WARN]: Removing file cache entry: C:\Users\bastelkorb\curseforge\minecraft\Instances\testy (1)\cache\immersiverailroading\models.rolling_stock.locomotives.sbbc_re_484.sbbc_re_484.obj_heightmap_1020305626
[12:52:08] [Worker-Main-24/WARN]: Removing file cache entry: C:\Users\bastelkorb\curseforge\minecraft\Instances\testy (1)\cache\immersiverailroading\models.rolling_stock.locomotives.sbb_abt_npz_do.sbb_abt_npz_do.obj_heightmap_405410269
[12:52:08] [Worker-Main-24/WARN]: Removing file cache entry: C:\Users\bastelkorb\curseforge\minecraft\Instances\testy (1)\cache\immersiverailroading\models.rolling_stock.locomotives.sbb_bt_dpzplus.sbb_bt_dpzplus.obj_heightmap_.1542882640
[12:52:08] [Worker-Main-24/WARN]: Removing file cache entry: C:\Users\bastelkorb\curseforge\minecraft\Instances\testy (1)\cache\immersiverailroading\models.rolling_stock.locomotives.sbb_ic2000_bt.sbb_ic2000_bt.obj_heightmap_.548887309
[12:52:08] [Worker-Main-24/WARN]: Removing file cache entry: C:\Users\bastelkorb\curseforge\minecraft\Instances\testy (1)\cache\immersiverailroading\models.rolling_stock.locomotives.sbb_ic_2020_bt.sbb_ic_2020_bt.obj_heightmap_1545034746
[12:52:08] [Worker-Main-24/WARN]: Removing file cache entry: C:\Users\bastelkorb\curseforge\minecraft\Instances\testy (1)\cache\immersiverailroading\models.rolling_stock.locomotives.sbb_rabde_500_b3.7.sbb_rabde_500_b3.7.obj_heightmap_838520331
[12:52:08] [Worker-Main-24/WARN]: Removing file cache entry: C:\Users\bastelkorb\curseforge\minecraft\Instances\testy (1)\cache\immersiverailroading\models.rolling_stock.locomotives.sbb_rabde_500_bt1.sbb_rabde_500_bt1.obj_heightmap_1690223434
[12:52:08] [Worker-Main-24/WARN]: Removing file cache entry: C:\Users\bastelkorb\curseforge\minecraft\Instances\testy (1)\cache\immersiverailroading\models.rolling_stock.locomotives.sbb_rabe_511_bt1.6.sbb_rabe_511_bt1.6.obj_heightmap_.1344274332
[12:52:08] [Worker-Main-24/WARN]: Removing file cache entry: C:\Users\bastelkorb\curseforge\minecraft\Instances\testy (1)\cache\immersiverailroading\models.rolling_stock.locomotives.sbb_rbde_560_do.sbb_rbde_560_do.obj_heightmap_739331041
[12:52:08] [Worker-Main-24/WARN]: Removing file cache entry: C:\Users\bastelkorb\curseforge\minecraft\Instances\testy (1)\cache\immersiverailroading\models.rolling_stock.locomotives.sbb_re_450.sbb_re_450.obj_heightmap_.462497767
[12:52:08] [Worker-Main-24/WARN]: Removing file cache entry: C:\Users\bastelkorb\curseforge\minecraft\Instances\testy (1)\cache\immersiverailroading\models.rolling_stock.locomotives.sbb_re_460.sbb_re_460.obj_heightmap_753528586
[12:52:08] [Worker-Main-24/WARN]: Removing file cache entry: C:\Users\bastelkorb\curseforge\minecraft\Instances\testy (1)\cache\immersiverailroading\models.rolling_stock.locomotives.sbb_tm_234_crane.sbb_tm_234_crane.obj_heightmap_1685715686
[12:52:08] [Worker-Main-24/WARN]: Removing file cache entry: C:\Users\bastelkorb\curseforge\minecraft\Instances\testy (1)\cache\immersiverailroading\models.rolling_stock.locomotives.sel_br_120.144.sel_br_120.144.obj_heightmap_585266993
[12:52:08] [Worker-Main-24/WARN]: Removing file cache entry: C:\Users\bastelkorb\curseforge\minecraft\Instances\testy (1)\cache\immersiverailroading\models.rolling_stock.locomotives.sltmabk.sltmabk.obj_heightmap_789109375
[12:52:08] [Worker-Main-24/WARN]: Removing file cache entry: C:\Users\bastelkorb\curseforge\minecraft\Instances\testy (1)\cache\immersiverailroading\models.rolling_stock.locomotives.sltmb1.sltmb1.obj_heightmap_342642260
[12:52:08] [Worker-Main-24/WARN]: Removing file cache entry: C:\Users\bastelkorb\curseforge\minecraft\Instances\testy (1)\cache\immersiverailroading\models.rolling_stock.locomotives.sltmb2.sltmb2.obj_heightmap_.1245650985
[12:52:08] [Worker-Main-24/WARN]: Removing file cache entry: C:\Users\bastelkorb\curseforge\minecraft\Instances\testy (1)\cache\immersiverailroading\models.rolling_stock.locomotives.sltmb3.sltmb3.obj_heightmap_.888444580
[12:52:08] [Worker-Main-24/WARN]: Removing file cache entry: C:\Users\bastelkorb\curseforge\minecraft\Instances\testy (1)\cache\immersiverailroading\models.rolling_stock.locomotives.sl_x420a.sl_x420a.obj_heightmap_.1312974690
[12:52:08] [Worker-Main-24/WARN]: Removing file cache entry: C:\Users\bastelkorb\curseforge\minecraft\Instances\testy (1)\cache\immersiverailroading\models.rolling_stock.locomotives.sl_x420b.sl_x420b.obj_heightmap_748684307
[12:52:08] [Worker-Main-24/WARN]: Removing file cache entry: C:\Users\bastelkorb\curseforge\minecraft\Instances\testy (1)\cache\immersiverailroading\models.rolling_stock.locomotives.sngc1.sngc1.obj_heightmap_.622068845
[12:52:08] [Worker-Main-24/WARN]: Removing file cache entry: C:\Users\bastelkorb\curseforge\minecraft\Instances\testy (1)\cache\immersiverailroading\models.rolling_stock.locomotives.sob_flirt3_1.sob_flirt3_1.obj_heightmap_.430981303
[12:52:08] [Worker-Main-24/WARN]: Removing file cache entry: C:\Users\bastelkorb\curseforge\minecraft\Instances\testy (1)\cache\immersiverailroading\models.rolling_stock.locomotives.sob_flirt3_4.sob_flirt3_4.obj_heightmap_143489211
[12:52:08] [Worker-Main-24/WARN]: Removing file cache entry: C:\Users\bastelkorb\curseforge\minecraft\Instances\testy (1)\cache\immersiverailroading\models.rolling_stock.locomotives.sob_traverso_1.sob_traverso_1.obj_heightmap_1493816455
[12:52:08] [Worker-Main-24/WARN]: Removing file cache entry: C:\Users\bastelkorb\curseforge\minecraft\Instances\testy (1)\cache\immersiverailroading\models.rolling_stock.locomotives.sob_traverso_4.sob_traverso_4.obj_heightmap_1493055051
[12:52:08] [Worker-Main-24/WARN]: Removing file cache entry: C:\Users\bastelkorb\curseforge\minecraft\Instances\testy (1)\cache\immersiverailroading\models.rolling_stock.locomotives.sob_traverso_5.sob_traverso_5.obj_heightmap_1014919116
[12:52:08] [Worker-Main-24/WARN]: Removing file cache entry: C:\Users\bastelkorb\curseforge\minecraft\Instances\testy (1)\cache\immersiverailroading\models.rolling_stock.locomotives.sob_traverso_8.sob_traverso_8.obj_heightmap_626191005
[12:52:08] [Worker-Main-24/WARN]: Removing file cache entry: C:\Users\bastelkorb\curseforge\minecraft\Instances\testy (1)\cache\immersiverailroading\models.rolling_stock.locomotives.sob_vs_928.sob_vs_928.obj_heightmap_2123185739
[12:52:08] [Worker-Main-24/WARN]: Removing file cache entry: C:\Users\bastelkorb\curseforge\minecraft\Instances\testy (1)\cache\immersiverailroading\models.rolling_stock.locomotives.sob_vt_628.sob_vt_628.obj_heightmap_.100318785
[12:52:08] [Worker-Main-24/WARN]: Removing file cache entry: C:\Users\bastelkorb\curseforge\minecraft\Instances\testy (1)\cache\immersiverailroading\models.rolling_stock.locomotives.thurbo_rabe_526_7_abt1.thurbo_rabe_526_7_abt1.obj_heightmap_.1393055260
[12:52:08] [Worker-Main-24/WARN]: Removing file cache entry: C:\Users\bastelkorb\curseforge\minecraft\Instances\testy (1)\cache\immersiverailroading\models.rolling_stock.locomotives.thurbo_rabe_526_7_re3.thurbo_rabe_526_7_re3.obj_heightmap_1153690159
[12:52:08] [Worker-Main-24/WARN]: Removing file cache entry: C:\Users\bastelkorb\curseforge\minecraft\Instances\testy (1)\cache\immersiverailroading\models.rolling_stock.locomotives.traktor.traktor.obj_heightmap_.1341686016
[12:52:08] [Worker-Main-24/WARN]: Removing file cache entry: C:\Users\bastelkorb\curseforge\minecraft\Instances\testy (1)\cache\immersiverailroading\models.rolling_stock.locomotives.tram20001bkfront.tram20001bkfront.obj_heightmap_1931858169
[12:52:08] [Worker-Main-24/WARN]: Removing file cache entry: C:\Users\bastelkorb\curseforge\minecraft\Instances\testy (1)\cache\immersiverailroading\models.rolling_stock.locomotives.tram20001front.tram20001front.obj_heightmap_.1216928884
[12:52:08] [Worker-Main-24/WARN]: Removing file cache entry: C:\Users\bastelkorb\curseforge\minecraft\Instances\testy (1)\cache\immersiverailroading\models.rolling_stock.locomotives.tram20002front.tram20002front.obj_heightmap_368578004
[12:52:08] [Worker-Main-24/WARN]: Removing file cache entry: C:\Users\bastelkorb\curseforge\minecraft\Instances\testy (1)\cache\immersiverailroading\models.rolling_stock.locomotives.tram20002pony.tram20002pony.obj_heightmap_.531128963
[12:52:08] [Worker-Main-24/WARN]: Removing file cache entry: C:\Users\bastelkorb\curseforge\minecraft\Instances\testy (1)\cache\immersiverailroading\models.rolling_stock.locomotives.tram20003front.tram20003front.obj_heightmap_939392964
[12:52:08] [Worker-Main-24/WARN]: Removing file cache entry: C:\Users\bastelkorb\curseforge\minecraft\Instances\testy (1)\cache\immersiverailroading\models.rolling_stock.locomotives.tram20003pony.tram20003pony.obj_heightmap_.934802080
[12:52:08] [Worker-Main-24/WARN]: Removing file cache entry: C:\Users\bastelkorb\curseforge\minecraft\Instances\testy (1)\cache\immersiverailroading\models.rolling_stock.locomotives.traxx2hectorrail.traxx2hectorrail.obj_heightmap_1493888356
[12:52:08] [Worker-Main-24/WARN]: Removing file cache entry: C:\Users\bastelkorb\curseforge\minecraft\Instances\testy (1)\cache\immersiverailroading\models.rolling_stock.locomotives.traxx2mav.traxx2mav.obj_heightmap_.1518007086
[12:52:08] [Worker-Main-24/WARN]: Removing file cache entry: C:\Users\bastelkorb\curseforge\minecraft\Instances\testy (1)\cache\immersiverailroading\models.rolling_stock.locomotives.traxx2ns.traxx2ns.obj_heightmap_1450764872
[12:52:08] [Worker-Main-24/WARN]: Removing file cache entry: C:\Users\bastelkorb\curseforge\minecraft\Instances\testy (1)\cache\immersiverailroading\models.rolling_stock.locomotives.traxx2railpool.traxx2railpool.obj_heightmap_.10606363
[12:52:08] [Worker-Main-24/WARN]: Removing file cache entry: C:\Users\bastelkorb\curseforge\minecraft\Instances\testy (1)\cache\immersiverailroading\models.rolling_stock.locomotives.traxx2sbbcargoac.traxx2sbbcargoac.obj_heightmap_.1027175075
[12:52:08] [Worker-Main-24/WARN]: Removing file cache entry: C:\Users\bastelkorb\curseforge\minecraft\Instances\testy (1)\cache\immersiverailroading\models.rolling_stock.locomotives.tri_br_111.tri_br_111_054.obj_heightmap_.238103786
[12:52:08] [Worker-Main-24/WARN]: Removing file cache entry: C:\Users\bastelkorb\curseforge\minecraft\Instances\testy (1)\cache\immersiverailroading\models.rolling_stock.locomotives.tri_br_111.tri_br_111_130.obj_heightmap_2102184225
[12:52:08] [Worker-Main-24/WARN]: Removing file cache entry: C:\Users\bastelkorb\curseforge\minecraft\Instances\testy (1)\cache\immersiverailroading\models.rolling_stock.locomotives.tri_dabpbzfa_762.tri_dabpbzfa_762.obj_heightmap_.1756705203
[12:52:08] [Worker-Main-24/WARN]: Removing file cache entry: C:\Users\bastelkorb\curseforge\minecraft\Instances\testy (1)\cache\immersiverailroading\models.rolling_stock.locomotives.trsbba.trsbba.obj_heightmap_.1015696030
[12:52:08] [Worker-Main-24/WARN]: Removing file cache entry: C:\Users\bastelkorb\curseforge\minecraft\Instances\testy (1)\cache\immersiverailroading\models.rolling_stock.locomotives.trsbbat.trsbbat.obj_heightmap_569341501
[12:52:08] [Worker-Main-24/WARN]: Removing file cache entry: C:\Users\bastelkorb\curseforge\minecraft\Instances\testy (1)\cache\immersiverailroading\models.rolling_stock.locomotives.trsbbb.trsbbb.obj_heightmap_.1123817041
[12:52:08] [Worker-Main-24/WARN]: Removing file cache entry: C:\Users\bastelkorb\curseforge\minecraft\Instances\testy (1)\cache\immersiverailroading\models.rolling_stock.locomotives.trsbbbt.trsbbbt.obj_heightmap_.153582535
[12:52:08] [Worker-Main-24/WARN]: Removing file cache entry: C:\Users\bastelkorb\curseforge\minecraft\Instances\testy (1)\cache\immersiverailroading\models.rolling_stock.locomotives.trsbbwr.trsbbwr.obj_heightmap_.989293118
[12:52:08] [Worker-Main-24/WARN]: Removing file cache entry: C:\Users\bastelkorb\curseforge\minecraft\Instances\testy (1)\cache\immersiverailroading\models.rolling_stock.locomotives.v320.v320.obj_heightmap_.554673912
[12:52:08] [Worker-Main-24/WARN]: Removing file cache entry: C:\Users\bastelkorb\curseforge\minecraft\Instances\testy (1)\cache\immersiverailroading\models.rolling_stock.locomotives.vbg1.vbg1.obj_heightmap_.871031245
[12:52:08] [Worker-Main-24/WARN]: Removing file cache entry: C:\Users\bastelkorb\curseforge\minecraft\Instances\testy (1)\cache\immersiverailroading\models.rolling_stock.locomotives.vectronsbbci_olten.vectronsbbci_olten.obj_heightmap_244665801
[12:52:08] [Worker-Main-24/WARN]: Removing file cache entry: C:\Users\bastelkorb\curseforge\minecraft\Instances\testy (1)\cache\immersiverailroading\models.rolling_stock.locomotives.vectronsbbci_rotterdam.vectronsbbci_rotterdam.obj_heightmap_885388310
[12:52:08] [Worker-Main-24/WARN]: Removing file cache entry: C:\Users\bastelkorb\curseforge\minecraft\Instances\testy (1)\cache\immersiverailroading\models.rolling_stock.locomotives.vectronsbbci_xload.vectronsbbci_xload.obj_heightmap_.1505545584
[12:52:08] [Worker-Main-24/WARN]: Removing file cache entry: C:\Users\bastelkorb\curseforge\minecraft\Instances\testy (1)\cache\immersiverailroading\models.rolling_stock.locomotives.virmmmbv7.virmmmbv7.obj_heightmap_.2095464541
[12:52:08] [Worker-Main-24/WARN]: Removing file cache entry: C:\Users\bastelkorb\curseforge\minecraft\Instances\testy (1)\cache\immersiverailroading\models.rolling_stock.locomotives.virmmmbvk1.2.virmmmbvk1.2.obj_heightmap_.1431814656
[12:52:08] [Worker-Main-24/WARN]: Removing file cache entry: C:\Users\bastelkorb\curseforge\minecraft\Instances\testy (1)\cache\immersiverailroading\models.rolling_stock.locomotives.vt98.vt98.obj_heightmap_863326580
[12:52:08] [Worker-Main-24/WARN]: Removing file cache entry: C:\Users\bastelkorb\curseforge\minecraft\Instances\testy (1)\cache\immersiverailroading\models.rolling_stock.locomotives.wfl_br_232.535.wfl_br_232.535.obj_heightmap_.1563071049
[12:52:08] [Worker-Main-24/WARN]: Removing file cache entry: C:\Users\bastelkorb\curseforge\minecraft\Instances\testy (1)\cache\immersiverailroading\models.rolling_stock.locomotives.wiebe.wiebe.obj_heightmap_1384461260
[12:52:08] [Worker-Main-24/WARN]: Removing file cache entry: C:\Users\bastelkorb\curseforge\minecraft\Instances\testy (1)\cache\immersiverailroading\models.rolling_stock.locomotives.wismarer_schienenbus.wismarer_schienenbus.obj_heightmap_1583645131
[12:52:08] [Worker-Main-24/WARN]: Removing file cache entry: C:\Users\bastelkorb\curseforge\minecraft\Instances\testy (1)\cache\immersiverailroading\models.rolling_stock.locomotives.x2200bleu.x2200bleu.obj_heightmap_.1399875431
[12:52:08] [Worker-Main-24/WARN]: Removing file cache entry: C:\Users\bastelkorb\curseforge\minecraft\Instances\testy (1)\cache\immersiverailroading\models.rolling_stock.locomotives.x2200jaune.x2200jaune.obj_heightmap_.1472022848
[12:52:08] [Worker-Main-24/WARN]: Removing file cache entry: C:\Users\bastelkorb\curseforge\minecraft\Instances\testy (1)\cache\immersiverailroading\models.rolling_stock.locomotives.x2200rouge.x2200rouge.obj_heightmap_1238968803
[12:52:08] [Worker-Main-24/WARN]: Removing file cache entry: C:\Users\bastelkorb\curseforge\minecraft\Instances\testy (1)\cache\immersiverailroading\models.rolling_stock.passenger.108.108.obj_heightmap_.1503998308
[12:52:08] [Worker-Main-24/WARN]: Removing file cache entry: C:\Users\bastelkorb\curseforge\minecraft\Instances\testy (1)\cache\immersiverailroading\models.rolling_stock.passenger.109.109.obj_heightmap_1228544426
[12:52:08] [Worker-Main-24/WARN]: Removing file cache entry: C:\Users\bastelkorb\curseforge\minecraft\Instances\testy (1)\cache\immersiverailroading\models.rolling_stock.passenger.111.111.obj_heightmap_768705613
[12:52:08] [Worker-Main-24/WARN]: Removing file cache entry: C:\Users\bastelkorb\curseforge\minecraft\Instances\testy (1)\cache\immersiverailroading\models.rolling_stock.passenger.134.134.obj_heightmap_256951617
[12:52:08] [Worker-Main-24/WARN]: Removing file cache entry: C:\Users\bastelkorb\curseforge\minecraft\Instances\testy (1)\cache\immersiverailroading\models.rolling_stock.passenger.207.207.obj_heightmap_1926452975
[12:52:08] [Worker-Main-24/WARN]: Removing file cache entry: C:\Users\bastelkorb\curseforge\minecraft\Instances\testy (1)\cache\immersiverailroading\models.rolling_stock.passenger.a4501.a4501.obj_heightmap_.89653527
[12:52:08] [Worker-Main-24/WARN]: Removing file cache entry: C:\Users\bastelkorb\curseforge\minecraft\Instances\testy (1)\cache\immersiverailroading\models.rolling_stock.passenger.a5501.a5501.obj_heightmap_.887988307
[12:52:08] [Worker-Main-24/WARN]: Removing file cache entry: C:\Users\bastelkorb\curseforge\minecraft\Instances\testy (1)\cache\immersiverailroading\models.rolling_stock.passenger.ab2511.ab2511.obj_heightmap_.1195548659
[12:52:08] [Worker-Main-24/WARN]: Removing file cache entry: C:\Users\bastelkorb\curseforge\minecraft\Instances\testy (1)\cache\immersiverailroading\models.rolling_stock.passenger.ab2511sbb.ab2511sbb.obj_heightmap_.1423580664
[12:52:08] [Worker-Main-24/WARN]: Removing file cache entry: C:\Users\bastelkorb\curseforge\minecraft\Instances\testy (1)\cache\immersiverailroading\models.rolling_stock.passenger.ab5511.ab5511.obj_heightmap_2077927185
[12:52:08] [Worker-Main-24/WARN]: Removing file cache entry: C:\Users\bastelkorb\curseforge\minecraft\Instances\testy (1)\cache\immersiverailroading\models.rolling_stock.passenger.ab5511sbb.ab5511sbb.obj_heightmap_.1712197032
[12:52:08] [Worker-Main-24/WARN]: Removing file cache entry: C:\Users\bastelkorb\curseforge\minecraft\Instances\testy (1)\cache\immersiverailroading\models.rolling_stock.passenger.abdpzplus.abdpzplus.obj_heightmap_51948476
[12:52:08] [Worker-Main-24/WARN]: Removing file cache entry: C:\Users\bastelkorb\curseforge\minecraft\Instances\testy (1)\cache\immersiverailroading\models.rolling_stock.passenger.abhvz.abhvz.obj_heightmap_937345335
[12:52:08] [Worker-Main-24/WARN]: Removing file cache entry: C:\Users\bastelkorb\curseforge\minecraft\Instances\testy (1)\cache\immersiverailroading\models.rolling_stock.passenger.b10501.b10501.obj_heightmap_.294684816
[12:52:08] [Worker-Main-24/WARN]: Removing file cache entry: C:\Users\bastelkorb\curseforge\minecraft\Instances\testy (1)\cache\immersiverailroading\models.rolling_stock.passenger.b11501.b11501.obj_heightmap_.1634826936
[12:52:08] [Worker-Main-24/WARN]: Removing file cache entry: C:\Users\bastelkorb\curseforge\minecraft\Instances\testy (1)\cache\immersiverailroading\models.rolling_stock.passenger.b2514.b2514.obj_heightmap_.1354763166
[12:52:08] [Worker-Main-24/WARN]: Removing file cache entry: C:\Users\bastelkorb\curseforge\minecraft\Instances\testy (1)\cache\immersiverailroading\models.rolling_stock.passenger.b3502.b3502.obj_heightmap_212697
[12:52:08] [Worker-Main-24/WARN]: Removing file cache entry: C:\Users\bastelkorb\curseforge\minecraft\Instances\testy (1)\cache\immersiverailroading\models.rolling_stock.passenger.b3511.b3511.obj_heightmap_533638990
[12:52:08] [Worker-Main-24/WARN]: Removing file cache entry: C:\Users\bastelkorb\curseforge\minecraft\Instances\testy (1)\cache\immersiverailroading\models.rolling_stock.passenger.b3511sbb.b3511sbb.obj_heightmap_.1617262151
[12:52:08] [Worker-Main-24/WARN]: Removing file cache entry: C:\Users\bastelkorb\curseforge\minecraft\Instances\testy (1)\cache\immersiverailroading\models.rolling_stock.passenger.b3514.b3514.obj_heightmap_777019889
[12:52:08] [Worker-Main-24/WARN]: Removing file cache entry: C:\Users\bastelkorb\curseforge\minecraft\Instances\testy (1)\cache\immersiverailroading\models.rolling_stock.passenger.b4511.b4511.obj_heightmap_1663243033
[12:52:08] [Worker-Main-24/WARN]: Removing file cache entry: C:\Users\bastelkorb\curseforge\minecraft\Instances\testy (1)\cache\immersiverailroading\models.rolling_stock.passenger.b4511sbb.b4511sbb.obj_heightmap_.1028646467
[12:52:08] [Worker-Main-24/WARN]: Removing file cache entry: C:\Users\bastelkorb\curseforge\minecraft\Instances\testy (1)\cache\immersiverailroading\models.rolling_stock.passenger.b7501.b7501.obj_heightmap_.1904256228
[12:52:08] [Worker-Main-24/WARN]: Removing file cache entry: C:\Users\bastelkorb\curseforge\minecraft\Instances\testy (1)\cache\immersiverailroading\models.rolling_stock.passenger.b80dbogie.b80dbogie.obj_heightmap_.1733395326
[12:52:08] [Worker-Main-24/WARN]: Removing file cache entry: C:\Users\bastelkorb\curseforge\minecraft\Instances\testy (1)\cache\immersiverailroading\models.rolling_stock.passenger.b8501.b8501.obj_heightmap_124856086
[12:52:08] [Worker-Main-24/WARN]: Removing file cache entry: C:\Users\bastelkorb\curseforge\minecraft\Instances\testy (1)\cache\immersiverailroading\models.rolling_stock.passenger.bdpzndw.bdpzndw.obj_heightmap_2131210016
[12:52:08] [Worker-Main-24/WARN]: Removing file cache entry: C:\Users\bastelkorb\curseforge\minecraft\Instances\testy (1)\cache\immersiverailroading\models.rolling_stock.passenger.bhvz.bhvz.obj_heightmap_.1352137319
[12:52:08] [Worker-Main-24/WARN]: Removing file cache entry: C:\Users\bastelkorb\curseforge\minecraft\Instances\testy (1)\cache\immersiverailroading\models.rolling_stock.passenger.bnrz451.bnrz451.obj_heightmap_1822951514
[12:52:08] [Worker-Main-24/WARN]: Removing file cache entry: C:\Users\bastelkorb\curseforge\minecraft\Instances\testy (1)\cache\immersiverailroading\models.rolling_stock.passenger.br4071.br4071.obj_heightmap_.594864839
[12:52:08] [Worker-Main-24/WARN]: Removing file cache entry: C:\Users\bastelkorb\curseforge\minecraft\Instances\testy (1)\cache\immersiverailroading\models.rolling_stock.passenger.br4072.br4072.obj_heightmap_1612103971
[12:52:08] [Worker-Main-24/WARN]: Removing file cache entry: C:\Users\bastelkorb\curseforge\minecraft\Instances\testy (1)\cache\immersiverailroading\models.rolling_stock.passenger.br4073.br4073.obj_heightmap_.44166949
[12:52:08] [Worker-Main-24/WARN]: Removing file cache entry: C:\Users\bastelkorb\curseforge\minecraft\Instances\testy (1)\cache\immersiverailroading\models.rolling_stock.passenger.br4076.br4076.obj_heightmap_1864225537
[12:52:08] [Worker-Main-24/WARN]: Removing file cache entry: C:\Users\bastelkorb\curseforge\minecraft\Instances\testy (1)\cache\immersiverailroading\models.rolling_stock.passenger.br4077.br4077.obj_heightmap_1743823435
[12:52:08] [Worker-Main-24/WARN]: Removing file cache entry: C:\Users\bastelkorb\curseforge\minecraft\Instances\testy (1)\cache\immersiverailroading\models.rolling_stock.passenger.br4078.br4078.obj_heightmap_.1332385666
[12:52:08] [Worker-Main-24/WARN]: Removing file cache entry: C:\Users\bastelkorb\curseforge\minecraft\Instances\testy (1)\cache\immersiverailroading\models.rolling_stock.passenger.br481wagon.br481wagon.obj_heightmap_.1556672650
[12:52:08] [Worker-Main-24/WARN]: Removing file cache entry: C:\Users\bastelkorb\curseforge\minecraft\Instances\testy (1)\cache\immersiverailroading\models.rolling_stock.passenger.br802.br802.obj_heightmap_1876398199
[12:52:08] [Worker-Main-24/WARN]: Removing file cache entry: C:\Users\bastelkorb\curseforge\minecraft\Instances\testy (1)\cache\immersiverailroading\models.rolling_stock.passenger.br804.br804.obj_heightmap_857299226
[12:52:08] [Worker-Main-24/WARN]: Removing file cache entry: C:\Users\bastelkorb\curseforge\minecraft\Instances\testy (1)\cache\immersiverailroading\models.rolling_stock.passenger.cobra2.cobra2.obj_heightmap_30051029
[12:52:08] [Worker-Main-24/WARN]: Removing file cache entry: C:\Users\bastelkorb\curseforge\minecraft\Instances\testy (1)\cache\immersiverailroading\models.rolling_stock.passenger.cobra3.cobra3.obj_heightmap_.1252635929
[12:52:08] [Worker-Main-24/WARN]: Removing file cache entry: C:\Users\bastelkorb\curseforge\minecraft\Instances\testy (1)\cache\immersiverailroading\models.rolling_stock.passenger.cobra4.cobra4.obj_heightmap_.801415399
[12:52:08] [Worker-Main-24/WARN]: Removing file cache entry: C:\Users\bastelkorb\curseforge\minecraft\Instances\testy (1)\cache\immersiverailroading\models.rolling_stock.passenger.cobra5.cobra5.obj_heightmap_.682439864
[12:52:08] [Worker-Main-24/WARN]: Removing file cache entry: C:\Users\bastelkorb\curseforge\minecraft\Instances\testy (1)\cache\immersiverailroading\models.rolling_stock.passenger.cobrabellow.cobrabellow.obj_heightmap_45017638
[12:52:08] [Worker-Main-24/WARN]: Removing file cache entry: C:\Users\bastelkorb\curseforge\minecraft\Instances\testy (1)\cache\immersiverailroading\models.rolling_stock.passenger.cp481.cp_481.obj_heightmap_695381444
[12:52:08] [Worker-Main-24/WARN]: Removing file cache entry: C:\Users\bastelkorb\curseforge\minecraft\Instances\testy (1)\cache\immersiverailroading\models.rolling_stock.passenger.dbuza.dbuza.obj_heightmap_.1225870187
[12:52:08] [Worker-Main-24/WARN]: Removing file cache entry: C:\Users\bastelkorb\curseforge\minecraft\Instances\testy (1)\cache\immersiverailroading\models.rolling_stock.passenger.db_abm_226.ob.db_abm_226.ob.obj_heightmap_.484955526
[12:52:08] [Worker-Main-24/WARN]: Removing file cache entry: C:\Users\bastelkorb\curseforge\minecraft\Instances\testy (1)\cache\immersiverailroading\models.rolling_stock.passenger.db_abm_228.ob.db_abm_228.ob.obj_heightmap_.456985897
[12:52:08] [Worker-Main-24/WARN]: Removing file cache entry: C:\Users\bastelkorb\curseforge\minecraft\Instances\testy (1)\cache\immersiverailroading\models.rolling_stock.passenger.db_aimz_261.ir.db_aimz_261.ir.obj_heightmap_.417676643
[12:52:08] [Worker-Main-24/WARN]: Removing file cache entry: C:\Users\bastelkorb\curseforge\minecraft\Instances\testy (1)\cache\immersiverailroading\models.rolling_stock.passenger.db_am_203.ic.db_am_203.ic.obj_heightmap_.507360463
[12:52:08] [Worker-Main-24/WARN]: Removing file cache entry: C:\Users\bastelkorb\curseforge\minecraft\Instances\testy (1)\cache\immersiverailroading\models.rolling_stock.passenger.db_am_203.ob.1.db_am_203.ob.1.obj_heightmap_.156338503
[12:52:08] [Worker-Main-24/WARN]: Removing file cache entry: C:\Users\bastelkorb\curseforge\minecraft\Instances\testy (1)\cache\immersiverailroading\models.rolling_stock.passenger.db_am_203.ob.db_am_203.ob.obj_heightmap_.1037990221
[12:52:08] [Worker-Main-24/WARN]: Removing file cache entry: C:\Users\bastelkorb\curseforge\minecraft\Instances\testy (1)\cache\immersiverailroading\models.rolling_stock.passenger.db_am_203.or.db_am_203.or.obj_heightmap_.229959841
[12:52:08] [Worker-Main-24/WARN]: Removing file cache entry: C:\Users\bastelkorb\curseforge\minecraft\Instances\testy (1)\cache\immersiverailroading\models.rolling_stock.passenger.db_am_203.vr.db_am_203.vr.obj_heightmap_.351930762
[12:52:08] [Worker-Main-24/WARN]: Removing file cache entry: C:\Users\bastelkorb\curseforge\minecraft\Instances\testy (1)\cache\immersiverailroading\models.rolling_stock.passenger.db_avmmz_106.ic.db_avmmz_106.ic.obj_heightmap_1655556870
[12:52:08] [Worker-Main-24/WARN]: Removing file cache entry: C:\Users\bastelkorb\curseforge\minecraft\Instances\testy (1)\cache\immersiverailroading\models.rolling_stock.passenger.db_bdms_273.ob.db_bdms_273.ob.obj_heightmap_185433471
[12:52:08] [Worker-Main-24/WARN]: Removing file cache entry: C:\Users\bastelkorb\curseforge\minecraft\Instances\testy (1)\cache\immersiverailroading\models.rolling_stock.passenger.db_bimz_264.ir.db_bimz_264.ir.obj_heightmap_.1122342454
[12:52:08] [Worker-Main-24/WARN]: Removing file cache entry: C:\Users\bastelkorb\curseforge\minecraft\Instances\testy (1)\cache\immersiverailroading\models.rolling_stock.passenger.db_bm_234.ob.db_bm_234.ob.obj_heightmap_139827470
[12:52:08] [Worker-Main-24/WARN]: Removing file cache entry: C:\Users\bastelkorb\curseforge\minecraft\Instances\testy (1)\cache\immersiverailroading\models.rolling_stock.passenger.db_bm_235.ic.db_bm_235.ic.obj_heightmap_.1585668609
[12:52:08] [Worker-Main-24/WARN]: Removing file cache entry: C:\Users\bastelkorb\curseforge\minecraft\Instances\testy (1)\cache\immersiverailroading\models.rolling_stock.passenger.db_bm_235.ob.db_bm_235.ob.obj_heightmap_.1540726378
[12:52:08] [Worker-Main-24/WARN]: Removing file cache entry: C:\Users\bastelkorb\curseforge\minecraft\Instances\testy (1)\cache\immersiverailroading\models.rolling_stock.passenger.db_bm_235.or.db_bm_235.or.obj_heightmap_1148501273
[12:52:08] [Worker-Main-24/WARN]: Removing file cache entry: C:\Users\bastelkorb\curseforge\minecraft\Instances\testy (1)\cache\immersiverailroading\models.rolling_stock.passenger.db_bm_235.vr.db_bm_235.vr.obj_heightmap_.1410353061
[12:52:08] [Worker-Main-24/WARN]: Removing file cache entry: C:\Users\bastelkorb\curseforge\minecraft\Instances\testy (1)\cache\immersiverailroading\models.rolling_stock.passenger.db_bpmmbdz_284.ic.db_bpmmbdz_284.ic.obj_heightmap_.230832594
[12:52:08] [Worker-Main-24/WARN]: Removing file cache entry: C:\Users\bastelkorb\curseforge\minecraft\Instances\testy (1)\cache\immersiverailroading\models.rolling_stock.passenger.db_br_1862.0.db_br_1862.0.obj_heightmap_1240980606
[12:52:08] [Worker-Main-24/WARN]: Removing file cache entry: C:\Users\bastelkorb\curseforge\minecraft\Instances\testy (1)\cache\immersiverailroading\models.rolling_stock.passenger.db_br_1862.5.db_br_1862.5.obj_heightmap_688558890
[12:52:08] [Worker-Main-24/WARN]: Removing file cache entry: C:\Users\bastelkorb\curseforge\minecraft\Instances\testy (1)\cache\immersiverailroading\models.rolling_stock.passenger.db_br_407_1.db_br_407_1.obj_heightmap_.398547408
[12:52:08] [Worker-Main-24/WARN]: Removing file cache entry: C:\Users\bastelkorb\curseforge\minecraft\Instances\testy (1)\cache\immersiverailroading\models.rolling_stock.passenger.db_br_407_3.db_br_407_3.obj_heightmap_.17608031
[12:52:08] [Worker-Main-24/WARN]: Removing file cache entry: C:\Users\bastelkorb\curseforge\minecraft\Instances\testy (1)\cache\immersiverailroading\models.rolling_stock.passenger.db_br_407_6.db_br_407_6.obj_heightmap_1070667875
[12:52:08] [Worker-Main-24/WARN]: Removing file cache entry: C:\Users\bastelkorb\curseforge\minecraft\Instances\testy (1)\cache\immersiverailroading\models.rolling_stock.passenger.db_br_407_8.db_br_407_8.obj_heightmap_1493604004
[12:52:08] [Worker-Main-24/WARN]: Removing file cache entry: C:\Users\bastelkorb\curseforge\minecraft\Instances\testy (1)\cache\immersiverailroading\models.rolling_stock.passenger.db_br_408_1.db_br_408_1.obj_heightmap_1442317774
[12:52:08] [Worker-Main-24/WARN]: Removing file cache entry: C:\Users\bastelkorb\curseforge\minecraft\Instances\testy (1)\cache\immersiverailroading\models.rolling_stock.passenger.db_br_443.7.db_br_443.7.obj_heightmap_.536798457
[12:52:08] [Worker-Main-24/WARN]: Removing file cache entry: C:\Users\bastelkorb\curseforge\minecraft\Instances\testy (1)\cache\immersiverailroading\models.rolling_stock.passenger.db_bvmmz_188.ic.db_bvmmz_188.ic.obj_heightmap_1125001931
[12:52:08] [Worker-Main-24/WARN]: Removing file cache entry: C:\Users\bastelkorb\curseforge\minecraft\Instances\testy (1)\cache\immersiverailroading\models.rolling_stock.passenger.db_dabpza_785.db_dabpza_785.obj_heightmap_527416080
[12:52:08] [Worker-Main-24/WARN]: Removing file cache entry: C:\Users\bastelkorb\curseforge\minecraft\Instances\testy (1)\cache\immersiverailroading\models.rolling_stock.passenger.db_dabza_756.db_dabza_756.obj_heightmap_.1407112264
[12:52:08] [Worker-Main-24/WARN]: Removing file cache entry: C:\Users\bastelkorb\curseforge\minecraft\Instances\testy (1)\cache\immersiverailroading\models.rolling_stock.passenger.db_dbpza_751.db_dbpza_751.obj_heightmap_.689495216
[12:52:08] [Worker-Main-24/WARN]: Removing file cache entry: C:\Users\bastelkorb\curseforge\minecraft\Instances\testy (1)\cache\immersiverailroading\models.rolling_stock.passenger.db_dbpza_780.1.db_dbpza_780.1.obj_heightmap_431783185
[12:52:08] [Worker-Main-24/WARN]: Removing file cache entry: C:\Users\bastelkorb\curseforge\minecraft\Instances\testy (1)\cache\immersiverailroading\models.rolling_stock.passenger.db_dbpza_780.3.db_dbpza_780.3.obj_heightmap_.759941047
[12:52:08] [Worker-Main-24/WARN]: Removing file cache entry: C:\Users\bastelkorb\curseforge\minecraft\Instances\testy (1)\cache\immersiverailroading\models.rolling_stock.passenger.db_dbza_751.db_dbza_751.obj_heightmap_.469264318
[12:52:08] [Worker-Main-24/WARN]: Removing file cache entry: C:\Users\bastelkorb\curseforge\minecraft\Instances\testy (1)\cache\immersiverailroading\models.rolling_stock.passenger.ecapm.ecapm.obj_heightmap_.1327308300
[12:52:08] [Worker-Main-24/WARN]: Removing file cache entry: C:\Users\bastelkorb\curseforge\minecraft\Instances\testy (1)\cache\immersiverailroading\models.rolling_stock.passenger.ecapmmod.ecapmmod.obj_heightmap_.770730807
[12:52:08] [Worker-Main-24/WARN]: Removing file cache entry: C:\Users\bastelkorb\curseforge\minecraft\Instances\testy (1)\cache\immersiverailroading\models.rolling_stock.passenger.ecapmpano.ecapmpano.obj_heightmap_.1847872929
[12:52:08] [Worker-Main-24/WARN]: Removing file cache entry: C:\Users\bastelkorb\curseforge\minecraft\Instances\testy (1)\cache\immersiverailroading\models.rolling_stock.passenger.ecbpm.ecbpm.obj_heightmap_1713981500
[12:52:08] [Worker-Main-24/WARN]: Removing file cache entry: C:\Users\bastelkorb\curseforge\minecraft\Instances\testy (1)\cache\immersiverailroading\models.rolling_stock.passenger.ecbpmmod.ecbpmmod.obj_heightmap_.566041048
[12:52:08] [Worker-Main-24/WARN]: Removing file cache entry: C:\Users\bastelkorb\curseforge\minecraft\Instances\testy (1)\cache\immersiverailroading\models.rolling_stock.passenger.ewiva.ewiva.obj_heightmap_966349197
[12:52:08] [Worker-Main-24/WARN]: Removing file cache entry: C:\Users\bastelkorb\curseforge\minecraft\Instances\testy (1)\cache\immersiverailroading\models.rolling_stock.passenger.ewivamod.ewivamod.obj_heightmap_.1704863042
[12:52:08] [Worker-Main-24/WARN]: Removing file cache entry: C:\Users\bastelkorb\curseforge\minecraft\Instances\testy (1)\cache\immersiverailroading\models.rolling_stock.passenger.ewivas.ewivas.obj_heightmap_573706884
[12:52:08] [Worker-Main-24/WARN]: Removing file cache entry: C:\Users\bastelkorb\curseforge\minecraft\Instances\testy (1)\cache\immersiverailroading\models.rolling_stock.passenger.ewivasmod.ewivasmod.obj_heightmap_1655237103
[12:52:08] [Worker-Main-24/WARN]: Removing file cache entry: C:\Users\bastelkorb\curseforge\minecraft\Instances\testy (1)\cache\immersiverailroading\models.rolling_stock.passenger.ewivb.ewivb.obj_heightmap_.849498674
[12:52:08] [Worker-Main-24/WARN]: Removing file cache entry: C:\Users\bastelkorb\curseforge\minecraft\Instances\testy (1)\cache\immersiverailroading\models.rolling_stock.passenger.ewivbmod.ewivbmod.obj_heightmap_.1229212622
[12:52:08] [Worker-Main-24/WARN]: Removing file cache entry: C:\Users\bastelkorb\curseforge\minecraft\Instances\testy (1)\cache\immersiverailroading\models.rolling_stock.passenger.fbbe46r.fbbe46r.obj_heightmap_1062010583
[12:52:08] [Worker-Main-24/WARN]: Removing file cache entry: C:\Users\bastelkorb\curseforge\minecraft\Instances\testy (1)\cache\immersiverailroading\models.rolling_stock.passenger.firstclass.firstclass.obj_heightmap_.1806039994
[12:52:08] [Worker-Main-24/WARN]: Removing file cache entry: C:\Users\bastelkorb\curseforge\minecraft\Instances\testy (1)\cache\immersiverailroading\models.rolling_stock.passenger.forchbahn_be_4.6_b.forchbahn_be_4.6_b.obj_heightmap_944244783
[12:52:08] [Worker-Main-24/WARN]: Removing file cache entry: C:\Users\bastelkorb\curseforge\minecraft\Instances\testy (1)\cache\immersiverailroading\models.rolling_stock.passenger.ic2000a.ic2000a.obj_heightmap_688059982
[12:52:08] [Worker-Main-24/WARN]: Removing file cache entry: C:\Users\bastelkorb\curseforge\minecraft\Instances\testy (1)\cache\immersiverailroading\models.rolling_stock.passenger.ic2000ad.ic2000ad.obj_heightmap_.642442595
[12:52:08] [Worker-Main-24/WARN]: Removing file cache entry: C:\Users\bastelkorb\curseforge\minecraft\Instances\testy (1)\cache\immersiverailroading\models.rolling_stock.passenger.ic2000b.ic2000b.obj_heightmap_.1053413854
[12:52:08] [Worker-Main-24/WARN]: Removing file cache entry: C:\Users\bastelkorb\curseforge\minecraft\Instances\testy (1)\cache\immersiverailroading\models.rolling_stock.passenger.ic2000wrb.ic2000wrb.obj_heightmap_.1503598445
[12:52:08] [Worker-Main-24/WARN]: Removing file cache entry: C:\Users\bastelkorb\curseforge\minecraft\Instances\testy (1)\cache\immersiverailroading\models.rolling_stock.passenger.ic2020a.ic2020a.obj_heightmap_.167977567
[12:52:08] [Worker-Main-24/WARN]: Removing file cache entry: C:\Users\bastelkorb\curseforge\minecraft\Instances\testy (1)\cache\immersiverailroading\models.rolling_stock.passenger.ic2020ad.ic2020ad.obj_heightmap_1365336538
[12:52:08] [Worker-Main-24/WARN]: Removing file cache entry: C:\Users\bastelkorb\curseforge\minecraft\Instances\testy (1)\cache\immersiverailroading\models.rolling_stock.passenger.ic2020b.ic2020b.obj_heightmap_312537328
[12:52:08] [Worker-Main-24/WARN]: Removing file cache entry: C:\Users\bastelkorb\curseforge\minecraft\Instances\testy (1)\cache\immersiverailroading\models.rolling_stock.passenger.ic2020wrb.ic2020wrb.obj_heightmap_1479888678
[12:52:08] [Worker-Main-24/WARN]: Removing file cache entry: C:\Users\bastelkorb\curseforge\minecraft\Instances\testy (1)\cache\immersiverailroading\models.rolling_stock.passenger.icmma.icmma.obj_heightmap_.2052844599
[12:52:08] [Worker-Main-24/WARN]: Removing file cache entry: C:\Users\bastelkorb\curseforge\minecraft\Instances\testy (1)\cache\immersiverailroading\models.rolling_stock.passenger.icmmab.icmmab.obj_heightmap_676402289
[12:52:08] [Worker-Main-24/WARN]: Removing file cache entry: C:\Users\bastelkorb\curseforge\minecraft\Instances\testy (1)\cache\immersiverailroading\models.rolling_stock.passenger.icra.icra.obj_heightmap_1508268904
[12:52:08] [Worker-Main-24/WARN]: Removing file cache entry: C:\Users\bastelkorb\curseforge\minecraft\Instances\testy (1)\cache\immersiverailroading\models.rolling_stock.passenger.icrb.icrb.obj_heightmap_.46742078
[12:52:08] [Worker-Main-24/WARN]: Removing file cache entry: C:\Users\bastelkorb\curseforge\minecraft\Instances\testy (1)\cache\immersiverailroading\models.rolling_stock.passenger.icrbd.icrbd.obj_heightmap_.1242393245
[12:52:08] [Worker-Main-24/WARN]: Removing file cache entry: C:\Users\bastelkorb\curseforge\minecraft\Instances\testy (1)\cache\immersiverailroading\models.rolling_stock.passenger.icrbpmz10.icrbpmz10.obj_heightmap_1755635581
[12:52:08] [Worker-Main-24/WARN]: Removing file cache entry: C:\Users\bastelkorb\curseforge\minecraft\Instances\testy (1)\cache\immersiverailroading\models.rolling_stock.passenger.ngtbellow.bellows.obj_heightmap_1035321617
[12:52:08] [Worker-Main-24/WARN]: Removing file cache entry: C:\Users\bastelkorb\curseforge\minecraft\Instances\testy (1)\cache\immersiverailroading\models.rolling_stock.passenger.ngtbridge.ngtbridge.obj_heightmap_.203881245
[12:52:08] [Worker-Main-24/WARN]: Removing file cache entry: C:\Users\bastelkorb\curseforge\minecraft\Instances\testy (1)\cache\immersiverailroading\models.rolling_stock.passenger.ngtcenter.ngtcenter.obj_heightmap_.278449171
[12:52:08] [Worker-Main-24/WARN]: Removing file cache entry: C:\Users\bastelkorb\curseforge\minecraft\Instances\testy (1)\cache\immersiverailroading\models.rolling_stock.passenger.ns_icmm_a.ns_icmm_a.obj_heightmap_.922299182
[12:52:08] [Worker-Main-24/WARN]: Removing file cache entry: C:\Users\bastelkorb\curseforge\minecraft\Instances\testy (1)\cache\immersiverailroading\models.rolling_stock.passenger.ns_icmm_ab.ns_icmm_ab.obj_heightmap_66066998
[12:52:08] [Worker-Main-24/WARN]: Removing file cache entry: C:\Users\bastelkorb\curseforge\minecraft\Instances\testy (1)\cache\immersiverailroading\models.rolling_stock.passenger.ns_sng_b.ns_sng_b.obj_heightmap_404784147
[12:52:08] [Worker-Main-24/WARN]: Removing file cache entry: C:\Users\bastelkorb\curseforge\minecraft\Instances\testy (1)\cache\immersiverailroading\models.rolling_stock.passenger.ns_virmm1_abv3.4.ns_virmm1_abv3.4.obj_heightmap_509245897
[12:52:08] [Worker-Main-24/WARN]: Removing file cache entry: C:\Users\bastelkorb\curseforge\minecraft\Instances\testy (1)\cache\immersiverailroading\models.rolling_stock.passenger.ns_virmm1_abv5.ns_virmm1_abv5.obj_heightmap_123395131
[12:52:08] [Worker-Main-24/WARN]: Removing file cache entry: C:\Users\bastelkorb\curseforge\minecraft\Instances\testy (1)\cache\immersiverailroading\models.rolling_stock.passenger.ns_virmm1_abv6.ns_virmm1_abv6.obj_heightmap_.1749858012
[12:52:08] [Worker-Main-24/WARN]: Removing file cache entry: C:\Users\bastelkorb\curseforge\minecraft\Instances\testy (1)\cache\immersiverailroading\models.rolling_stock.passenger.portaloo.portaloo.obj_heightmap_.1047236567
[12:52:08] [Worker-Main-24/WARN]: Removing file cache entry: C:\Users\bastelkorb\curseforge\minecraft\Instances\testy (1)\cache\immersiverailroading\models.rolling_stock.passenger.railjet_bmpz.railjet_bmpz.obj_heightmap_240343430
[12:52:08] [Worker-Main-24/WARN]: Removing file cache entry: C:\Users\bastelkorb\curseforge\minecraft\Instances\testy (1)\cache\immersiverailroading\models.rolling_stock.passenger.rhb_b316.rhb_b316.obj_heightmap_1917947869
[12:52:08] [Worker-Main-24/WARN]: Removing file cache entry: C:\Users\bastelkorb\curseforge\minecraft\Instances\testy (1)\cache\immersiverailroading\models.rolling_stock.passenger.rhb_b317.rhb_b317.obj_heightmap_338957225
[12:52:08] [Worker-Main-24/WARN]: Removing file cache entry: C:\Users\bastelkorb\curseforge\minecraft\Instances\testy (1)\cache\immersiverailroading\models.rolling_stock.passenger.sbbwrm.sbbwrm.obj_heightmap_1436533691
[12:52:08] [Worker-Main-24/WARN]: Removing file cache entry: C:\Users\bastelkorb\curseforge\minecraft\Instances\testy (1)\cache\immersiverailroading\models.rolling_stock.passenger.sbb_ab_dpzplus.sbb_ab_dpzplus.obj_heightmap_1030291716
[12:52:08] [Worker-Main-24/WARN]: Removing file cache entry: C:\Users\bastelkorb\curseforge\minecraft\Instances\testy (1)\cache\immersiverailroading\models.rolling_stock.passenger.sbb_b_dpz_ndw.sbb_b_dpz_ndw.obj_heightmap_1491703524
[12:52:08] [Worker-Main-24/WARN]: Removing file cache entry: C:\Users\bastelkorb\curseforge\minecraft\Instances\testy (1)\cache\immersiverailroading\models.rolling_stock.passenger.sbb_b_npz_do_toilet.sbb_b_npz_do_toilet.obj_heightmap_.553840460
[12:52:08] [Worker-Main-24/WARN]: Removing file cache entry: C:\Users\bastelkorb\curseforge\minecraft\Instances\testy (1)\cache\immersiverailroading\models.rolling_stock.passenger.sbb_ec_apm.sbb_ec_apm.obj_heightmap_.133269170
[12:52:08] [Worker-Main-24/WARN]: Removing file cache entry: C:\Users\bastelkorb\curseforge\minecraft\Instances\testy (1)\cache\immersiverailroading\models.rolling_stock.passenger.sbb_ec_apm_panorama.sbb_ec_apm_panorama.obj_heightmap_1022754873
[12:52:08] [Worker-Main-24/WARN]: Removing file cache entry: C:\Users\bastelkorb\curseforge\minecraft\Instances\testy (1)\cache\immersiverailroading\models.rolling_stock.passenger.sbb_ic2000_a.sbb_ic2000_a.obj_heightmap_.1572136278
[12:52:08] [Worker-Main-24/WARN]: Removing file cache entry: C:\Users\bastelkorb\curseforge\minecraft\Instances\testy (1)\cache\immersiverailroading\models.rolling_stock.passenger.sbb_ic2000_ad.sbb_ic2000_ad.obj_heightmap_.913574758
[12:52:08] [Worker-Main-24/WARN]: Removing file cache entry: C:\Users\bastelkorb\curseforge\minecraft\Instances\testy (1)\cache\immersiverailroading\models.rolling_stock.passenger.sbb_ic2000_b.sbb_ic2000_b.obj_heightmap_245459274
[12:52:08] [Worker-Main-24/WARN]: Removing file cache entry: C:\Users\bastelkorb\curseforge\minecraft\Instances\testy (1)\cache\immersiverailroading\models.rolling_stock.passenger.sbb_ic_2020_a.sbb_ic_2020_a.obj_heightmap_630244213
[12:52:08] [Worker-Main-24/WARN]: Removing file cache entry: C:\Users\bastelkorb\curseforge\minecraft\Instances\testy (1)\cache\immersiverailroading\models.rolling_stock.passenger.sbb_ic_2020_ad.sbb_ic_2020_ad.obj_heightmap_648081337
[12:52:08] [Worker-Main-24/WARN]: Removing file cache entry: C:\Users\bastelkorb\curseforge\minecraft\Instances\testy (1)\cache\immersiverailroading\models.rolling_stock.passenger.sbb_ic_2020_b.sbb_ic_2020_b.obj_heightmap_1404488140
[12:52:08] [Worker-Main-24/WARN]: Removing file cache entry: C:\Users\bastelkorb\curseforge\minecraft\Instances\testy (1)\cache\immersiverailroading\models.rolling_stock.passenger.sbb_rabde_500_a5.sbb_rabde_500_a5.obj_heightmap_.605746692
[12:52:08] [Worker-Main-24/WARN]: Removing file cache entry: C:\Users\bastelkorb\curseforge\minecraft\Instances\testy (1)\cache\immersiverailroading\models.rolling_stock.passenger.sbb_rabde_500_ad6.sbb_rabde_500_ad6.obj_heightmap_1345554622
[12:52:08] [Worker-Main-24/WARN]: Removing file cache entry: C:\Users\bastelkorb\curseforge\minecraft\Instances\testy (1)\cache\immersiverailroading\models.rolling_stock.passenger.sbb_rabde_500_wra4.sbb_rabde_500_wra4.obj_heightmap_1835717470
[12:52:08] [Worker-Main-24/WARN]: Removing file cache entry: C:\Users\bastelkorb\curseforge\minecraft\Instances\testy (1)\cache\immersiverailroading\models.rolling_stock.passenger.sbb_rabe_511_ab2.sbb_rabe_511_ab2.obj_heightmap_617561900
[12:52:08] [Worker-Main-24/WARN]: Removing file cache entry: C:\Users\bastelkorb\curseforge\minecraft\Instances\testy (1)\cache\immersiverailroading\models.rolling_stock.passenger.sbb_rabe_511_ab5.sbb_rabe_511_ab5.obj_heightmap_1922647957
[12:52:08] [Worker-Main-24/WARN]: Removing file cache entry: C:\Users\bastelkorb\curseforge\minecraft\Instances\testy (1)\cache\immersiverailroading\models.rolling_stock.passenger.sbb_rabe_511_b3.sbb_rabe_511_b3.obj_heightmap_.802269135
[12:52:08] [Worker-Main-24/WARN]: Removing file cache entry: C:\Users\bastelkorb\curseforge\minecraft\Instances\testy (1)\cache\immersiverailroading\models.rolling_stock.passenger.sbb_rabe_511_b4.sbb_rabe_511_b4.obj_heightmap_2028202729
[12:52:08] [Worker-Main-24/WARN]: Removing file cache entry: C:\Users\bastelkorb\curseforge\minecraft\Instances\testy (1)\cache\immersiverailroading\models.rolling_stock.passenger.sbb_wrm.sbb_wrm.obj_heightmap_1841927219
[12:52:08] [Worker-Main-24/WARN]: Removing file cache entry: C:\Users\bastelkorb\curseforge\minecraft\Instances\testy (1)\cache\immersiverailroading\models.rolling_stock.passenger.secondclass.secondclass.obj_heightmap_.1281098188
[12:52:08] [Worker-Main-24/WARN]: Removing file cache entry: C:\Users\bastelkorb\curseforge\minecraft\Instances\testy (1)\cache\immersiverailroading\models.rolling_stock.passenger.sltab.sltab.obj_heightmap_1264377982
[12:52:08] [Worker-Main-24/WARN]: Removing file cache entry: C:\Users\bastelkorb\curseforge\minecraft\Instances\testy (1)\cache\immersiverailroading\models.rolling_stock.passenger.sltb1.sltb1.obj_heightmap_801644409
[12:52:08] [Worker-Main-24/WARN]: Removing file cache entry: C:\Users\bastelkorb\curseforge\minecraft\Instances\testy (1)\cache\immersiverailroading\models.rolling_stock.passenger.sltb2.sltb2.obj_heightmap_.1960804282
[12:52:08] [Worker-Main-24/WARN]: Removing file cache entry: C:\Users\bastelkorb\curseforge\minecraft\Instances\testy (1)\cache\immersiverailroading\models.rolling_stock.passenger.sltl.sltl.obj_heightmap_.841722783
[12:52:08] [Worker-Main-24/WARN]: Removing file cache entry: C:\Users\bastelkorb\curseforge\minecraft\Instances\testy (1)\cache\immersiverailroading\models.rolling_stock.passenger.sltmb.sltmb.obj_heightmap_846212334
[12:52:08] [Worker-Main-24/WARN]: Removing file cache entry: C:\Users\bastelkorb\curseforge\minecraft\Instances\testy (1)\cache\immersiverailroading\models.rolling_stock.passenger.sngb.sngb.obj_heightmap_273084103
[12:52:08] [Worker-Main-24/WARN]: Removing file cache entry: C:\Users\bastelkorb\curseforge\minecraft\Instances\testy (1)\cache\immersiverailroading\models.rolling_stock.passenger.sob_flirt3_2.sob_flirt3_2.obj_heightmap_.820118173
[12:52:08] [Worker-Main-24/WARN]: Removing file cache entry: C:\Users\bastelkorb\curseforge\minecraft\Instances\testy (1)\cache\immersiverailroading\models.rolling_stock.passenger.sob_flirt3_3.sob_flirt3_3.obj_heightmap_71520939
[12:52:08] [Worker-Main-24/WARN]: Removing file cache entry: C:\Users\bastelkorb\curseforge\minecraft\Instances\testy (1)\cache\immersiverailroading\models.rolling_stock.passenger.sob_traverso_2.sob_traverso_2.obj_heightmap_.965736777
[12:52:08] [Worker-Main-24/WARN]: Removing file cache entry: C:\Users\bastelkorb\curseforge\minecraft\Instances\testy (1)\cache\immersiverailroading\models.rolling_stock.passenger.sob_traverso_3.sob_traverso_3.obj_heightmap_.469831293
[12:52:08] [Worker-Main-24/WARN]: Removing file cache entry: C:\Users\bastelkorb\curseforge\minecraft\Instances\testy (1)\cache\immersiverailroading\models.rolling_stock.passenger.sob_traverso_6.sob_traverso_6.obj_heightmap_2093946521
[12:52:08] [Worker-Main-24/WARN]: Removing file cache entry: C:\Users\bastelkorb\curseforge\minecraft\Instances\testy (1)\cache\immersiverailroading\models.rolling_stock.passenger.sob_traverso_7.sob_traverso_7.obj_heightmap_.933373400
[12:52:08] [Worker-Main-24/WARN]: Removing file cache entry: C:\Users\bastelkorb\curseforge\minecraft\Instances\testy (1)\cache\immersiverailroading\models.rolling_stock.passenger.sorefameregional1.sorefameregional1.obj_heightmap_.1498380935
[12:52:08] [Worker-Main-24/WARN]: Removing file cache entry: C:\Users\bastelkorb\curseforge\minecraft\Instances\testy (1)\cache\immersiverailroading\models.rolling_stock.passenger.sorefameregional2.sorefameregional2.obj_heightmap_2127941959
[12:52:08] [Worker-Main-24/WARN]: Removing file cache entry: C:\Users\bastelkorb\curseforge\minecraft\Instances\testy (1)\cache\immersiverailroading\models.rolling_stock.passenger.thurbo_rabe_526_7_b4.thurbo_rabe_526_7_b4.obj_heightmap_1616264500
[12:52:08] [Worker-Main-24/WARN]: Removing file cache entry: C:\Users\bastelkorb\curseforge\minecraft\Instances\testy (1)\cache\immersiverailroading\models.rolling_stock.passenger.tram20001bkrear.tram20001bkrear.obj_heightmap_198368046
[12:52:08] [Worker-Main-24/WARN]: Removing file cache entry: C:\Users\bastelkorb\curseforge\minecraft\Instances\testy (1)\cache\immersiverailroading\models.rolling_stock.passenger.tram20001rear.tram20001rear.obj_heightmap_1143286662
[12:52:08] [Worker-Main-24/WARN]: Removing file cache entry: C:\Users\bastelkorb\curseforge\minecraft\Instances\testy (1)\cache\immersiverailroading\models.rolling_stock.passenger.tram20002rear.tram20002rear.obj_heightmap_232115539
[12:52:08] [Worker-Main-24/WARN]: Removing file cache entry: C:\Users\bastelkorb\curseforge\minecraft\Instances\testy (1)\cache\immersiverailroading\models.rolling_stock.passenger.tram20003middle.tram20003middle.obj_heightmap_1808796769
[12:52:08] [Worker-Main-24/WARN]: Removing file cache entry: C:\Users\bastelkorb\curseforge\minecraft\Instances\testy (1)\cache\immersiverailroading\models.rolling_stock.passenger.tram20003rear.tram20003rear.obj_heightmap_.63049401
[12:52:08] [Worker-Main-24/WARN]: Removing file cache entry: C:\Users\bastelkorb\curseforge\minecraft\Instances\testy (1)\cache\immersiverailroading\models.rolling_stock.passenger.tram2000bogie.tram2000bogie.obj_heightmap_1693759496
[12:52:08] [Worker-Main-24/WARN]: Removing file cache entry: C:\Users\bastelkorb\curseforge\minecraft\Instances\testy (1)\cache\immersiverailroading\models.rolling_stock.passenger.tri_dbpza_751.tri_dbpza_751.obj_heightmap_.535971022
[12:52:08] [Worker-Main-24/WARN]: Removing file cache entry: C:\Users\bastelkorb\curseforge\minecraft\Instances\testy (1)\cache\immersiverailroading\models.rolling_stock.passenger.umbauwagen.db_ab3yg.obj_heightmap_263902857
[12:52:08] [Worker-Main-24/WARN]: Removing file cache entry: C:\Users\bastelkorb\curseforge\minecraft\Instances\testy (1)\cache\immersiverailroading\models.rolling_stock.passenger.umbauwagen.db_b3yg.obj_heightmap_30972531
[12:52:08] [Worker-Main-24/WARN]: Removing file cache entry: C:\Users\bastelkorb\curseforge\minecraft\Instances\testy (1)\cache\immersiverailroading\models.rolling_stock.passenger.umbauwagen.db_bd3yg.obj_heightmap_2139320255
[12:52:08] [Worker-Main-24/WARN]: Removing file cache entry: C:\Users\bastelkorb\curseforge\minecraft\Instances\testy (1)\cache\immersiverailroading\models.rolling_stock.passenger.umbauwagen.db_bd3yge.obj_heightmap_1703104094
[12:52:08] [Worker-Main-24/WARN]: Removing file cache entry: C:\Users\bastelkorb\curseforge\minecraft\Instances\testy (1)\cache\immersiverailroading\models.rolling_stock.passenger.uppcars.uppcars.obj_heightmap_158629418
[12:52:08] [Worker-Main-24/WARN]: Removing file cache entry: C:\Users\bastelkorb\curseforge\minecraft\Instances\testy (1)\cache\immersiverailroading\models.rolling_stock.passenger.vbg2.vbg2.obj_heightmap_1246546241
[12:52:08] [Worker-Main-24/WARN]: Removing file cache entry: C:\Users\bastelkorb\curseforge\minecraft\Instances\testy (1)\cache\immersiverailroading\models.rolling_stock.passenger.vbg3.vbg3.obj_heightmap_1793490269
[12:52:08] [Worker-Main-24/WARN]: Removing file cache entry: C:\Users\bastelkorb\curseforge\minecraft\Instances\testy (1)\cache\immersiverailroading\models.rolling_stock.passenger.vbg4.vbg4.obj_heightmap_1525170541
[12:52:08] [Worker-Main-24/WARN]: Removing file cache entry: C:\Users\bastelkorb\curseforge\minecraft\Instances\testy (1)\cache\immersiverailroading\models.rolling_stock.passenger.vbg5.vbg5.obj_heightmap_2079805892
[12:52:08] [Worker-Main-24/WARN]: Removing file cache entry: C:\Users\bastelkorb\curseforge\minecraft\Instances\testy (1)\cache\immersiverailroading\models.rolling_stock.passenger.vbgbellow.vbgbellow.obj_heightmap_173583361
[12:52:08] [Worker-Main-24/WARN]: Removing file cache entry: C:\Users\bastelkorb\curseforge\minecraft\Instances\testy (1)\cache\immersiverailroading\models.rolling_stock.passenger.virmmabv3.4.virmmabv3.4.obj_heightmap_.613402290
[12:52:08] [Worker-Main-24/WARN]: Removing file cache entry: C:\Users\bastelkorb\curseforge\minecraft\Instances\testy (1)\cache\immersiverailroading\models.rolling_stock.passenger.virmmabv5.virmmabv5.obj_heightmap_672771315
[12:52:08] [Worker-Main-24/WARN]: Removing file cache entry: C:\Users\bastelkorb\curseforge\minecraft\Instances\testy (1)\cache\immersiverailroading\models.rolling_stock.passenger.virmmabv6.virmmabv6.obj_heightmap_503810938
[12:52:08] [Worker-Main-24/WARN]: Removing file cache entry: C:\Users\bastelkorb\curseforge\minecraft\Instances\testy (1)\cache\immersiverailroading\models.rolling_stock.passenger.vtua10.vtua10.obj_heightmap_.1647707384
[12:52:08] [Worker-Main-24/WARN]: Removing file cache entry: C:\Users\bastelkorb\curseforge\minecraft\Instances\testy (1)\cache\immersiverailroading\models.rolling_stock.passenger.wcb61848870.wcb61848870.obj_heightmap_502284374
[12:52:08] [Worker-Main-24/WARN]: Removing file cache entry: C:\Users\bastelkorb\curseforge\minecraft\Instances\testy (1)\cache\immersiverailroading\models.rolling_stock.passenger.wr6501.wr6501.obj_heightmap_.1800248808
[12:52:08] [Worker-Main-24/WARN]: Removing file cache entry: C:\Users\bastelkorb\curseforge\minecraft\Instances\testy (1)\cache\immersiverailroading\models.rolling_stock.tender.20.c_800.20.c_800.obj_heightmap_.314525674
[12:52:08] [Worker-Main-24/WARN]: Removing file cache entry: C:\Users\bastelkorb\curseforge\minecraft\Instances\testy (1)\cache\immersiverailroading\models.rolling_stock.tender.23.c_800.23.c_800.obj_heightmap_.1934237869
[12:52:08] [Worker-Main-24/WARN]: Removing file cache entry: C:\Users\bastelkorb\curseforge\minecraft\Instances\testy (1)\cache\immersiverailroading\models.rolling_stock.tender.23.c_800_gh.23.c_800_gh.obj_heightmap_.136978797
[12:52:08] [Worker-Main-24/WARN]: Removing file cache entry: C:\Users\bastelkorb\curseforge\minecraft\Instances\testy (1)\cache\immersiverailroading\models.rolling_stock.tender.24.gte.24.gte.obj_heightmap_487858733
[12:52:08] [Worker-Main-24/WARN]: Removing file cache entry: C:\Users\bastelkorb\curseforge\minecraft\Instances\testy (1)\cache\immersiverailroading\models.rolling_stock.tender.25.c_4005.25.c_4005.obj_heightmap_.513495119
[12:52:08] [Worker-Main-24/WARN]: Removing file cache entry: C:\Users\bastelkorb\curseforge\minecraft\Instances\testy (1)\cache\immersiverailroading\models.rolling_stock.tender.25.c_4014.25.c_4014.obj_heightmap_.2144683723
[12:52:08] [Worker-Main-24/WARN]: Removing file cache entry: C:\Users\bastelkorb\curseforge\minecraft\Instances\testy (1)\cache\immersiverailroading\models.rolling_stock.tender.upp809.upp809.obj_heightmap_.2017439000
[12:52:08] [Worker-Main-24/WARN]: Removing file cache entry: C:\Users\bastelkorb\curseforge\minecraft\Instances\testy (1)\cache\immersiverailroading\models.rolling_stock.tender.upp814.upp814.obj_heightmap_1535290313
[12:52:08] [Worker-Main-24/WARN]: Removing file cache entry: C:\Users\bastelkorb\curseforge\minecraft\Instances\testy (1)\cache\immersiverailroading\rolling_stock.freight.buffer.json_17f386477aa3805c59a8fdda820414d1__sprite128.raw
[12:52:08] [Worker-Main-24/WARN]: Removing file cache entry: C:\Users\bastelkorb\curseforge\minecraft\Instances\testy (1)\cache\immersiverailroading\rolling_stock.freight.bufferzh.json_1fe59cbf6e54f7bf095c75d5dd2f3e2a__sprite128.raw
[12:52:08] [Worker-Main-24/WARN]: Removing file cache entry: C:\Users\bastelkorb\curseforge\minecraft\Instances\testy (1)\cache\immersiverailroading\rolling_stock.freight.bufferzhextension.json_7bf9fe3d6b3475d1f1a9bb0f21f987b8__sprite128.raw
[12:52:08] [Worker-Main-24/WARN]: Removing file cache entry: C:\Users\bastelkorb\curseforge\minecraft\Instances\testy (1)\cache\immersiverailroading\rolling_stock.freight.cp_ekklo_40s.json_bb7be6d3d1b46412f593b8a00e5231d1__sprite128.raw
[12:52:08] [Worker-Main-24/WARN]: Removing file cache entry: C:\Users\bastelkorb\curseforge\minecraft\Instances\testy (1)\cache\immersiverailroading\rolling_stock.freight.cp_sgnss.json_fc6c74645078f73f27fcac7d54267ba9__sprite128.raw
[12:52:08] [Worker-Main-24/WARN]: Removing file cache entry: C:\Users\bastelkorb\curseforge\minecraft\Instances\testy (1)\cache\immersiverailroading\rolling_stock.freight.dbp_post_2_ss.t13.json_ce4adfcb06ac00d36097c6de478faa6a__sprite128.raw
[12:52:08] [Worker-Main-24/WARN]: Removing file cache entry: C:\Users\bastelkorb\curseforge\minecraft\Instances\testy (1)\cache\immersiverailroading\rolling_stock.freight.db_cargo_hbbills_308.json_5b8e876e5c44d97db0a921e2d03745c8__sprite128.raw
[12:52:08] [Worker-Main-24/WARN]: Removing file cache entry: C:\Users\bastelkorb\curseforge\minecraft\Instances\testy (1)\cache\immersiverailroading\rolling_stock.freight.db_cargo_hbbins_306.json_691d16cbe7e74bbca702b2fbdb70e58c__sprite128.raw
[12:52:08] [Worker-Main-24/WARN]: Removing file cache entry: C:\Users\bastelkorb\curseforge\minecraft\Instances\testy (1)\cache\immersiverailroading\rolling_stock.freight.db_cargo_laaeffrs_561.1.json_f30d3d01ad9f9d43fed4b70f8b7b31da__sprite128.raw
[12:52:08] [Worker-Main-24/WARN]: Removing file cache entry: C:\Users\bastelkorb\curseforge\minecraft\Instances\testy (1)\cache\immersiverailroading\rolling_stock.freight.db_cargo_laaeffrs_561.2.json_602a25e0b888592069296144d51320be__sprite128.raw
[12:52:08] [Worker-Main-24/WARN]: Removing file cache entry: C:\Users\bastelkorb\curseforge\minecraft\Instances\testy (1)\cache\immersiverailroading\rolling_stock.freight.db_glmms_61.hb.json_2b32dfcc5d97f1a51dcc4337c82a0ad9__sprite128.raw
[12:52:08] [Worker-Main-24/WARN]: Removing file cache entry: C:\Users\bastelkorb\curseforge\minecraft\Instances\testy (1)\cache\immersiverailroading\rolling_stock.freight.db_glmms_61.json_f08f5cec2d811bfb51082b15f35453a4__sprite128.raw
[12:52:08] [Worker-Main-24/WARN]: Removing file cache entry: C:\Users\bastelkorb\curseforge\minecraft\Instances\testy (1)\cache\immersiverailroading\rolling_stock.freight.db_gmms_60.hb.json_e66b0be81849afe34ee50753ac35035d__sprite128.raw
[12:52:08] [Worker-Main-24/WARN]: Removing file cache entry: C:\Users\bastelkorb\curseforge\minecraft\Instances\testy (1)\cache\immersiverailroading\rolling_stock.freight.db_gmms_60.json_352342f549075922630dda3e1bb46f21__sprite128.raw
[12:52:08] [Worker-Main-24/WARN]: Removing file cache entry: C:\Users\bastelkorb\curseforge\minecraft\Instances\testy (1)\cache\immersiverailroading\rolling_stock.freight.db_kds_54.hb.json_5f3e2cdd286d8b26ff74390664aae463__sprite128.raw
[12:52:08] [Worker-Main-24/WARN]: Removing file cache entry: C:\Users\bastelkorb\curseforge\minecraft\Instances\testy (1)\cache\immersiverailroading\rolling_stock.freight.db_kds_54.json_3c2d3d68a5a80d225cc175be9e3502c6__sprite128.raw
[12:52:08] [Worker-Main-24/WARN]: Removing file cache entry: C:\Users\bastelkorb\curseforge\minecraft\Instances\testy (1)\cache\immersiverailroading\rolling_stock.freight.db_omm_55.hb.json_b571c71f435d899a01643d9c238af24a__sprite128.raw
[12:52:08] [Worker-Main-24/WARN]: Removing file cache entry: C:\Users\bastelkorb\curseforge\minecraft\Instances\testy (1)\cache\immersiverailroading\rolling_stock.freight.db_omm_55.json_6b1b7e4fdd9804c1d504edd7aca5b6e0__sprite128.raw
[12:52:08] [Worker-Main-24/WARN]: Removing file cache entry: C:\Users\bastelkorb\curseforge\minecraft\Instances\testy (1)\cache\immersiverailroading\rolling_stock.freight.eanos.json_7102f38413984dc72bf6c03739abb45e__sprite128.raw
[12:52:08] [Worker-Main-24/WARN]: Removing file cache entry: C:\Users\bastelkorb\curseforge\minecraft\Instances\testy (1)\cache\immersiverailroading\rolling_stock.freight.facnps_48.json_fddacf0ee59cf6f8e5c4d9230e2ad050__sprite128.raw
[12:52:08] [Worker-Main-24/WARN]: Removing file cache entry: C:\Users\bastelkorb\curseforge\minecraft\Instances\testy (1)\cache\immersiverailroading\rolling_stock.freight.falns121.json_0d292e0d82335a97b27d93f77f59c172__sprite128.raw
[12:52:08] [Worker-Main-24/WARN]: Removing file cache entry: C:\Users\bastelkorb\curseforge\minecraft\Instances\testy (1)\cache\immersiverailroading\rolling_stock.freight.franz.json_5c8a14fe7e1e1762cca7eab8c3fd8e27__sprite128.raw
[12:52:08] [Worker-Main-24/WARN]: Removing file cache entry: C:\Users\bastelkorb\curseforge\minecraft\Instances\testy (1)\cache\immersiverailroading\rolling_stock.freight.gondola.json_80757e6642dbb3fceec099a54332bb2b__sprite128.raw
[12:52:08] [Worker-Main-24/WARN]: Removing file cache entry: C:\Users\bastelkorb\curseforge\minecraft\Instances\testy (1)\cache\immersiverailroading\rolling_stock.freight.hbbillnss.json_3ec0205fd9b56247a7644877e8fde69e__sprite128.raw
[12:52:08] [Worker-Main-24/WARN]: Removing file cache entry: C:\Users\bastelkorb\curseforge\minecraft\Instances\testy (1)\cache\immersiverailroading\rolling_stock.freight.hupac_t3000e_a.json_c40a1cf717afb6cc7fb4342dcb66983a__sprite128.raw
[12:52:08] [Worker-Main-24/WARN]: Removing file cache entry: C:\Users\bastelkorb\curseforge\minecraft\Instances\testy (1)\cache\immersiverailroading\rolling_stock.freight.hupac_t3000e_b.json_bd110981fb75cf6a4624f75d506e3326__sprite128.raw
[12:52:08] [Worker-Main-24/WARN]: Removing file cache entry: C:\Users\bastelkorb\curseforge\minecraft\Instances\testy (1)\cache\immersiverailroading\rolling_stock.freight.ip_buffer_metal.json_537669df6d33e948d394d73c84f92dcd__sprite128.raw
[12:52:08] [Worker-Main-24/WARN]: Removing file cache entry: C:\Users\bastelkorb\curseforge\minecraft\Instances\testy (1)\cache\immersiverailroading\rolling_stock.freight.laeks427_1.json_4f3a25a1c30b28bd4be4d787f99f067a__sprite128.raw
[12:52:08] [Worker-Main-24/WARN]: Removing file cache entry: C:\Users\bastelkorb\curseforge\minecraft\Instances\testy (1)\cache\immersiverailroading\rolling_stock.freight.laeks427_2.json_ca3b02536a53620a74d5507325ca4f1b__sprite128.raw
[12:52:08] [Worker-Main-24/WARN]: Removing file cache entry: C:\Users\bastelkorb\curseforge\minecraft\Instances\testy (1)\cache\immersiverailroading\rolling_stock.freight.ns_ubcs_3830.json_523ca0e8101488df35ce948f0dd58d3a__sprite128.raw
[12:52:08] [Worker-Main-24/WARN]: Removing file cache entry: C:\Users\bastelkorb\curseforge\minecraft\Instances\testy (1)\cache\immersiverailroading\rolling_stock.freight.railion_habbiins_344.json_9573c4266554fa6f46964dd27c2929d0__sprite128.raw
[12:52:08] [Worker-Main-24/WARN]: Removing file cache entry: C:\Users\bastelkorb\curseforge\minecraft\Instances\testy (1)\cache\immersiverailroading\rolling_stock.freight.rawie_type_6.json_5138af08df5380f70bc41e9825bcbf5c__sprite128.raw
[12:52:08] [Worker-Main-24/WARN]: Removing file cache entry: C:\Users\bastelkorb\curseforge\minecraft\Instances\testy (1)\cache\immersiverailroading\rolling_stock.freight.rawie_typ_4_modern.json_98e52f3068d6053e28ea640fa1730223__sprite128.raw
[12:52:08] [Worker-Main-24/WARN]: Removing file cache entry: C:\Users\bastelkorb\curseforge\minecraft\Instances\testy (1)\cache\immersiverailroading\rolling_stock.freight.rawie_typ_4_wood1.json_3bf114bf142fbcca4f9d8037ca81ccb4__sprite128.raw
[12:52:08] [Worker-Main-24/WARN]: Removing file cache entry: C:\Users\bastelkorb\curseforge\minecraft\Instances\testy (1)\cache\immersiverailroading\rolling_stock.freight.rawie_typ_4_wood1_rust.json_38fdf20d5d9927fafc5fc4e9cbab3f1b__sprite128.raw
[12:52:08] [Worker-Main-24/WARN]: Removing file cache entry: C:\Users\bastelkorb\curseforge\minecraft\Instances\testy (1)\cache\immersiverailroading\rolling_stock.freight.rawie_typ_4_wood2.json_d01cb4fc07d5e873b84d3093a1b9ccc4__sprite128.raw
[12:52:08] [Worker-Main-24/WARN]: Removing file cache entry: C:\Users\bastelkorb\curseforge\minecraft\Instances\testy (1)\cache\immersiverailroading\rolling_stock.freight.rommenhoeller.json_43643ea6b56f449aab5e61ccbcdfac0d__sprite128.raw
[12:52:08] [Worker-Main-24/WARN]: Removing file cache entry: C:\Users\bastelkorb\curseforge\minecraft\Instances\testy (1)\cache\immersiverailroading\rolling_stock.freight.sahmms709_okd.json_8b7a94342725a726f08fab24cb3b83fc__sprite128.raw
[12:52:08] [Worker-Main-24/WARN]: Removing file cache entry: C:\Users\bastelkorb\curseforge\minecraft\Instances\testy (1)\cache\immersiverailroading\rolling_stock.freight.sahmmst709_graaff.json_912ed6c3e08ea53878cab831cc2e325e__sprite128.raw
[12:52:08] [Worker-Main-24/WARN]: Removing file cache entry: C:\Users\bastelkorb\curseforge\minecraft\Instances\testy (1)\cache\immersiverailroading\rolling_stock.freight.samms709_graaff.json_382332e78abc4ae55b2163b6a047fb06__sprite128.raw
[12:52:08] [Worker-Main-24/WARN]: Removing file cache entry: C:\Users\bastelkorb\curseforge\minecraft\Instances\testy (1)\cache\immersiverailroading\rolling_stock.freight.samms709_lhb.json_1e5565135354bb5ae57df76249117be8__sprite128.raw
[12:52:08] [Worker-Main-24/WARN]: Removing file cache entry: C:\Users\bastelkorb\curseforge\minecraft\Instances\testy (1)\cache\immersiverailroading\rolling_stock.freight.samms710.json_f105cd8a4135c92e13394cc2b7bc9cd2__sprite128.raw
[12:52:08] [Worker-Main-24/WARN]: Removing file cache entry: C:\Users\bastelkorb\curseforge\minecraft\Instances\testy (1)\cache\immersiverailroading\rolling_stock.freight.sggnss_80_xl.json_9d81418fcf682273bb90fd9af50e95d6__sprite128.raw
[12:52:08] [Worker-Main-24/WARN]: Removing file cache entry: C:\Users\bastelkorb\curseforge\minecraft\Instances\testy (1)\cache\immersiverailroading\rolling_stock.freight.sggrs716_1.json_13f479b4b1d4cd9a123c687430da1da0__sprite128.raw
[12:52:08] [Worker-Main-24/WARN]: Removing file cache entry: C:\Users\bastelkorb\curseforge\minecraft\Instances\testy (1)\cache\immersiverailroading\rolling_stock.freight.sggrs716_2.json_66f0df45900c61cc5c24d4d361effbb0__sprite128.raw
[12:52:08] [Worker-Main-24/WARN]: Removing file cache entry: C:\Users\bastelkorb\curseforge\minecraft\Instances\testy (1)\cache\immersiverailroading\rolling_stock.freight.tagnppssbbcargo.json_1a75559a5ad423368090671d026cd7d2__sprite128.raw
[12:52:08] [Worker-Main-24/WARN]: Removing file cache entry: C:\Users\bastelkorb\curseforge\minecraft\Instances\testy (1)\cache\immersiverailroading\rolling_stock.freight.tagnppszucker.json_d632764fcea914dd42c5b7a193ae2e97__sprite128.raw
[12:52:08] [Worker-Main-24/WARN]: Removing file cache entry: C:\Users\bastelkorb\curseforge\minecraft\Instances\testy (1)\cache\immersiverailroading\rolling_stock.freight.uacns932_holcim.json_c2d193b42332c45a208d91f0c7e386db__sprite128.raw
[12:52:08] [Worker-Main-24/WARN]: Removing file cache entry: C:\Users\bastelkorb\curseforge\minecraft\Instances\testy (1)\cache\immersiverailroading\rolling_stock.freight.wellcar_53.json_6ac7a025d69bafda6fae934dc9b1e5d5__sprite128.raw
[12:52:08] [Worker-Main-24/WARN]: Removing file cache entry: C:\Users\bastelkorb\curseforge\minecraft\Instances\testy (1)\cache\immersiverailroading\rolling_stock.hand_car.draisine.json_9220850e09c9a66fdaf35d907cf1ce10__sprite128.raw
[12:52:08] [Worker-Main-24/WARN]: Removing file cache entry: C:\Users\bastelkorb\curseforge\minecraft\Instances\testy (1)\cache\immersiverailroading\rolling_stock.locomotives.a3501.json_9fb8326ac521d2126aeb437b43f77274__sprite128.raw
[12:52:08] [Worker-Main-24/WARN]: Removing file cache entry: C:\Users\bastelkorb\curseforge\minecraft\Instances\testy (1)\cache\immersiverailroading\rolling_stock.locomotives.acs.json_7a12a6b1e89c7186d10c09e8edf18062__sprite128.raw
[12:52:08] [Worker-Main-24/WARN]: Removing file cache entry: C:\Users\bastelkorb\curseforge\minecraft\Instances\testy (1)\cache\immersiverailroading\rolling_stock.locomotives.alco_s.4.json_8c722ba0e8355e2d84ab6b0e525c5e1a__sprite128.raw
[12:52:08] [Worker-Main-24/WARN]: Removing file cache entry: C:\Users\bastelkorb\curseforge\minecraft\Instances\testy (1)\cache\immersiverailroading\rolling_stock.locomotives.am843bls.json_34e841bc2def7e42a5ba74116be21e12__sprite128.raw
[12:52:08] [Worker-Main-24/WARN]: Removing file cache entry: C:\Users\bastelkorb\curseforge\minecraft\Instances\testy (1)\cache\immersiverailroading\rolling_stock.locomotives.am843sbb.json_ba52e17383f2db0179cd5edc837e93be__sprite128.raw
[12:52:08] [Worker-Main-24/WARN]: Removing file cache entry: C:\Users\bastelkorb\curseforge\minecraft\Instances\testy (1)\cache\immersiverailroading\rolling_stock.locomotives.am843sbbcargo.json_6ff69f82a24be26cee49ca76478c8e88__sprite128.raw
[12:52:08] [Worker-Main-24/WARN]: Removing file cache entry: C:\Users\bastelkorb\curseforge\minecraft\Instances\testy (1)\cache\immersiverailroading\rolling_stock.locomotives.am843sbbinfra.json_f4223c30fa176556838518a185fc9b31__sprite128.raw
[12:52:08] [Worker-Main-24/WARN]: Removing file cache entry: C:\Users\bastelkorb\curseforge\minecraft\Instances\testy (1)\cache\immersiverailroading\rolling_stock.locomotives.am843sersa.json_1ef8040cbdd022cf749a4c863d93ebae__sprite128.raw
[12:52:08] [Worker-Main-24/WARN]: Removing file cache entry: C:\Users\bastelkorb\curseforge\minecraft\Instances\testy (1)\cache\immersiverailroading\rolling_stock.locomotives.at1514.json_b921d0fe5c15df0ea4364da7698db350__sprite128.raw
[12:52:08] [Worker-Main-24/WARN]: Removing file cache entry: C:\Users\bastelkorb\curseforge\minecraft\Instances\testy (1)\cache\immersiverailroading\rolling_stock.locomotives.at2501.json_672b10e4ac0ef43aa9b75d5ace7f76da__sprite128.raw
[12:52:08] [Worker-Main-24/WARN]: Removing file cache entry: C:\Users\bastelkorb\curseforge\minecraft\Instances\testy (1)\cache\immersiverailroading\rolling_stock.locomotives.b80dback.json_65726b6cd4b13226e961b2d80b07766e__sprite128.raw
[12:52:08] [Worker-Main-24/WARN]: Removing file cache entry: C:\Users\bastelkorb\curseforge\minecraft\Instances\testy (1)\cache\immersiverailroading\rolling_stock.locomotives.b80dfront.json_56374d884e6b32e17a5cc257eade5557__sprite128.raw
[12:52:08] [Worker-Main-24/WARN]: Removing file cache entry: C:\Users\bastelkorb\curseforge\minecraft\Instances\testy (1)\cache\immersiverailroading\rolling_stock.locomotives.b9501.json_32970aaa0b7b9ef566c0e2c6865f176b__sprite128.raw
[12:52:08] [Worker-Main-24/WARN]: Removing file cache entry: C:\Users\bastelkorb\curseforge\minecraft\Instances\testy (1)\cache\immersiverailroading\rolling_stock.locomotives.bb8500beton.json_4d84035340a21bca55d9b641fd4248db__sprite128.raw
[12:52:08] [Worker-Main-24/WARN]: Removing file cache entry: C:\Users\bastelkorb\curseforge\minecraft\Instances\testy (1)\cache\immersiverailroading\rolling_stock.locomotives.bb8500fret.json_6f2b9bef9c6d4e02640804993e83c41f__sprite128.raw
[12:52:08] [Worker-Main-24/WARN]: Removing file cache entry: C:\Users\bastelkorb\curseforge\minecraft\Instances\testy (1)\cache\immersiverailroading\rolling_stock.locomotives.bb8500verte.json_8a1654290032389bb362c4b3f03b3fcb__sprite128.raw
[12:52:08] [Worker-Main-24/WARN]: Removing file cache entry: C:\Users\bastelkorb\curseforge\minecraft\Instances\testy (1)\cache\immersiverailroading\rolling_stock.locomotives.bbg_br_232.673.json_711b773a3a3257f5adb0e179b7b47595__sprite128.raw
[12:52:08] [Worker-Main-24/WARN]: Removing file cache entry: C:\Users\bastelkorb\curseforge\minecraft\Instances\testy (1)\cache\immersiverailroading\rolling_stock.locomotives.bigboy.json_139537ffb1fde19acf8dc65e244cd77b__sprite128.raw
[12:52:08] [Worker-Main-24/WARN]: Removing file cache entry: C:\Users\bastelkorb\curseforge\minecraft\Instances\testy (1)\cache\immersiverailroading\rolling_stock.locomotives.bnrbdzf480.json_95eb41d00e8e7e19a9c04b46f156953e__sprite128.raw
[12:52:08] [Worker-Main-24/WARN]: Removing file cache entry: C:\Users\bastelkorb\curseforge\minecraft\Instances\testy (1)\cache\immersiverailroading\rolling_stock.locomotives.br103.json_ca9b1e92258af71dcee0a1d9d747fd0c__sprite128.raw
[12:52:08] [Worker-Main-24/WARN]: Removing file cache entry: C:\Users\bastelkorb\curseforge\minecraft\Instances\testy (1)\cache\immersiverailroading\rolling_stock.locomotives.br143.json_00fac4e09a72bae05ccf148b0d456466__sprite128.raw
[12:52:08] [Worker-Main-24/WARN]: Removing file cache entry: C:\Users\bastelkorb\curseforge\minecraft\Instances\testy (1)\cache\immersiverailroading\rolling_stock.locomotives.br146.json_36f22a54f45a7022ac16df10b0570514__sprite128.raw
[12:52:08] [Worker-Main-24/WARN]: Removing file cache entry: C:\Users\bastelkorb\curseforge\minecraft\Instances\testy (1)\cache\immersiverailroading\rolling_stock.locomotives.br185.json_0191bb71ea2ae6822160db5092bf6640__sprite128.raw
[12:52:08] [Worker-Main-24/WARN]: Removing file cache entry: C:\Users\bastelkorb\curseforge\minecraft\Instances\testy (1)\cache\immersiverailroading\rolling_stock.locomotives.br218.json_cdc8a520fc7f5004166f1f5417506b6f__sprite128.raw
[12:52:08] [Worker-Main-24/WARN]: Removing file cache entry: C:\Users\bastelkorb\curseforge\minecraft\Instances\testy (1)\cache\immersiverailroading\rolling_stock.locomotives.br401.json_8fea2fce3df315fd230f792af0b8f104__sprite128.raw
[12:52:08] [Worker-Main-24/WARN]: Removing file cache entry: C:\Users\bastelkorb\curseforge\minecraft\Instances\testy (1)\cache\immersiverailroading\rolling_stock.locomotives.br4070.json_b2a9b56ce79e338955a0dceb8a44b991__sprite128.raw
[12:52:08] [Worker-Main-24/WARN]: Removing file cache entry: C:\Users\bastelkorb\curseforge\minecraft\Instances\testy (1)\cache\immersiverailroading\rolling_stock.locomotives.br4070g.json_f5b5178f4c79537c7cc51d8d2980bc52__sprite128.raw
[12:52:08] [Worker-Main-24/WARN]: Removing file cache entry: C:\Users\bastelkorb\curseforge\minecraft\Instances\testy (1)\cache\immersiverailroading\rolling_stock.locomotives.br4075.json_e0cd12225329edaab50d84bc71340a53__sprite128.raw
[12:52:08] [Worker-Main-24/WARN]: Removing file cache entry: C:\Users\bastelkorb\curseforge\minecraft\Instances\testy (1)\cache\immersiverailroading\rolling_stock.locomotives.br4075g.json_11290b51d0cae9411ba3b54b9e13d133__sprite128.raw
[12:52:08] [Worker-Main-24/WARN]: Removing file cache entry: C:\Users\bastelkorb\curseforge\minecraft\Instances\testy (1)\cache\immersiverailroading\rolling_stock.locomotives.br481.json_ae6f1e1b42be929d7127b9c478ffc0d9__sprite128.raw
[12:52:08] [Worker-Main-24/WARN]: Removing file cache entry: C:\Users\bastelkorb\curseforge\minecraft\Instances\testy (1)\cache\immersiverailroading\rolling_stock.locomotives.br484a.json_5fbdfa7ae868da504ecafad75dee681e__sprite128.raw
[12:52:08] [Worker-Main-24/WARN]: Removing file cache entry: C:\Users\bastelkorb\curseforge\minecraft\Instances\testy (1)\cache\immersiverailroading\rolling_stock.locomotives.br484b.json_e33a041e165c0aee01b1ae01cbdd2c28__sprite128.raw
[12:52:08] [Worker-Main-24/WARN]: Removing file cache entry: C:\Users\bastelkorb\curseforge\minecraft\Instances\testy (1)\cache\immersiverailroading\rolling_stock.locomotives.bt1501.json_2a0536f397654029969981af5787493b__sprite128.raw
[12:52:08] [Worker-Main-24/WARN]: Removing file cache entry: C:\Users\bastelkorb\curseforge\minecraft\Instances\testy (1)\cache\immersiverailroading\rolling_stock.locomotives.bt16511.json_bc43fd3c3d3fff03ffefb9d4018a96d9__sprite128.raw
[12:52:08] [Worker-Main-24/WARN]: Removing file cache entry: C:\Users\bastelkorb\curseforge\minecraft\Instances\testy (1)\cache\immersiverailroading\rolling_stock.locomotives.bt16511sbb.json_96cec5c441b5f0b124a04aee6a893a8b__sprite128.raw
[12:52:08] [Worker-Main-24/WARN]: Removing file cache entry: C:\Users\bastelkorb\curseforge\minecraft\Instances\testy (1)\cache\immersiverailroading\rolling_stock.locomotives.bt2502.json_2797cf18cb14a41607fb0125c72c55dc__sprite128.raw
[12:52:08] [Worker-Main-24/WARN]: Removing file cache entry: C:\Users\bastelkorb\curseforge\minecraft\Instances\testy (1)\cache\immersiverailroading\rolling_stock.locomotives.bt4514.json_f66d136ad4edf06afbf5674fc073d395__sprite128.raw
[12:52:08] [Worker-Main-24/WARN]: Removing file cache entry: C:\Users\bastelkorb\curseforge\minecraft\Instances\testy (1)\cache\immersiverailroading\rolling_stock.locomotives.btdpzplus.json_76426147f4d429a42aed4b466cc52cee__sprite128.raw
[12:52:08] [Worker-Main-24/WARN]: Removing file cache entry: C:\Users\bastelkorb\curseforge\minecraft\Instances\testy (1)\cache\immersiverailroading\rolling_stock.locomotives.cd810_b.json_544b9cb3bf38754ee1044ce0ff5d73e8__sprite128.raw
[12:52:08] [Worker-Main-24/WARN]: Removing file cache entry: C:\Users\bastelkorb\curseforge\minecraft\Instances\testy (1)\cache\immersiverailroading\rolling_stock.locomotives.cd810_r.json_94af0f0a885cdcdbe79bd81f79f3b521__sprite128.raw
[12:52:08] [Worker-Main-24/WARN]: Removing file cache entry: C:\Users\bastelkorb\curseforge\minecraft\Instances\testy (1)\cache\immersiverailroading\rolling_stock.locomotives.cobra1.json_aa398d9e1b6eb3cc965662a027d76c81__sprite128.raw
[12:52:08] [Worker-Main-24/WARN]: Removing file cache entry: C:\Users\bastelkorb\curseforge\minecraft\Instances\testy (1)\cache\immersiverailroading\rolling_stock.locomotives.cp0180.json_9c1246230f4bc7af9226e058c1858ca6__sprite128.raw
[12:52:08] [Worker-Main-24/WARN]: Removing file cache entry: C:\Users\bastelkorb\curseforge\minecraft\Instances\testy (1)\cache\immersiverailroading\rolling_stock.locomotives.cp1400.json_b54f271b6ac9b515930d1f2aacbb1e8b__sprite128.raw
[12:52:08] [Worker-Main-24/WARN]: Removing file cache entry: C:\Users\bastelkorb\curseforge\minecraft\Instances\testy (1)\cache\immersiverailroading\rolling_stock.locomotives.cp1800.json_0ebb165f887c49b8bbe916f0398dd68c__sprite128.raw
[12:52:08] [Worker-Main-24/WARN]: Removing file cache entry: C:\Users\bastelkorb\curseforge\minecraft\Instances\testy (1)\cache\immersiverailroading\rolling_stock.locomotives.cp2600.json_c688e7fa703c84e45d4a8e56a3535365__sprite128.raw
[12:52:08] [Worker-Main-24/WARN]: Removing file cache entry: C:\Users\bastelkorb\curseforge\minecraft\Instances\testy (1)\cache\immersiverailroading\rolling_stock.locomotives.cp2600_freight.json_01ea79738d612db9eb52b3ff020e47cb__sprite128.raw
[12:52:08] [Worker-Main-24/WARN]: Removing file cache entry: C:\Users\bastelkorb\curseforge\minecraft\Instances\testy (1)\cache\immersiverailroading\rolling_stock.locomotives.cp5600.json_d23bb9dcefc702b5c3ad84e291ea8e37__sprite128.raw
[12:52:08] [Worker-Main-24/WARN]: Removing file cache entry: C:\Users\bastelkorb\curseforge\minecraft\Instances\testy (1)\cache\immersiverailroading\rolling_stock.locomotives.dabbuzfa.json_682dd6c4e545f3539c30fb5d40e6b25a__sprite128.raw
[12:52:08] [Worker-Main-24/WARN]: Removing file cache entry: C:\Users\bastelkorb\curseforge\minecraft\Instances\testy (1)\cache\immersiverailroading\rolling_stock.locomotives.dbc_br_232.128.json_b8013dde55cc39d9059a746f20515436__sprite128.raw
[12:52:08] [Worker-Main-24/WARN]: Removing file cache entry: C:\Users\bastelkorb\curseforge\minecraft\Instances\testy (1)\cache\immersiverailroading\rolling_stock.locomotives.dbc_br_232.618.json_93eebb3d9fd6064d77aa60b90432759a__sprite128.raw
[12:52:08] [Worker-Main-24/WARN]: Removing file cache entry: C:\Users\bastelkorb\curseforge\minecraft\Instances\testy (1)\cache\immersiverailroading\rolling_stock.locomotives.dbc_br_232.json_6a43d8571c72bf2fa5f58f46b1b69a97__sprite128.raw
[12:52:08] [Worker-Main-24/WARN]: Removing file cache entry: C:\Users\bastelkorb\curseforge\minecraft\Instances\testy (1)\cache\immersiverailroading\rolling_stock.locomotives.db_bimdzf_269.ic.json_68d93e0cea97113ac121fdca4f5f08a8__sprite128.raw
[12:52:08] [Worker-Main-24/WARN]: Removing file cache entry: C:\Users\bastelkorb\curseforge\minecraft\Instances\testy (1)\cache\immersiverailroading\rolling_stock.locomotives.db_bimdzf_269.ir.json_26552a6fc4203b74a97f7068b981bab4__sprite128.raw
[12:52:08] [Worker-Main-24/WARN]: Removing file cache entry: C:\Users\bastelkorb\curseforge\minecraft\Instances\testy (1)\cache\immersiverailroading\rolling_stock.locomotives.db_bimdzf_269.or.json_f39a8d38e6ee31867440660acb50da2c__sprite128.raw
[12:52:08] [Worker-Main-24/WARN]: Removing file cache entry: C:\Users\bastelkorb\curseforge\minecraft\Instances\testy (1)\cache\immersiverailroading\rolling_stock.locomotives.db_bimdzf_269.vr.json_2f14fa1a6c20b6cd82ef71ca0476c4ff__sprite128.raw
[12:52:08] [Worker-Main-24/WARN]: Removing file cache entry: C:\Users\bastelkorb\curseforge\minecraft\Instances\testy (1)\cache\immersiverailroading\rolling_stock.locomotives.db_bimdzf_271.ic.json_bbea46c227e70c78ce1ef0a7f5058a14__sprite128.raw
[12:52:08] [Worker-Main-24/WARN]: Removing file cache entry: C:\Users\bastelkorb\curseforge\minecraft\Instances\testy (1)\cache\immersiverailroading\rolling_stock.locomotives.db_bimmdzf_287.ic.abschiedsfahrt.json_0ed52c63321fd24e94f41b2964a4b9fa__sprite128.raw
[12:52:08] [Worker-Main-24/WARN]: Removing file cache entry: C:\Users\bastelkorb\curseforge\minecraft\Instances\testy (1)\cache\immersiverailroading\rolling_stock.locomotives.db_bimmdzf_287.ic.json_d037556f6fbf370d25cac4ae58e456d8__sprite128.raw
[12:52:08] [Worker-Main-24/WARN]: Removing file cache entry: C:\Users\bastelkorb\curseforge\minecraft\Instances\testy (1)\cache\immersiverailroading\rolling_stock.locomotives.db_br_101.json_e5358bc0fdc2554da99fb9e8958b2d1b__sprite128.raw
[12:52:08] [Worker-Main-24/WARN]: Removing file cache entry: C:\Users\bastelkorb\curseforge\minecraft\Instances\testy (1)\cache\immersiverailroading\rolling_stock.locomotives.db_br_103.or.json_00427f70220321349daed5551a73b584__sprite128.raw
[12:52:08] [Worker-Main-24/WARN]: Removing file cache entry: C:\Users\bastelkorb\curseforge\minecraft\Instances\testy (1)\cache\immersiverailroading\rolling_stock.locomotives.db_br_103_new.json_55c4800309db172da6bc5852c101ae33__sprite128.raw
[12:52:08] [Worker-Main-24/WARN]: Removing file cache entry: C:\Users\bastelkorb\curseforge\minecraft\Instances\testy (1)\cache\immersiverailroading\rolling_stock.locomotives.db_br_110.3.json_17aaf246a448a3a6c4418c6601038b04__sprite128.raw
[12:52:08] [Worker-Main-24/WARN]: Removing file cache entry: C:\Users\bastelkorb\curseforge\minecraft\Instances\testy (1)\cache\immersiverailroading\rolling_stock.locomotives.db_br_110.3.rheingold.json_3b4e14a65bb8df8c6c64ac2a1abd03ea__sprite128.raw
[12:52:08] [Worker-Main-24/WARN]: Removing file cache entry: C:\Users\bastelkorb\curseforge\minecraft\Instances\testy (1)\cache\immersiverailroading\rolling_stock.locomotives.db_br_111.json_fb6bea7c016fb62e153b34f67af2bac0__sprite128.raw
[12:52:08] [Worker-Main-24/WARN]: Removing file cache entry: C:\Users\bastelkorb\curseforge\minecraft\Instances\testy (1)\cache\immersiverailroading\rolling_stock.locomotives.db_br_111.ob.json_7705b06c360c21bc76683205ab3fdf47__sprite128.raw
[12:52:08] [Worker-Main-24/WARN]: Removing file cache entry: C:\Users\bastelkorb\curseforge\minecraft\Instances\testy (1)\cache\immersiverailroading\rolling_stock.locomotives.db_br_111.or.json_80a9b09dc36ffc300e4b5b9ece6c6fe1__sprite128.raw
[12:52:08] [Worker-Main-24/WARN]: Removing file cache entry: C:\Users\bastelkorb\curseforge\minecraft\Instances\testy (1)\cache\immersiverailroading\rolling_stock.locomotives.db_br_111_095.json_e04adfb493f83b0b09fdd0a715b56a68__sprite128.raw
[12:52:08] [Worker-Main-24/WARN]: Removing file cache entry: C:\Users\bastelkorb\curseforge\minecraft\Instances\testy (1)\cache\immersiverailroading\rolling_stock.locomotives.db_br_111_174.json_daeb042fb87595dc6cfb6e837a938a9a__sprite128.raw
[12:52:08] [Worker-Main-24/WARN]: Removing file cache entry: C:\Users\bastelkorb\curseforge\minecraft\Instances\testy (1)\cache\immersiverailroading\rolling_stock.locomotives.db_br_111_212.json_5781d063188a1c41b8dac4b81dd75c97__sprite128.raw
[12:52:08] [Worker-Main-24/WARN]: Removing file cache entry: C:\Users\bastelkorb\curseforge\minecraft\Instances\testy (1)\cache\immersiverailroading\rolling_stock.locomotives.db_br_111_sp.json_751334556a42ecc56daf627ee70ed63f__sprite128.raw
[12:52:08] [Worker-Main-24/WARN]: Removing file cache entry: C:\Users\bastelkorb\curseforge\minecraft\Instances\testy (1)\cache\immersiverailroading\rolling_stock.locomotives.db_br_120.or.json_b873071e3402fa8da8068f78adc7c1cf__sprite128.raw
[12:52:08] [Worker-Main-24/WARN]: Removing file cache entry: C:\Users\bastelkorb\curseforge\minecraft\Instances\testy (1)\cache\immersiverailroading\rolling_stock.locomotives.db_br_120.vr.json_d23243a555e27b113742ff521ad9b744__sprite128.raw
[12:52:08] [Worker-Main-24/WARN]: Removing file cache entry: C:\Users\bastelkorb\curseforge\minecraft\Instances\testy (1)\cache\immersiverailroading\rolling_stock.locomotives.db_br_1462.0.json_492bac6bbe1fa8f6a51ef48637225247__sprite128.raw
[12:52:08] [Worker-Main-24/WARN]: Removing file cache entry: C:\Users\bastelkorb\curseforge\minecraft\Instances\testy (1)\cache\immersiverailroading\rolling_stock.locomotives.db_br_1462.5.json_290d6fab3714de8445aeea936e970721__sprite128.raw
[12:52:08] [Worker-Main-24/WARN]: Removing file cache entry: C:\Users\bastelkorb\curseforge\minecraft\Instances\testy (1)\cache\immersiverailroading\rolling_stock.locomotives.db_br_146_2.json_cc8c739c62e2e56b9c43df2bd6c13a96__sprite128.raw
[12:52:08] [Worker-Main-24/WARN]: Removing file cache entry: C:\Users\bastelkorb\curseforge\minecraft\Instances\testy (1)\cache\immersiverailroading\rolling_stock.locomotives.db_br_151.json_2d5655933b9618ba740a0000bc2fc138__sprite128.raw
[12:52:08] [Worker-Main-24/WARN]: Removing file cache entry: C:\Users\bastelkorb\curseforge\minecraft\Instances\testy (1)\cache\immersiverailroading\rolling_stock.locomotives.db_br_159.json_c17a669b9b62ea94246680d04d689f4e__sprite128.raw
[12:52:08] [Worker-Main-24/WARN]: Removing file cache entry: C:\Users\bastelkorb\curseforge\minecraft\Instances\testy (1)\cache\immersiverailroading\rolling_stock.locomotives.db_br_185_2.json_580a85efd52b08455d43e818ba411230__sprite128.raw
[12:52:08] [Worker-Main-24/WARN]: Removing file cache entry: C:\Users\bastelkorb\curseforge\minecraft\Instances\testy (1)\cache\immersiverailroading\rolling_stock.locomotives.db_br_332_ob.json_e15037f4a398054221ff8049cda2a709__sprite128.raw
[12:52:08] [Worker-Main-24/WARN]: Removing file cache entry: C:\Users\bastelkorb\curseforge\minecraft\Instances\testy (1)\cache\immersiverailroading\rolling_stock.locomotives.db_br_332_or.json_02c91bde8e1f25d61651c01630546c7d__sprite128.raw
[12:52:08] [Worker-Main-24/WARN]: Removing file cache entry: C:\Users\bastelkorb\curseforge\minecraft\Instances\testy (1)\cache\immersiverailroading\rolling_stock.locomotives.db_br_332_pr.json_21729d87010334edbfe66776d644c5ed__sprite128.raw
[12:52:08] [Worker-Main-24/WARN]: Removing file cache entry: C:\Users\bastelkorb\curseforge\minecraft\Instances\testy (1)\cache\immersiverailroading\rolling_stock.locomotives.db_br_407_0.json_ba2b033691ba2695150b0c00660afc1b__sprite128.raw
[12:52:08] [Worker-Main-24/WARN]: Removing file cache entry: C:\Users\bastelkorb\curseforge\minecraft\Instances\testy (1)\cache\immersiverailroading\rolling_stock.locomotives.db_br_407_2.json_17f7cb172119dd2a40982b8349f4cc33__sprite128.raw
[12:52:08] [Worker-Main-24/WARN]: Removing file cache entry: C:\Users\bastelkorb\curseforge\minecraft\Instances\testy (1)\cache\immersiverailroading\rolling_stock.locomotives.db_br_407_5.json_b2669233f9197ddf7ea7dc1d612e2913__sprite128.raw
[12:52:08] [Worker-Main-24/WARN]: Removing file cache entry: C:\Users\bastelkorb\curseforge\minecraft\Instances\testy (1)\cache\immersiverailroading\rolling_stock.locomotives.db_br_407_7.json_5e7c78c718dfee103746683914b2f832__sprite128.raw
[12:52:08] [Worker-Main-24/WARN]: Removing file cache entry: C:\Users\bastelkorb\curseforge\minecraft\Instances\testy (1)\cache\immersiverailroading\rolling_stock.locomotives.db_br_420.2.json_e62c7eb60e8300191501da733a112171__sprite128.raw
[12:52:08] [Worker-Main-24/WARN]: Removing file cache entry: C:\Users\bastelkorb\curseforge\minecraft\Instances\testy (1)\cache\immersiverailroading\rolling_stock.locomotives.db_br_420.2.pop.json_c9e9e25419a82a31317b5a582aa56e1c__sprite128.raw
[12:52:09] [Worker-Main-24/WARN]: Removing file cache entry: C:\Users\bastelkorb\curseforge\minecraft\Instances\testy (1)\cache\immersiverailroading\rolling_stock.locomotives.db_br_420.5.fml.json_f027cf4e43dc67b98e25451a005e465a__sprite128.raw
[12:52:09] [Worker-Main-24/WARN]: Removing file cache entry: C:\Users\bastelkorb\curseforge\minecraft\Instances\testy (1)\cache\immersiverailroading\rolling_stock.locomotives.db_br_420.5.json_269ef803a9c967aabc2ac43639cb7a00__sprite128.raw
[12:52:09] [Worker-Main-24/WARN]: Removing file cache entry: C:\Users\bastelkorb\curseforge\minecraft\Instances\testy (1)\cache\immersiverailroading\rolling_stock.locomotives.db_br_420.5.pop.json_6cfd5e86f8e0f7e89cd6a3b9d0eed219__sprite128.raw
[12:52:09] [Worker-Main-24/WARN]: Removing file cache entry: C:\Users\bastelkorb\curseforge\minecraft\Instances\testy (1)\cache\immersiverailroading\rolling_stock.locomotives.db_br_420.8.json_5e069dca4f79c7b9baaf94a5aaa706ca__sprite128.raw
[12:52:09] [Worker-Main-24/WARN]: Removing file cache entry: C:\Users\bastelkorb\curseforge\minecraft\Instances\testy (1)\cache\immersiverailroading\rolling_stock.locomotives.db_br_420.8.modernisiert.json_61110b91988c78ca0888e22f80aab0de__sprite128.raw
[12:52:09] [Worker-Main-24/WARN]: Removing file cache entry: C:\Users\bastelkorb\curseforge\minecraft\Instances\testy (1)\cache\immersiverailroading\rolling_stock.locomotives.db_br_420.vorserie.json_0a683f7d38497c85f43cb35d58201a2c__sprite128.raw
[12:52:09] [Worker-Main-24/WARN]: Removing file cache entry: C:\Users\bastelkorb\curseforge\minecraft\Instances\testy (1)\cache\immersiverailroading\rolling_stock.locomotives.db_br_421.2.json_0b2d374308349ea3e4113638bc70a72b__sprite128.raw
[12:52:09] [Worker-Main-24/WARN]: Removing file cache entry: C:\Users\bastelkorb\curseforge\minecraft\Instances\testy (1)\cache\immersiverailroading\rolling_stock.locomotives.db_br_421.2.pop.json_26ce95b7fc9f10973c598a84b1031a4c__sprite128.raw
[12:52:09] [Worker-Main-24/WARN]: Removing file cache entry: C:\Users\bastelkorb\curseforge\minecraft\Instances\testy (1)\cache\immersiverailroading\rolling_stock.locomotives.db_br_421.5.fml.json_b595fed0a0f955ba6e0bb5e421879d76__sprite128.raw
[12:52:09] [Worker-Main-24/WARN]: Removing file cache entry: C:\Users\bastelkorb\curseforge\minecraft\Instances\testy (1)\cache\immersiverailroading\rolling_stock.locomotives.db_br_421.5.json_106275c6e8f459c365070fc8a76f48e4__sprite128.raw
[12:52:09] [Worker-Main-24/WARN]: Removing file cache entry: C:\Users\bastelkorb\curseforge\minecraft\Instances\testy (1)\cache\immersiverailroading\rolling_stock.locomotives.db_br_421.5.pop.json_acf1b110048a7655e4307dba5ba1f6af__sprite128.raw
[12:52:09] [Worker-Main-24/WARN]: Removing file cache entry: C:\Users\bastelkorb\curseforge\minecraft\Instances\testy (1)\cache\immersiverailroading\rolling_stock.locomotives.db_br_421.8.json_07c866532fc2220eee9ec8725b0b5205__sprite128.raw
[12:52:09] [Worker-Main-24/WARN]: Removing file cache entry: C:\Users\bastelkorb\curseforge\minecraft\Instances\testy (1)\cache\immersiverailroading\rolling_stock.locomotives.db_br_421.8.modernisiert.json_1360471b26266113d35e440fd6908a7e__sprite128.raw
[12:52:09] [Worker-Main-24/WARN]: Removing file cache entry: C:\Users\bastelkorb\curseforge\minecraft\Instances\testy (1)\cache\immersiverailroading\rolling_stock.locomotives.db_br_421.vorserie.json_48ba516bfd22fbca56d913e9039ff7aa__sprite128.raw
[12:52:09] [Worker-Main-24/WARN]: Removing file cache entry: C:\Users\bastelkorb\curseforge\minecraft\Instances\testy (1)\cache\immersiverailroading\rolling_stock.locomotives.db_br_442.2.json_9e039e44b49ed9f72a39785a38132130__sprite128.raw
[12:52:09] [Worker-Main-24/WARN]: Removing file cache entry: C:\Users\bastelkorb\curseforge\minecraft\Instances\testy (1)\cache\immersiverailroading\rolling_stock.locomotives.db_br_442.7.json_728ec01b8db9d5b5a68ab935e2e5ebac__sprite128.raw
[12:52:09] [Worker-Main-24/WARN]: Removing file cache entry: C:\Users\bastelkorb\curseforge\minecraft\Instances\testy (1)\cache\immersiverailroading\rolling_stock.locomotives.db_br_443.2.json_4e83b6cfa471b830cb225677ed7b137d__sprite128.raw
[12:52:09] [Worker-Main-24/WARN]: Removing file cache entry: C:\Users\bastelkorb\curseforge\minecraft\Instances\testy (1)\cache\immersiverailroading\rolling_stock.locomotives.db_dabpbzfa_762.json_4adec664147d2cc44c62ebcd514282e3__sprite128.raw
[12:52:09] [Worker-Main-24/WARN]: Removing file cache entry: C:\Users\bastelkorb\curseforge\minecraft\Instances\testy (1)\cache\immersiverailroading\rolling_stock.locomotives.db_dbbzfa_761.0.json_72ba04ff950f17d35a9c6d98b4bdb3b8__sprite128.raw
[12:52:09] [Worker-Main-24/WARN]: Removing file cache entry: C:\Users\bastelkorb\curseforge\minecraft\Instances\testy (1)\cache\immersiverailroading\rolling_stock.locomotives.db_dbbzfa_761.2.json_6172f5e08b568ff03f10b97d4e5b8f38__sprite128.raw
[12:52:09] [Worker-Main-24/WARN]: Removing file cache entry: C:\Users\bastelkorb\curseforge\minecraft\Instances\testy (1)\cache\immersiverailroading\rolling_stock.locomotives.db_dbpbzfa_766.json_859ca9aea5917cb14ca212dca342237e__sprite128.raw
[12:52:09] [Worker-Main-24/WARN]: Removing file cache entry: C:\Users\bastelkorb\curseforge\minecraft\Instances\testy (1)\cache\immersiverailroading\rolling_stock.locomotives.db_e_44.json_7460e889553ddca83dae2229f6ca8db4__sprite128.raw
[12:52:09] [Worker-Main-24/WARN]: Removing file cache entry: C:\Users\bastelkorb\curseforge\minecraft\Instances\testy (1)\cache\immersiverailroading\rolling_stock.locomotives.db_vs_928_mint.json_af670fb614ca9368c95054589562ca75__sprite128.raw
[12:52:09] [Worker-Main-24/WARN]: Removing file cache entry: C:\Users\bastelkorb\curseforge\minecraft\Instances\testy (1)\cache\immersiverailroading\rolling_stock.locomotives.db_vt_628_mint.json_a2c5e88268c25229d544bd4dab0484b4__sprite128.raw
[12:52:09] [Worker-Main-24/WARN]: Removing file cache entry: C:\Users\bastelkorb\curseforge\minecraft\Instances\testy (1)\cache\immersiverailroading\rolling_stock.locomotives.ee922.json_8903bf584821fe82d08d629093d16b9f__sprite128.raw
[12:52:09] [Worker-Main-24/WARN]: Removing file cache entry: C:\Users\bastelkorb\curseforge\minecraft\Instances\testy (1)\cache\immersiverailroading\rolling_stock.locomotives.eem923diesel.json_ff81a178a0fee3ddb583396ae02290c2__sprite128.raw
[12:52:09] [Worker-Main-24/WARN]: Removing file cache entry: C:\Users\bastelkorb\curseforge\minecraft\Instances\testy (1)\cache\immersiverailroading\rolling_stock.locomotives.eem923electric.json_68fb042713afd85d441e3ed7fde1a20e__sprite128.raw
[12:52:09] [Worker-Main-24/WARN]: Removing file cache entry: C:\Users\bastelkorb\curseforge\minecraft\Instances\testy (1)\cache\immersiverailroading\rolling_stock.locomotives.fbbe46f.json_8bb34bbbc118895e2659cf977c37c7e3__sprite128.raw
[12:52:09] [Worker-Main-24/WARN]: Removing file cache entry: C:\Users\bastelkorb\curseforge\minecraft\Instances\testy (1)\cache\immersiverailroading\rolling_stock.locomotives.fbbe88f.json_eff7b19858521a688c3de7f7f99bbf9d__sprite128.raw
[12:52:09] [Worker-Main-24/WARN]: Removing file cache entry: C:\Users\bastelkorb\curseforge\minecraft\Instances\testy (1)\cache\immersiverailroading\rolling_stock.locomotives.fef.1.json_e5e7a2284afda27b0fffea8b0ed4c272__sprite128.raw
[12:52:09] [Worker-Main-24/WARN]: Removing file cache entry: C:\Users\bastelkorb\curseforge\minecraft\Instances\testy (1)\cache\immersiverailroading\rolling_stock.locomotives.fef.1_gh.json_be593002b740ce8d49fb547517679164__sprite128.raw
[12:52:09] [Worker-Main-24/WARN]: Removing file cache entry: C:\Users\bastelkorb\curseforge\minecraft\Instances\testy (1)\cache\immersiverailroading\rolling_stock.locomotives.forchbahn_be_4.6_a.json_3505db9db5412b77752ba6c94d2eeb19__sprite128.raw
[12:52:09] [Worker-Main-24/WARN]: Removing file cache entry: C:\Users\bastelkorb\curseforge\minecraft\Instances\testy (1)\cache\immersiverailroading\rolling_stock.locomotives.gtel_3rd_a.json_0805f172853aa07d1538632f5e759f94__sprite128.raw
[12:52:09] [Worker-Main-24/WARN]: Removing file cache entry: C:\Users\bastelkorb\curseforge\minecraft\Instances\testy (1)\cache\immersiverailroading\rolling_stock.locomotives.gtel_3rd_b.json_609312babe9f3afe000a05a014da6317__sprite128.raw
[12:52:09] [Worker-Main-24/WARN]: Removing file cache entry: C:\Users\bastelkorb\curseforge\minecraft\Instances\testy (1)\cache\immersiverailroading\rolling_stock.locomotives.ic2000bt.json_9ca6aee6ea5566f4feb9b3b719a09c42__sprite128.raw
[12:52:09] [Worker-Main-24/WARN]: Removing file cache entry: C:\Users\bastelkorb\curseforge\minecraft\Instances\testy (1)\cache\immersiverailroading\rolling_stock.locomotives.ic2020bt.json_d2622d7ea9ba7cdf0925074591d5aa39__sprite128.raw
[12:52:09] [Worker-Main-24/WARN]: Removing file cache entry: C:\Users\bastelkorb\curseforge\minecraft\Instances\testy (1)\cache\immersiverailroading\rolling_stock.locomotives.icbt.json_be4f388925219fd207c6767e6d2a62c8__sprite128.raw
[12:52:09] [Worker-Main-24/WARN]: Removing file cache entry: C:\Users\bastelkorb\curseforge\minecraft\Instances\testy (1)\cache\immersiverailroading\rolling_stock.locomotives.icbtmod.json_a1bb2d3fcf02eea148836afc23e39de2__sprite128.raw
[12:52:09] [Worker-Main-24/WARN]: Removing file cache entry: C:\Users\bastelkorb\curseforge\minecraft\Instances\testy (1)\cache\immersiverailroading\rolling_stock.locomotives.icmmmb.json_f75f17ad4a78b1b0681b001189177b88__sprite128.raw
[12:52:09] [Worker-Main-24/WARN]: Removing file cache entry: C:\Users\bastelkorb\curseforge\minecraft\Instances\testy (1)\cache\immersiverailroading\rolling_stock.locomotives.icmmmbfk.json_9bea920865211d2b359e2572e704017b__sprite128.raw
[12:52:09] [Worker-Main-24/WARN]: Removing file cache entry: C:\Users\bastelkorb\curseforge\minecraft\Instances\testy (1)\cache\immersiverailroading\rolling_stock.locomotives.icmmsbk.json_9337d83a32ac1307b04c7a52b21aafa9__sprite128.raw
[12:52:09] [Worker-Main-24/WARN]: Removing file cache entry: C:\Users\bastelkorb\curseforge\minecraft\Instances\testy (1)\cache\immersiverailroading\rolling_stock.locomotives.icsteuerwagen.json_0a3515c304a8b94bf11d892bb7cb0380__sprite128.raw
[12:52:09] [Worker-Main-24/WARN]: Removing file cache entry: C:\Users\bastelkorb\curseforge\minecraft\Instances\testy (1)\cache\immersiverailroading\rolling_stock.locomotives.kof.json_bd010d21fdd51c9c1793f09d88abb732__sprite128.raw
[12:52:09] [Worker-Main-24/WARN]: Removing file cache entry: C:\Users\bastelkorb\curseforge\minecraft\Instances\testy (1)\cache\immersiverailroading\rolling_stock.locomotives.mgb_hge_4.4_ii.json_deed64c04699d3938c0346bbaf56f957__sprite128.raw
[12:52:09] [Worker-Main-24/WARN]: Removing file cache entry: C:\Users\bastelkorb\curseforge\minecraft\Instances\testy (1)\cache\immersiverailroading\rolling_stock.locomotives.neg_vt_505.json_957ba38801ab88fe98e91d0b695b9dea__sprite128.raw
[12:52:09] [Worker-Main-24/WARN]: Removing file cache entry: C:\Users\bastelkorb\curseforge\minecraft\Instances\testy (1)\cache\immersiverailroading\rolling_stock.locomotives.neg_vt_506.json_3101789ef5a9a5753dc1f124fe3b35e1__sprite128.raw
[12:52:09] [Worker-Main-24/WARN]: Removing file cache entry: C:\Users\bastelkorb\curseforge\minecraft\Instances\testy (1)\cache\immersiverailroading\rolling_stock.locomotives.ngtcab.json_f00b7be3c87da1223d0813c1508399b3__sprite128.raw
[12:52:09] [Worker-Main-24/WARN]: Removing file cache entry: C:\Users\bastelkorb\curseforge\minecraft\Instances\testy (1)\cache\immersiverailroading\rolling_stock.locomotives.ns1700.json_112f0e7d72915259b0526bb544ee7115__sprite128.raw
[12:52:09] [Worker-Main-24/WARN]: Removing file cache entry: C:\Users\bastelkorb\curseforge\minecraft\Instances\testy (1)\cache\immersiverailroading\rolling_stock.locomotives.ns600.json_6ef0106a555692c9c3c43d85f16619cd__sprite128.raw
[12:52:09] [Worker-Main-24/WARN]: Removing file cache entry: C:\Users\bastelkorb\curseforge\minecraft\Instances\testy (1)\cache\immersiverailroading\rolling_stock.locomotives.ns700.json_893d66373cefe7fbfaba7f099c56b449__sprite128.raw
[12:52:09] [Worker-Main-24/WARN]: Removing file cache entry: C:\Users\bastelkorb\curseforge\minecraft\Instances\testy (1)\cache\immersiverailroading\rolling_stock.locomotives.ns_dh700.json_704f154a82ddbbab3316fe30643ba79e__sprite128.raw
[12:52:09] [Worker-Main-24/WARN]: Removing file cache entry: C:\Users\bastelkorb\curseforge\minecraft\Instances\testy (1)\cache\immersiverailroading\rolling_stock.locomotives.ns_e_186.json_c6d170a5011d45a3a1690e4224eaf96a__sprite128.raw
[12:52:09] [Worker-Main-24/WARN]: Removing file cache entry: C:\Users\bastelkorb\curseforge\minecraft\Instances\testy (1)\cache\immersiverailroading\rolling_stock.locomotives.ns_icmm_mb.json_42b10680a7627b4f7e8e3c57f3875e61__sprite128.raw
[12:52:09] [Worker-Main-24/WARN]: Removing file cache entry: C:\Users\bastelkorb\curseforge\minecraft\Instances\testy (1)\cache\immersiverailroading\rolling_stock.locomotives.ns_icmm_mbfk.json_b3478d29b275a22312812d61f0e14d0a__sprite128.raw
[12:52:09] [Worker-Main-24/WARN]: Removing file cache entry: C:\Users\bastelkorb\curseforge\minecraft\Instances\testy (1)\cache\immersiverailroading\rolling_stock.locomotives.ns_icmm_sbk.json_93f9f673705f323bff687fd2a69c8468__sprite128.raw
[12:52:09] [Worker-Main-24/WARN]: Removing file cache entry: C:\Users\bastelkorb\curseforge\minecraft\Instances\testy (1)\cache\immersiverailroading\rolling_stock.locomotives.ns_sng_a1.2.json_134cb76cddaba81742fa8587729b31f5__sprite128.raw
[12:52:09] [Worker-Main-24/WARN]: Removing file cache entry: C:\Users\bastelkorb\curseforge\minecraft\Instances\testy (1)\cache\immersiverailroading\rolling_stock.locomotives.ns_sng_a2.json_5635574fc1dea9c1eca4d7ea150ca853__sprite128.raw
[12:52:09] [Worker-Main-24/WARN]: Removing file cache entry: C:\Users\bastelkorb\curseforge\minecraft\Instances\testy (1)\cache\immersiverailroading\rolling_stock.locomotives.ns_sng_c.json_45803eebb78668729e001e8b8d10854d__sprite128.raw
[12:52:09] [Worker-Main-24/WARN]: Removing file cache entry: C:\Users\bastelkorb\curseforge\minecraft\Instances\testy (1)\cache\immersiverailroading\rolling_stock.locomotives.ns_virmm1_mbv7.json_2b270d91634b1b6951d09bfd338fd803__sprite128.raw
[12:52:09] [Worker-Main-24/WARN]: Removing file cache entry: C:\Users\bastelkorb\curseforge\minecraft\Instances\testy (1)\cache\immersiverailroading\rolling_stock.locomotives.ns_virmm1_mbvk1.2.json_8eae37ff3461ad13e532051b48566909__sprite128.raw
[12:52:09] [Worker-Main-24/WARN]: Removing file cache entry: C:\Users\bastelkorb\curseforge\minecraft\Instances\testy (1)\cache\immersiverailroading\rolling_stock.locomotives.ns_virmm1_mbvk1.2_dirty.json_ca2f8e3870a6db49788b633aba2af1c2__sprite128.raw
[12:52:09] [Worker-Main-24/WARN]: Removing file cache entry: C:\Users\bastelkorb\curseforge\minecraft\Instances\testy (1)\cache\immersiverailroading\rolling_stock.locomotives.railjet_afmpz.json_1f875e69d0496bb6158e42f4ee2bfb2e__sprite128.raw
[12:52:09] [Worker-Main-24/WARN]: Removing file cache entry: C:\Users\bastelkorb\curseforge\minecraft\Instances\testy (1)\cache\immersiverailroading\rolling_stock.locomotives.rbl_br_111.json_58c095e9fa60bceced97271859e25f04__sprite128.raw
[12:52:09] [Worker-Main-24/WARN]: Removing file cache entry: C:\Users\bastelkorb\curseforge\minecraft\Instances\testy (1)\cache\immersiverailroading\rolling_stock.locomotives.re420bls.json_52ab1c2e0b1017b971a3ec0da7b8e8e6__sprite128.raw
[12:52:09] [Worker-Main-24/WARN]: Removing file cache entry: C:\Users\bastelkorb\curseforge\minecraft\Instances\testy (1)\cache\immersiverailroading\rolling_stock.locomotives.re420lion.json_30ea844c3386b0922bf4e83983ba7c5a__sprite128.raw
[12:52:09] [Worker-Main-24/WARN]: Removing file cache entry: C:\Users\bastelkorb\curseforge\minecraft\Instances\testy (1)\cache\immersiverailroading\rolling_stock.locomotives.re420sbb.json_caaa903a60d80b47bfb493565864d587__sprite128.raw
[12:52:09] [Worker-Main-24/WARN]: Removing file cache entry: C:\Users\bastelkorb\curseforge\minecraft\Instances\testy (1)\cache\immersiverailroading\rolling_stock.locomotives.re420sbbgreen.json_e99fc8970ea8c6d29d8fb0090cd81e12__sprite128.raw
[12:52:09] [Worker-Main-24/WARN]: Removing file cache entry: C:\Users\bastelkorb\curseforge\minecraft\Instances\testy (1)\cache\immersiverailroading\rolling_stock.locomotives.re420swissex.json_1cadd5afb0b4c7983e89714837ae6255__sprite128.raw
[12:52:09] [Worker-Main-24/WARN]: Removing file cache entry: C:\Users\bastelkorb\curseforge\minecraft\Instances\testy (1)\cache\immersiverailroading\rolling_stock.locomotives.re421cargo.json_adb66ecfd8a9b7eae2e08f31e25b448f__sprite128.raw
[12:52:09] [Worker-Main-24/WARN]: Removing file cache entry: C:\Users\bastelkorb\curseforge\minecraft\Instances\testy (1)\cache\immersiverailroading\rolling_stock.locomotives.re450.json_1eb66e2f1abf4bb86be0c2ee4d6b6078__sprite128.raw
[12:52:09] [Worker-Main-24/WARN]: Removing file cache entry: C:\Users\bastelkorb\curseforge\minecraft\Instances\testy (1)\cache\immersiverailroading\rolling_stock.locomotives.re460.json_cbef66ee2a355e279284a186765be352__sprite128.raw
[12:52:09] [Worker-Main-24/WARN]: Removing file cache entry: C:\Users\bastelkorb\curseforge\minecraft\Instances\testy (1)\cache\immersiverailroading\rolling_stock.locomotives.re465.json_9d73ca74c2918b346e390b65709640a4__sprite128.raw
[12:52:09] [Worker-Main-24/WARN]: Removing file cache entry: C:\Users\bastelkorb\curseforge\minecraft\Instances\testy (1)\cache\immersiverailroading\rolling_stock.locomotives.rfs101000.json_72e1474cc844f333c7c15abf136d50ac__sprite128.raw
[12:52:09] [Worker-Main-24/WARN]: Removing file cache entry: C:\Users\bastelkorb\curseforge\minecraft\Instances\testy (1)\cache\immersiverailroading\rolling_stock.locomotives.rhb_at318.json_f57c555bd0c71032050ebf493447cb27__sprite128.raw
[12:52:09] [Worker-Main-24/WARN]: Removing file cache entry: C:\Users\bastelkorb\curseforge\minecraft\Instances\testy (1)\cache\immersiverailroading\rolling_stock.locomotives.rhb_be_4.4_310.json_cd2537f9311170fe4dc4dc275beabf43__sprite128.raw
[12:52:09] [Worker-Main-24/WARN]: Removing file cache entry: C:\Users\bastelkorb\curseforge\minecraft\Instances\testy (1)\cache\immersiverailroading\rolling_stock.locomotives.rheincargo_br_185_2.json_7803a597824b22ca0310ff4d45e0bc16__sprite128.raw
[12:52:09] [Worker-Main-24/WARN]: Removing file cache entry: C:\Users\bastelkorb\curseforge\minecraft\Instances\testy (1)\cache\immersiverailroading\rolling_stock.locomotives.sbbc_re_484.json_6d9c6ac644cce35825cdde3c294ceec7__sprite128.raw
[12:52:09] [Worker-Main-24/WARN]: Removing file cache entry: C:\Users\bastelkorb\curseforge\minecraft\Instances\testy (1)\cache\immersiverailroading\rolling_stock.locomotives.sbb_abt_npz_do.json_832b44d9b633a130741ff12964a0c5fb__sprite128.raw
[12:52:09] [Worker-Main-24/WARN]: Removing file cache entry: C:\Users\bastelkorb\curseforge\minecraft\Instances\testy (1)\cache\immersiverailroading\rolling_stock.locomotives.sbb_bt_dpzplus.json_90a18e394c1b8f29fbbbd69d37ca55e5__sprite128.raw
[12:52:09] [Worker-Main-24/WARN]: Removing file cache entry: C:\Users\bastelkorb\curseforge\minecraft\Instances\testy (1)\cache\immersiverailroading\rolling_stock.locomotives.sbb_ic2000_bt.json_550e944ce436fffecdfa82e8dd960392__sprite128.raw
[12:52:09] [Worker-Main-24/WARN]: Removing file cache entry: C:\Users\bastelkorb\curseforge\minecraft\Instances\testy (1)\cache\immersiverailroading\rolling_stock.locomotives.sbb_ic_2020_bt.json_c50656be6394b7f6d257392db68b53f6__sprite128.raw
[12:52:09] [Worker-Main-24/WARN]: Removing file cache entry: C:\Users\bastelkorb\curseforge\minecraft\Instances\testy (1)\cache\immersiverailroading\rolling_stock.locomotives.sbb_rabde_500_b3.7.json_876bc5d1af608e9ee981c56b75740507__sprite128.raw
[12:52:09] [Worker-Main-24/WARN]: Removing file cache entry: C:\Users\bastelkorb\curseforge\minecraft\Instances\testy (1)\cache\immersiverailroading\rolling_stock.locomotives.sbb_rabde_500_bt1.json_83d92dbf2f83586561918a7ca028169c__sprite128.raw
[12:52:09] [Worker-Main-24/WARN]: Removing file cache entry: C:\Users\bastelkorb\curseforge\minecraft\Instances\testy (1)\cache\immersiverailroading\rolling_stock.locomotives.sbb_rabe_511_bt1.6.json_0429ac1def5ea9a7801b71f62d06f95f__sprite128.raw
[12:52:09] [Worker-Main-24/WARN]: Removing file cache entry: C:\Users\bastelkorb\curseforge\minecraft\Instances\testy (1)\cache\immersiverailroading\rolling_stock.locomotives.sbb_rbde_560_do.json_6096e17ea193e5c4aff6456302eb163d__sprite128.raw
[12:52:09] [Worker-Main-24/WARN]: Removing file cache entry: C:\Users\bastelkorb\curseforge\minecraft\Instances\testy (1)\cache\immersiverailroading\rolling_stock.locomotives.sbb_re_450.json_530303089d7cf6f5826ab725e397dc69__sprite128.raw
[12:52:09] [Worker-Main-24/WARN]: Removing file cache entry: C:\Users\bastelkorb\curseforge\minecraft\Instances\testy (1)\cache\immersiverailroading\rolling_stock.locomotives.sbb_re_460.json_f9fcd53054db9eb0f4bb6b85df54f584__sprite128.raw
[12:52:09] [Worker-Main-24/WARN]: Removing file cache entry: C:\Users\bastelkorb\curseforge\minecraft\Instances\testy (1)\cache\immersiverailroading\rolling_stock.locomotives.sbb_tm_234_crane.json_e5186dea96a44edcb72ea174161481fb__sprite128.raw
[12:52:09] [Worker-Main-24/WARN]: Removing file cache entry: C:\Users\bastelkorb\curseforge\minecraft\Instances\testy (1)\cache\immersiverailroading\rolling_stock.locomotives.sel_br_120.144.json_256badf94ba8db2ce40a50264d699254__sprite128.raw
[12:52:09] [Worker-Main-24/WARN]: Removing file cache entry: C:\Users\bastelkorb\curseforge\minecraft\Instances\testy (1)\cache\immersiverailroading\rolling_stock.locomotives.sltmabk.json_457349eeec37a507c18fba37f175355d__sprite128.raw
[12:52:09] [Worker-Main-24/WARN]: Removing file cache entry: C:\Users\bastelkorb\curseforge\minecraft\Instances\testy (1)\cache\immersiverailroading\rolling_stock.locomotives.sltmb1.json_4a01213668cbe78324437ec6ed1b24ee__sprite128.raw
[12:52:09] [Worker-Main-24/WARN]: Removing file cache entry: C:\Users\bastelkorb\curseforge\minecraft\Instances\testy (1)\cache\immersiverailroading\rolling_stock.locomotives.sltmb2.json_4d458ac55e4ec828b5a14ddde06a4b99__sprite128.raw
[12:52:09] [Worker-Main-24/WARN]: Removing file cache entry: C:\Users\bastelkorb\curseforge\minecraft\Instances\testy (1)\cache\immersiverailroading\rolling_stock.locomotives.sltmb3.json_778b5f871d5e86eb71e926e89461565a__sprite128.raw
[12:52:09] [Worker-Main-24/WARN]: Removing file cache entry: C:\Users\bastelkorb\curseforge\minecraft\Instances\testy (1)\cache\immersiverailroading\rolling_stock.locomotives.sl_x420a.json_5add6685a280ddd1b3e26f6ff769827a__sprite128.raw
[12:52:09] [Worker-Main-24/WARN]: Removing file cache entry: C:\Users\bastelkorb\curseforge\minecraft\Instances\testy (1)\cache\immersiverailroading\rolling_stock.locomotives.sl_x420b.json_27bbfb49b20501cc4eca8172ba6ca6e0__sprite128.raw
[12:52:09] [Worker-Main-24/WARN]: Removing file cache entry: C:\Users\bastelkorb\curseforge\minecraft\Instances\testy (1)\cache\immersiverailroading\rolling_stock.locomotives.sngc1.json_8fccef42ad178aec5b19725c2612a731__sprite128.raw
[12:52:09] [Worker-Main-24/WARN]: Removing file cache entry: C:\Users\bastelkorb\curseforge\minecraft\Instances\testy (1)\cache\immersiverailroading\rolling_stock.locomotives.sob_flirt3_1.json_48e5c25d3ff4523da57fbce8b767b8a0__sprite128.raw
[12:52:09] [Worker-Main-24/WARN]: Removing file cache entry: C:\Users\bastelkorb\curseforge\minecraft\Instances\testy (1)\cache\immersiverailroading\rolling_stock.locomotives.sob_flirt3_4.json_71abaca5075c69a47604b0c1beee4df9__sprite128.raw
[12:52:09] [Worker-Main-24/WARN]: Removing file cache entry: C:\Users\bastelkorb\curseforge\minecraft\Instances\testy (1)\cache\immersiverailroading\rolling_stock.locomotives.sob_traverso_1.json_74738e154a641a68e62951226a52a144__sprite128.raw
[12:52:09] [Worker-Main-24/WARN]: Removing file cache entry: C:\Users\bastelkorb\curseforge\minecraft\Instances\testy (1)\cache\immersiverailroading\rolling_stock.locomotives.sob_traverso_4.json_5f2ac875f9e50b2f8aea57310583f677__sprite128.raw
[12:52:09] [Worker-Main-24/WARN]: Removing file cache entry: C:\Users\bastelkorb\curseforge\minecraft\Instances\testy (1)\cache\immersiverailroading\rolling_stock.locomotives.sob_traverso_5.json_990fd3029b42063f3817c22495b68964__sprite128.raw
[12:52:09] [Worker-Main-24/WARN]: Removing file cache entry: C:\Users\bastelkorb\curseforge\minecraft\Instances\testy (1)\cache\immersiverailroading\rolling_stock.locomotives.sob_traverso_8.json_0a328ad3a554bb3cd6cd07dfbe2ee551__sprite128.raw
[12:52:09] [Worker-Main-24/WARN]: Removing file cache entry: C:\Users\bastelkorb\curseforge\minecraft\Instances\testy (1)\cache\immersiverailroading\rolling_stock.locomotives.sob_vs_928.json_d6e4a5fe08cd60ba2870e837b4c1858b__sprite128.raw
[12:52:09] [Worker-Main-24/WARN]: Removing file cache entry: C:\Users\bastelkorb\curseforge\minecraft\Instances\testy (1)\cache\immersiverailroading\rolling_stock.locomotives.sob_vt_628.json_89bee0d0d17765d07a9511bb57c435e7__sprite128.raw
[12:52:09] [Worker-Main-24/WARN]: Removing file cache entry: C:\Users\bastelkorb\curseforge\minecraft\Instances\testy (1)\cache\immersiverailroading\rolling_stock.locomotives.thurbo_rabe_526_7_abt1.json_1b52b156d1995bf8e2ab3a5b53d55bad__sprite128.raw
[12:52:09] [Worker-Main-24/WARN]: Removing file cache entry: C:\Users\bastelkorb\curseforge\minecraft\Instances\testy (1)\cache\immersiverailroading\rolling_stock.locomotives.thurbo_rabe_526_7_re3.json_17650679fd76ac9bef11b7c7776abfde__sprite128.raw
[12:52:09] [Worker-Main-24/WARN]: Removing file cache entry: C:\Users\bastelkorb\curseforge\minecraft\Instances\testy (1)\cache\immersiverailroading\rolling_stock.locomotives.traktor.json_c6e1e12ae0fd675b65e43769aeb68600__sprite128.raw
[12:52:09] [Worker-Main-24/WARN]: Removing file cache entry: C:\Users\bastelkorb\curseforge\minecraft\Instances\testy (1)\cache\immersiverailroading\rolling_stock.locomotives.tram20001bkfront.json_ec398c36c3a7fa0abe039f93629c8d4a__sprite128.raw
[12:52:09] [Worker-Main-24/WARN]: Removing file cache entry: C:\Users\bastelkorb\curseforge\minecraft\Instances\testy (1)\cache\immersiverailroading\rolling_stock.locomotives.tram20001front.json_5876199c3b602aa93cedd45efdb591ef__sprite128.raw
[12:52:09] [Worker-Main-24/WARN]: Removing file cache entry: C:\Users\bastelkorb\curseforge\minecraft\Instances\testy (1)\cache\immersiverailroading\rolling_stock.locomotives.tram20002front.json_b762b9d2dd879b69af1678feb609f0cf__sprite128.raw
[12:52:09] [Worker-Main-24/WARN]: Removing file cache entry: C:\Users\bastelkorb\curseforge\minecraft\Instances\testy (1)\cache\immersiverailroading\rolling_stock.locomotives.tram20002pony.json_fb909f092d762ba21ee9011e60460818__sprite128.raw
[12:52:09] [Worker-Main-24/WARN]: Removing file cache entry: C:\Users\bastelkorb\curseforge\minecraft\Instances\testy (1)\cache\immersiverailroading\rolling_stock.locomotives.tram20003front.json_b6e6dbdfd0742925c5f304ec9c9fd835__sprite128.raw
[12:52:09] [Worker-Main-24/WARN]: Removing file cache entry: C:\Users\bastelkorb\curseforge\minecraft\Instances\testy (1)\cache\immersiverailroading\rolling_stock.locomotives.tram20003pony.json_b8dc5a6f71fb47a79e3ddfdfd2a7cf21__sprite128.raw
[12:52:09] [Worker-Main-24/WARN]: Removing file cache entry: C:\Users\bastelkorb\curseforge\minecraft\Instances\testy (1)\cache\immersiverailroading\rolling_stock.locomotives.traxx2hectorrail.json_7b43ec6af0e230a323a87404d95e1150__sprite128.raw
[12:52:09] [Worker-Main-24/WARN]: Removing file cache entry: C:\Users\bastelkorb\curseforge\minecraft\Instances\testy (1)\cache\immersiverailroading\rolling_stock.locomotives.traxx2mav.json_283ee6d178e86ca9773a7b3a0a5fb80f__sprite128.raw
[12:52:09] [Worker-Main-24/WARN]: Removing file cache entry: C:\Users\bastelkorb\curseforge\minecraft\Instances\testy (1)\cache\immersiverailroading\rolling_stock.locomotives.traxx2ns.json_b129cb61e6c55259286957f06083b3a9__sprite128.raw
[12:52:09] [Worker-Main-24/WARN]: Removing file cache entry: C:\Users\bastelkorb\curseforge\minecraft\Instances\testy (1)\cache\immersiverailroading\rolling_stock.locomotives.traxx2railpool.json_d24c5b60eb2af4b98cc7bdf21fca5364__sprite128.raw
[12:52:09] [Worker-Main-24/WARN]: Removing file cache entry: C:\Users\bastelkorb\curseforge\minecraft\Instances\testy (1)\cache\immersiverailroading\rolling_stock.locomotives.traxx2sbbcargoac.json_d01ae60abb8d480ba86febec81df6d7e__sprite128.raw
[12:52:09] [Worker-Main-24/WARN]: Removing file cache entry: C:\Users\bastelkorb\curseforge\minecraft\Instances\testy (1)\cache\immersiverailroading\rolling_stock.locomotives.tri_br_111_054.json_61503e4a6ed93c539be09e5e8159e7e3__sprite128.raw
[12:52:09] [Worker-Main-24/WARN]: Removing file cache entry: C:\Users\bastelkorb\curseforge\minecraft\Instances\testy (1)\cache\immersiverailroading\rolling_stock.locomotives.tri_br_111_130.json_dc69eb230b5166800bd30de07f4366b7__sprite128.raw
[12:52:09] [Worker-Main-24/WARN]: Removing file cache entry: C:\Users\bastelkorb\curseforge\minecraft\Instances\testy (1)\cache\immersiverailroading\rolling_stock.locomotives.tri_dabpbzfa_762.json_ba1faf9e866aabb227c2b06f35fe2e34__sprite128.raw
[12:52:09] [Worker-Main-24/WARN]: Removing file cache entry: C:\Users\bastelkorb\curseforge\minecraft\Instances\testy (1)\cache\immersiverailroading\rolling_stock.locomotives.trsbba.json_037d1dc32d56fc462ca7a833ae3991e6__sprite128.raw
[12:52:09] [Worker-Main-24/WARN]: Removing file cache entry: C:\Users\bastelkorb\curseforge\minecraft\Instances\testy (1)\cache\immersiverailroading\rolling_stock.locomotives.trsbbat.json_eed9450323a82bef6d3a38549a2a4846__sprite128.raw
[12:52:09] [Worker-Main-24/WARN]: Removing file cache entry: C:\Users\bastelkorb\curseforge\minecraft\Instances\testy (1)\cache\immersiverailroading\rolling_stock.locomotives.trsbbb.json_25c1cb9ecaa93881ca90a1a63548791b__sprite128.raw
[12:52:09] [Worker-Main-24/WARN]: Removing file cache entry: C:\Users\bastelkorb\curseforge\minecraft\Instances\testy (1)\cache\immersiverailroading\rolling_stock.locomotives.trsbbbt.json_31675112229e332e8616ac6f4f2a42c7__sprite128.raw
[12:52:09] [Worker-Main-24/WARN]: Removing file cache entry: C:\Users\bastelkorb\curseforge\minecraft\Instances\testy (1)\cache\immersiverailroading\rolling_stock.locomotives.trsbbwr.json_f4e99c5ee87e65eb58c50fd87be019cc__sprite128.raw
[12:52:09] [Worker-Main-24/WARN]: Removing file cache entry: C:\Users\bastelkorb\curseforge\minecraft\Instances\testy (1)\cache\immersiverailroading\rolling_stock.locomotives.v320.json_9bb2af53c49ad8d7abdb011a1ba39d02__sprite128.raw
[12:52:09] [Worker-Main-24/WARN]: Removing file cache entry: C:\Users\bastelkorb\curseforge\minecraft\Instances\testy (1)\cache\immersiverailroading\rolling_stock.locomotives.vbg1.json_6d9f82f8302a351a94582f34d7869a45__sprite128.raw
[12:52:09] [Worker-Main-24/WARN]: Removing file cache entry: C:\Users\bastelkorb\curseforge\minecraft\Instances\testy (1)\cache\immersiverailroading\rolling_stock.locomotives.vectronsbbci_olten.json_6675306d939e41c03ba7268d08a1e253__sprite128.raw
[12:52:09] [Worker-Main-24/WARN]: Removing file cache entry: C:\Users\bastelkorb\curseforge\minecraft\Instances\testy (1)\cache\immersiverailroading\rolling_stock.locomotives.vectronsbbci_rotterdam.json_9afee381912c094525b64b02776af1ee__sprite128.raw
[12:52:09] [Worker-Main-24/WARN]: Removing file cache entry: C:\Users\bastelkorb\curseforge\minecraft\Instances\testy (1)\cache\immersiverailroading\rolling_stock.locomotives.vectronsbbci_xload.json_f6a62bd0a451ecd8ad2f3a106d2228fd__sprite128.raw
[12:52:09] [Worker-Main-24/WARN]: Removing file cache entry: C:\Users\bastelkorb\curseforge\minecraft\Instances\testy (1)\cache\immersiverailroading\rolling_stock.locomotives.virmmmbv7.json_ea9c1d0ee245bc1b8899a58672daad17__sprite128.raw
[12:52:09] [Worker-Main-24/WARN]: Removing file cache entry: C:\Users\bastelkorb\curseforge\minecraft\Instances\testy (1)\cache\immersiverailroading\rolling_stock.locomotives.virmmmbvk1.2.json_a039104fbf7da4a0f5e5a9490950a700__sprite128.raw
[12:52:09] [Worker-Main-24/WARN]: Removing file cache entry: C:\Users\bastelkorb\curseforge\minecraft\Instances\testy (1)\cache\immersiverailroading\rolling_stock.locomotives.vt98.json_89a3780f6d69869e265f3c777b723945__sprite128.raw
[12:52:09] [Worker-Main-24/WARN]: Removing file cache entry: C:\Users\bastelkorb\curseforge\minecraft\Instances\testy (1)\cache\immersiverailroading\rolling_stock.locomotives.wfl_br_232.535.json_4c45a4ac979e1d2a0536d31632541293__sprite128.raw
[12:52:09] [Worker-Main-24/WARN]: Removing file cache entry: C:\Users\bastelkorb\curseforge\minecraft\Instances\testy (1)\cache\immersiverailroading\rolling_stock.locomotives.wiebe.json_a5cfcb7c28d3fc722300aba9a3f5be2e__sprite128.raw
[12:52:09] [Worker-Main-24/WARN]: Removing file cache entry: C:\Users\bastelkorb\curseforge\minecraft\Instances\testy (1)\cache\immersiverailroading\rolling_stock.locomotives.wismarer_schienenbus.json_0883af2d6b6027d197f88e9630e3c676__sprite128.raw
[12:52:09] [Worker-Main-24/WARN]: Removing file cache entry: C:\Users\bastelkorb\curseforge\minecraft\Instances\testy (1)\cache\immersiverailroading\rolling_stock.locomotives.x2200bleu.json_0089649234b97d57e1a1a79b1e8f0c84__sprite128.raw
[12:52:09] [Worker-Main-24/WARN]: Removing file cache entry: C:\Users\bastelkorb\curseforge\minecraft\Instances\testy (1)\cache\immersiverailroading\rolling_stock.locomotives.x2200jaune.json_abced9e61646e0389deb9558e79f30de__sprite128.raw
[12:52:09] [Worker-Main-24/WARN]: Removing file cache entry: C:\Users\bastelkorb\curseforge\minecraft\Instances\testy (1)\cache\immersiverailroading\rolling_stock.locomotives.x2200rouge.json_be6689dfea0efeb3393f63a9dd87852b__sprite128.raw
[12:52:09] [Worker-Main-24/WARN]: Removing file cache entry: C:\Users\bastelkorb\curseforge\minecraft\Instances\testy (1)\cache\immersiverailroading\rolling_stock.passenger.108.json_033858145e177ab9a694f6ce18863147__sprite128.raw
[12:52:09] [Worker-Main-24/WARN]: Removing file cache entry: C:\Users\bastelkorb\curseforge\minecraft\Instances\testy (1)\cache\immersiverailroading\rolling_stock.passenger.109.json_14d3f8aace428502daa2beafa2eaf227__sprite128.raw
[12:52:09] [Worker-Main-24/WARN]: Removing file cache entry: C:\Users\bastelkorb\curseforge\minecraft\Instances\testy (1)\cache\immersiverailroading\rolling_stock.passenger.111.json_1a46628629008c08b91bd6d99b7939c5__sprite128.raw
[12:52:09] [Worker-Main-24/WARN]: Removing file cache entry: C:\Users\bastelkorb\curseforge\minecraft\Instances\testy (1)\cache\immersiverailroading\rolling_stock.passenger.134.json_33c7401d4c0d3988e9431f4731cd7514__sprite128.raw
[12:52:09] [Worker-Main-24/WARN]: Removing file cache entry: C:\Users\bastelkorb\curseforge\minecraft\Instances\testy (1)\cache\immersiverailroading\rolling_stock.passenger.207.json_0dc0e5b3464434a0840ffbcca6a38308__sprite128.raw
[12:52:09] [Worker-Main-24/WARN]: Removing file cache entry: C:\Users\bastelkorb\curseforge\minecraft\Instances\testy (1)\cache\immersiverailroading\rolling_stock.passenger.a4501.json_479a8b86c8d04769c3ba2fd0e576064c__sprite128.raw
[12:52:09] [Worker-Main-24/WARN]: Removing file cache entry: C:\Users\bastelkorb\curseforge\minecraft\Instances\testy (1)\cache\immersiverailroading\rolling_stock.passenger.a5501.json_945a7a97b96f0661798cceeabacaff92__sprite128.raw
[12:52:09] [Worker-Main-24/WARN]: Removing file cache entry: C:\Users\bastelkorb\curseforge\minecraft\Instances\testy (1)\cache\immersiverailroading\rolling_stock.passenger.ab2511.json_39dce9b700b2f75853a1bdae946ff761__sprite128.raw
[12:52:09] [Worker-Main-24/WARN]: Removing file cache entry: C:\Users\bastelkorb\curseforge\minecraft\Instances\testy (1)\cache\immersiverailroading\rolling_stock.passenger.ab2511sbb.json_6ddd151665a72ca31039bfe6672a7853__sprite128.raw
[12:52:09] [Worker-Main-24/WARN]: Removing file cache entry: C:\Users\bastelkorb\curseforge\minecraft\Instances\testy (1)\cache\immersiverailroading\rolling_stock.passenger.ab5511.json_f512d9d06dd797a0d1526c364ad04b89__sprite128.raw
[12:52:09] [Worker-Main-24/WARN]: Removing file cache entry: C:\Users\bastelkorb\curseforge\minecraft\Instances\testy (1)\cache\immersiverailroading\rolling_stock.passenger.ab5511sbb.json_19c221b39fd0ed448eddac9d679bfe06__sprite128.raw
[12:52:09] [Worker-Main-24/WARN]: Removing file cache entry: C:\Users\bastelkorb\curseforge\minecraft\Instances\testy (1)\cache\immersiverailroading\rolling_stock.passenger.abdpzplus.json_0a020820e49fce0939b2df93673760be__sprite128.raw
[12:52:09] [Worker-Main-24/WARN]: Removing file cache entry: C:\Users\bastelkorb\curseforge\minecraft\Instances\testy (1)\cache\immersiverailroading\rolling_stock.passenger.abhvz.json_169d873227702a050baa3c4ad03d6abd__sprite128.raw
[12:52:09] [Worker-Main-24/WARN]: Removing file cache entry: C:\Users\bastelkorb\curseforge\minecraft\Instances\testy (1)\cache\immersiverailroading\rolling_stock.passenger.b10501.json_d1001380868f970b257ba203212224d2__sprite128.raw
[12:52:09] [Worker-Main-24/WARN]: Removing file cache entry: C:\Users\bastelkorb\curseforge\minecraft\Instances\testy (1)\cache\immersiverailroading\rolling_stock.passenger.b11501.json_3e6faf2661f38377c88fe365ccdb5fec__sprite128.raw
[12:52:09] [Worker-Main-24/WARN]: Removing file cache entry: C:\Users\bastelkorb\curseforge\minecraft\Instances\testy (1)\cache\immersiverailroading\rolling_stock.passenger.b2514.json_1f7f1e8f2de6de4681326f2eb425bcb7__sprite128.raw
[12:52:09] [Worker-Main-24/WARN]: Removing file cache entry: C:\Users\bastelkorb\curseforge\minecraft\Instances\testy (1)\cache\immersiverailroading\rolling_stock.passenger.b3502.json_7342d76a610decda9b9cf58b1dff936c__sprite128.raw
[12:52:09] [Worker-Main-24/WARN]: Removing file cache entry: C:\Users\bastelkorb\curseforge\minecraft\Instances\testy (1)\cache\immersiverailroading\rolling_stock.passenger.b3511.json_8f60f73b19dc1aebf4e9112d4a1b88f6__sprite128.raw
[12:52:09] [Worker-Main-24/WARN]: Removing file cache entry: C:\Users\bastelkorb\curseforge\minecraft\Instances\testy (1)\cache\immersiverailroading\rolling_stock.passenger.b3511sbb.json_148e6f83337a775aeb2d5390b7422d7f__sprite128.raw
[12:52:09] [Worker-Main-24/WARN]: Removing file cache entry: C:\Users\bastelkorb\curseforge\minecraft\Instances\testy (1)\cache\immersiverailroading\rolling_stock.passenger.b3514.json_425cef091222246f69992faf51f7750a__sprite128.raw
[12:52:09] [Worker-Main-24/WARN]: Removing file cache entry: C:\Users\bastelkorb\curseforge\minecraft\Instances\testy (1)\cache\immersiverailroading\rolling_stock.passenger.b4511.json_cb6200f01d3556b862530a4a57ad9bc5__sprite128.raw
[12:52:09] [Worker-Main-24/WARN]: Removing file cache entry: C:\Users\bastelkorb\curseforge\minecraft\Instances\testy (1)\cache\immersiverailroading\rolling_stock.passenger.b4511sbb.json_ff6045553eda9afeb9ae368207179572__sprite128.raw
[12:52:09] [Worker-Main-24/WARN]: Removing file cache entry: C:\Users\bastelkorb\curseforge\minecraft\Instances\testy (1)\cache\immersiverailroading\rolling_stock.passenger.b7501.json_a42e768e6dc1e8142532fef695e37eb4__sprite128.raw
[12:52:09] [Worker-Main-24/WARN]: Removing file cache entry: C:\Users\bastelkorb\curseforge\minecraft\Instances\testy (1)\cache\immersiverailroading\rolling_stock.passenger.b80dbogie.json_4b352688048dfe54da2c6e91b6e5423b__sprite128.raw
[12:52:09] [Worker-Main-24/WARN]: Removing file cache entry: C:\Users\bastelkorb\curseforge\minecraft\Instances\testy (1)\cache\immersiverailroading\rolling_stock.passenger.b8501.json_16a82bc72347a18d82729ab48dd05f46__sprite128.raw
[12:52:09] [Worker-Main-24/WARN]: Removing file cache entry: C:\Users\bastelkorb\curseforge\minecraft\Instances\testy (1)\cache\immersiverailroading\rolling_stock.passenger.bdpzndw.json_eee558e0fb1c774320503e3e5fc80af2__sprite128.raw
[12:52:09] [Worker-Main-24/WARN]: Removing file cache entry: C:\Users\bastelkorb\curseforge\minecraft\Instances\testy (1)\cache\immersiverailroading\rolling_stock.passenger.bhvz.json_6dfb0afdd9e638602790954b444d1fc1__sprite128.raw
[12:52:09] [Worker-Main-24/WARN]: Removing file cache entry: C:\Users\bastelkorb\curseforge\minecraft\Instances\testy (1)\cache\immersiverailroading\rolling_stock.passenger.bnrz451.json_f1afc65a66bc3ab40514326ac1c7f6cf__sprite128.raw
[12:52:09] [Worker-Main-24/WARN]: Removing file cache entry: C:\Users\bastelkorb\curseforge\minecraft\Instances\testy (1)\cache\immersiverailroading\rolling_stock.passenger.br4071.json_29f8a0969b88c17f143db3d7c4f672e0__sprite128.raw
[12:52:09] [Worker-Main-24/WARN]: Removing file cache entry: C:\Users\bastelkorb\curseforge\minecraft\Instances\testy (1)\cache\immersiverailroading\rolling_stock.passenger.br4072.json_e47875eb25bbf0f2c65ff5531341b67f__sprite128.raw
[12:52:09] [Worker-Main-24/WARN]: Removing file cache entry: C:\Users\bastelkorb\curseforge\minecraft\Instances\testy (1)\cache\immersiverailroading\rolling_stock.passenger.br4073.json_2b46529b5c883f52e70c622ef816896c__sprite128.raw
[12:52:09] [Worker-Main-24/WARN]: Removing file cache entry: C:\Users\bastelkorb\curseforge\minecraft\Instances\testy (1)\cache\immersiverailroading\rolling_stock.passenger.br4076.json_2302d623a8f025283501b40537c8e8d3__sprite128.raw
[12:52:09] [Worker-Main-24/WARN]: Removing file cache entry: C:\Users\bastelkorb\curseforge\minecraft\Instances\testy (1)\cache\immersiverailroading\rolling_stock.passenger.br4077.json_12d60f3fbfaf33916762cbc197f1951d__sprite128.raw
[12:52:09] [Worker-Main-24/WARN]: Removing file cache entry: C:\Users\bastelkorb\curseforge\minecraft\Instances\testy (1)\cache\immersiverailroading\rolling_stock.passenger.br4078.json_9f702df2393b1648ff33b8c49a6a23d9__sprite128.raw
[12:52:09] [Worker-Main-24/WARN]: Removing file cache entry: C:\Users\bastelkorb\curseforge\minecraft\Instances\testy (1)\cache\immersiverailroading\rolling_stock.passenger.br481wagon.json_c9e999f1d6a5b8fd800f0dcac3fd7eeb__sprite128.raw
[12:52:09] [Worker-Main-24/WARN]: Removing file cache entry: C:\Users\bastelkorb\curseforge\minecraft\Instances\testy (1)\cache\immersiverailroading\rolling_stock.passenger.br802.json_e7a21dbfa580d65a30ae448a47cba8d4__sprite128.raw
[12:52:09] [Worker-Main-24/WARN]: Removing file cache entry: C:\Users\bastelkorb\curseforge\minecraft\Instances\testy (1)\cache\immersiverailroading\rolling_stock.passenger.br804.json_cf6da49a523e2c537f9eb806fc9350b8__sprite128.raw
[12:52:09] [Worker-Main-24/WARN]: Removing file cache entry: C:\Users\bastelkorb\curseforge\minecraft\Instances\testy (1)\cache\immersiverailroading\rolling_stock.passenger.cobra2.json_d703bcf911f516e69205379c5c4f9f2a__sprite128.raw
[12:52:09] [Worker-Main-24/WARN]: Removing file cache entry: C:\Users\bastelkorb\curseforge\minecraft\Instances\testy (1)\cache\immersiverailroading\rolling_stock.passenger.cobra3.json_00bfb93479347da16e5e13d806f4e043__sprite128.raw
[12:52:09] [Worker-Main-24/WARN]: Removing file cache entry: C:\Users\bastelkorb\curseforge\minecraft\Instances\testy (1)\cache\immersiverailroading\rolling_stock.passenger.cobra4.json_c2c2bfde305c64cd2fe7e892d0e9b721__sprite128.raw
[12:52:09] [Worker-Main-24/WARN]: Removing file cache entry: C:\Users\bastelkorb\curseforge\minecraft\Instances\testy (1)\cache\immersiverailroading\rolling_stock.passenger.cobra5.json_a7e0a0f080325f3c20fdc0627e1834c3__sprite128.raw
[12:52:09] [Worker-Main-24/WARN]: Removing file cache entry: C:\Users\bastelkorb\curseforge\minecraft\Instances\testy (1)\cache\immersiverailroading\rolling_stock.passenger.cobrabellow.json_289f60833220f35c55b09c53039961ca__sprite128.raw
[12:52:09] [Worker-Main-24/WARN]: Removing file cache entry: C:\Users\bastelkorb\curseforge\minecraft\Instances\testy (1)\cache\immersiverailroading\rolling_stock.passenger.cp481.json_ebd3dda37a5a4fddfb441bd378c5a86f__sprite128.raw
[12:52:09] [Worker-Main-24/WARN]: Removing file cache entry: C:\Users\bastelkorb\curseforge\minecraft\Instances\testy (1)\cache\immersiverailroading\rolling_stock.passenger.dbuza.json_60376f0ccc7dcf36a813be8670de2e3d__sprite128.raw
[12:52:09] [Worker-Main-24/WARN]: Removing file cache entry: C:\Users\bastelkorb\curseforge\minecraft\Instances\testy (1)\cache\immersiverailroading\rolling_stock.passenger.db_ab3yg.json_2f72a0ef1b4fa878572b7656fbb654ad__sprite128.raw
[12:52:09] [Worker-Main-24/WARN]: Removing file cache entry: C:\Users\bastelkorb\curseforge\minecraft\Instances\testy (1)\cache\immersiverailroading\rolling_stock.passenger.db_abm_226.ob.json_3412bc7893891be01b14e257760d02ae__sprite128.raw
[12:52:09] [Worker-Main-24/WARN]: Removing file cache entry: C:\Users\bastelkorb\curseforge\minecraft\Instances\testy (1)\cache\immersiverailroading\rolling_stock.passenger.db_abm_228.ob.json_72abb957b31e43c3fc7001d98a57a1ee__sprite128.raw
[12:52:09] [Worker-Main-24/WARN]: Removing file cache entry: C:\Users\bastelkorb\curseforge\minecraft\Instances\testy (1)\cache\immersiverailroading\rolling_stock.passenger.db_aimz_261.ir.json_d178d965f70c80dafe01591d694e97d7__sprite128.raw
[12:52:09] [Worker-Main-24/WARN]: Removing file cache entry: C:\Users\bastelkorb\curseforge\minecraft\Instances\testy (1)\cache\immersiverailroading\rolling_stock.passenger.db_am_203.ic.json_ed5a4acb1a6e3d7f583df5c2f1668ecc__sprite128.raw
[12:52:09] [Worker-Main-24/WARN]: Removing file cache entry: C:\Users\bastelkorb\curseforge\minecraft\Instances\testy (1)\cache\immersiverailroading\rolling_stock.passenger.db_am_203.ob.1.json_539959fe5674617da97c5a00d9f69412__sprite128.raw
[12:52:09] [Worker-Main-24/WARN]: Removing file cache entry: C:\Users\bastelkorb\curseforge\minecraft\Instances\testy (1)\cache\immersiverailroading\rolling_stock.passenger.db_am_203.ob.json_bb0b60e9a1c02b4f781eb11383ed66ba__sprite128.raw
[12:52:09] [Worker-Main-24/WARN]: Removing file cache entry: C:\Users\bastelkorb\curseforge\minecraft\Instances\testy (1)\cache\immersiverailroading\rolling_stock.passenger.db_am_203.or.json_12007a4150091e3499ac07523b79aa82__sprite128.raw
[12:52:09] [Worker-Main-24/WARN]: Removing file cache entry: C:\Users\bastelkorb\curseforge\minecraft\Instances\testy (1)\cache\immersiverailroading\rolling_stock.passenger.db_am_203.vr.json_3a156900f87fe7dfc476a212d07e4fbe__sprite128.raw
[12:52:09] [Worker-Main-24/WARN]: Removing file cache entry: C:\Users\bastelkorb\curseforge\minecraft\Instances\testy (1)\cache\immersiverailroading\rolling_stock.passenger.db_avmmz_106.ic.json_257c075cb222c15783954c09d92a794f__sprite128.raw
[12:52:09] [Worker-Main-24/WARN]: Removing file cache entry: C:\Users\bastelkorb\curseforge\minecraft\Instances\testy (1)\cache\immersiverailroading\rolling_stock.passenger.db_b3yg.json_9504e71dd4bb378979f4cef6b7c3d3ae__sprite128.raw
[12:52:09] [Worker-Main-24/WARN]: Removing file cache entry: C:\Users\bastelkorb\curseforge\minecraft\Instances\testy (1)\cache\immersiverailroading\rolling_stock.passenger.db_bd3yg.json_c67651ee719e56f78ea77d005f81f1da__sprite128.raw
[12:52:09] [Worker-Main-24/WARN]: Removing file cache entry: C:\Users\bastelkorb\curseforge\minecraft\Instances\testy (1)\cache\immersiverailroading\rolling_stock.passenger.db_bd3yge.json_38db3e4bfc69116e8f38719ed365c4dc__sprite128.raw
[12:52:09] [Worker-Main-24/WARN]: Removing file cache entry: C:\Users\bastelkorb\curseforge\minecraft\Instances\testy (1)\cache\immersiverailroading\rolling_stock.passenger.db_bdms_273.ob.json_277125920be9943c251aefc178507aec__sprite128.raw
[12:52:09] [Worker-Main-24/WARN]: Removing file cache entry: C:\Users\bastelkorb\curseforge\minecraft\Instances\testy (1)\cache\immersiverailroading\rolling_stock.passenger.db_bimz_264.ir.json_3f8f47fb50ba0ab69f0332340cb8e451__sprite128.raw
[12:52:09] [Worker-Main-24/WARN]: Removing file cache entry: C:\Users\bastelkorb\curseforge\minecraft\Instances\testy (1)\cache\immersiverailroading\rolling_stock.passenger.db_bm_234.ob.json_a6e6a8ec3de3a3f78529e5b1df299300__sprite128.raw
[12:52:09] [Worker-Main-24/WARN]: Removing file cache entry: C:\Users\bastelkorb\curseforge\minecraft\Instances\testy (1)\cache\immersiverailroading\rolling_stock.passenger.db_bm_235.ic.json_979b370d69af0b9abc05c7bc9e6e7f8d__sprite128.raw
[12:52:09] [Worker-Main-24/WARN]: Removing file cache entry: C:\Users\bastelkorb\curseforge\minecraft\Instances\testy (1)\cache\immersiverailroading\rolling_stock.passenger.db_bm_235.ob.json_3b839acfa75698d5faa20e21ec981696__sprite128.raw
[12:52:09] [Worker-Main-24/WARN]: Removing file cache entry: C:\Users\bastelkorb\curseforge\minecraft\Instances\testy (1)\cache\immersiverailroading\rolling_stock.passenger.db_bm_235.or.json_2e75af6c3619cbb995f5e29c82c090a5__sprite128.raw
[12:52:09] [Worker-Main-24/WARN]: Removing file cache entry: C:\Users\bastelkorb\curseforge\minecraft\Instances\testy (1)\cache\immersiverailroading\rolling_stock.passenger.db_bm_235.vr.json_fbf00c194e3ecd036d9265a1d1e010ef__sprite128.raw
[12:52:09] [Worker-Main-24/WARN]: Removing file cache entry: C:\Users\bastelkorb\curseforge\minecraft\Instances\testy (1)\cache\immersiverailroading\rolling_stock.passenger.db_bpmmbdz_284.ic.json_2109c3acf4b1d3dd43fb0421730ab767__sprite128.raw
[12:52:09] [Worker-Main-24/WARN]: Removing file cache entry: C:\Users\bastelkorb\curseforge\minecraft\Instances\testy (1)\cache\immersiverailroading\rolling_stock.passenger.db_br_1862.0.json_354fc53d1b364f9f55ec46b3ee8fa51c__sprite128.raw
[12:52:09] [Worker-Main-24/WARN]: Removing file cache entry: C:\Users\bastelkorb\curseforge\minecraft\Instances\testy (1)\cache\immersiverailroading\rolling_stock.passenger.db_br_1862.5.json_6b29bcb54b8c71a4c43359c30ffda3cf__sprite128.raw
[12:52:09] [Worker-Main-24/WARN]: Removing file cache entry: C:\Users\bastelkorb\curseforge\minecraft\Instances\testy (1)\cache\immersiverailroading\rolling_stock.passenger.db_br_407_1.json_522d970c33a3cfa7e5e38377652205ec__sprite128.raw
[12:52:09] [Worker-Main-24/WARN]: Removing file cache entry: C:\Users\bastelkorb\curseforge\minecraft\Instances\testy (1)\cache\immersiverailroading\rolling_stock.passenger.db_br_407_3.json_519ad34e3091fb63dcadcb41a8595cea__sprite128.raw
[12:52:09] [Worker-Main-24/WARN]: Removing file cache entry: C:\Users\bastelkorb\curseforge\minecraft\Instances\testy (1)\cache\immersiverailroading\rolling_stock.passenger.db_br_407_6.json_f2b5fa80bb9c16ad4372d169e1514001__sprite128.raw
[12:52:09] [Worker-Main-24/WARN]: Removing file cache entry: C:\Users\bastelkorb\curseforge\minecraft\Instances\testy (1)\cache\immersiverailroading\rolling_stock.passenger.db_br_407_8.json_962598a91633623377127398ed633335__sprite128.raw
[12:52:09] [Worker-Main-24/WARN]: Removing file cache entry: C:\Users\bastelkorb\curseforge\minecraft\Instances\testy (1)\cache\immersiverailroading\rolling_stock.passenger.db_br_408_1.json_28893c837dd6dce57e41e7605da6305e__sprite128.raw
[12:52:09] [Worker-Main-24/WARN]: Removing file cache entry: C:\Users\bastelkorb\curseforge\minecraft\Instances\testy (1)\cache\immersiverailroading\rolling_stock.passenger.db_br_443.7.json_ee7572a5fb983145da739de1548c7a9f__sprite128.raw
[12:52:09] [Worker-Main-24/WARN]: Removing file cache entry: C:\Users\bastelkorb\curseforge\minecraft\Instances\testy (1)\cache\immersiverailroading\rolling_stock.passenger.db_bvmmz_188.ic.json_b06f4f86edd912e217887801db4b80af__sprite128.raw
[12:52:09] [Worker-Main-24/WARN]: Removing file cache entry: C:\Users\bastelkorb\curseforge\minecraft\Instances\testy (1)\cache\immersiverailroading\rolling_stock.passenger.db_dabpza_785.json_f8dddd321f88f70d1320b971afb169f2__sprite128.raw
[12:52:09] [Worker-Main-24/WARN]: Removing file cache entry: C:\Users\bastelkorb\curseforge\minecraft\Instances\testy (1)\cache\immersiverailroading\rolling_stock.passenger.db_dabza_756.json_18af06ba2d557b4a7f6c0fb1511e3d6d__sprite128.raw
[12:52:09] [Worker-Main-24/WARN]: Removing file cache entry: C:\Users\bastelkorb\curseforge\minecraft\Instances\testy (1)\cache\immersiverailroading\rolling_stock.passenger.db_dbpza_751.json_de2c87cf0dfe1bdcec4f3cc8ec9e2968__sprite128.raw
[12:52:09] [Worker-Main-24/WARN]: Removing file cache entry: C:\Users\bastelkorb\curseforge\minecraft\Instances\testy (1)\cache\immersiverailroading\rolling_stock.passenger.db_dbpza_780.1.json_b116f0d9a4c6b715c1e5cc65f7708cea__sprite128.raw
[12:52:09] [Worker-Main-24/WARN]: Removing file cache entry: C:\Users\bastelkorb\curseforge\minecraft\Instances\testy (1)\cache\immersiverailroading\rolling_stock.passenger.db_dbpza_780.3.json_ce5288a93eeff0bcbb9caaa9cd0a458f__sprite128.raw
[12:52:09] [Worker-Main-24/WARN]: Removing file cache entry: C:\Users\bastelkorb\curseforge\minecraft\Instances\testy (1)\cache\immersiverailroading\rolling_stock.passenger.db_dbza_751.json_fa32d1a5dfd5a9bd1a19cfdf9d4401bf__sprite128.raw
[12:52:09] [Worker-Main-24/WARN]: Removing file cache entry: C:\Users\bastelkorb\curseforge\minecraft\Instances\testy (1)\cache\immersiverailroading\rolling_stock.passenger.ecapm.json_87d9535173534de1cf3da548178e896f__sprite128.raw
[12:52:09] [Worker-Main-24/WARN]: Removing file cache entry: C:\Users\bastelkorb\curseforge\minecraft\Instances\testy (1)\cache\immersiverailroading\rolling_stock.passenger.ecapmmod.json_79c19454da7c8792b1bbc8719ad787fb__sprite128.raw
[12:52:09] [Worker-Main-24/WARN]: Removing file cache entry: C:\Users\bastelkorb\curseforge\minecraft\Instances\testy (1)\cache\immersiverailroading\rolling_stock.passenger.ecapmpano.json_5e0d316a0b1ebec4dd25f426d1e09cba__sprite128.raw
[12:52:09] [Worker-Main-24/WARN]: Removing file cache entry: C:\Users\bastelkorb\curseforge\minecraft\Instances\testy (1)\cache\immersiverailroading\rolling_stock.passenger.ecbpm.json_e5eac55610bd35cf84d62460282cc4b7__sprite128.raw
[12:52:09] [Worker-Main-24/WARN]: Removing file cache entry: C:\Users\bastelkorb\curseforge\minecraft\Instances\testy (1)\cache\immersiverailroading\rolling_stock.passenger.ecbpmmod.json_d44c89ff5382caf6c88cbe227e988a34__sprite128.raw
[12:52:09] [Worker-Main-24/WARN]: Removing file cache entry: C:\Users\bastelkorb\curseforge\minecraft\Instances\testy (1)\cache\immersiverailroading\rolling_stock.passenger.ewiva.json_8a4dcc9f989baf639f24324f2c408434__sprite128.raw
[12:52:09] [Worker-Main-24/WARN]: Removing file cache entry: C:\Users\bastelkorb\curseforge\minecraft\Instances\testy (1)\cache\immersiverailroading\rolling_stock.passenger.ewivamod.json_0b00cfc834100fe241e012e1ddf71090__sprite128.raw
[12:52:09] [Worker-Main-24/WARN]: Removing file cache entry: C:\Users\bastelkorb\curseforge\minecraft\Instances\testy (1)\cache\immersiverailroading\rolling_stock.passenger.ewivas.json_8c19a8a09730aa8c78fc9da1df320eb6__sprite128.raw
[12:52:09] [Worker-Main-24/WARN]: Removing file cache entry: C:\Users\bastelkorb\curseforge\minecraft\Instances\testy (1)\cache\immersiverailroading\rolling_stock.passenger.ewivasmod.json_3efb4b52a37cb8b7bbb7e7d0e0c1fef0__sprite128.raw
[12:52:09] [Worker-Main-24/WARN]: Removing file cache entry: C:\Users\bastelkorb\curseforge\minecraft\Instances\testy (1)\cache\immersiverailroading\rolling_stock.passenger.ewivb.json_de7eda258a80d6779eae5763bf7925dc__sprite128.raw
[12:52:09] [Worker-Main-24/WARN]: Removing file cache entry: C:\Users\bastelkorb\curseforge\minecraft\Instances\testy (1)\cache\immersiverailroading\rolling_stock.passenger.ewivbmod.json_befc9358e19640b163c25d7a6ca78eb1__sprite128.raw
[12:52:09] [Worker-Main-24/WARN]: Removing file cache entry: C:\Users\bastelkorb\curseforge\minecraft\Instances\testy (1)\cache\immersiverailroading\rolling_stock.passenger.fbbe46r.json_fed0e809a7709fa679c2f917b96f788e__sprite128.raw
[12:52:09] [Worker-Main-24/WARN]: Removing file cache entry: C:\Users\bastelkorb\curseforge\minecraft\Instances\testy (1)\cache\immersiverailroading\rolling_stock.passenger.firstclass.json_f33217942039fab4c51d492c71033f23__sprite128.raw
[12:52:09] [Worker-Main-24/WARN]: Removing file cache entry: C:\Users\bastelkorb\curseforge\minecraft\Instances\testy (1)\cache\immersiverailroading\rolling_stock.passenger.forchbahn_be_4.6_b.json_790a2079455cc34ede23e1ad01c8cc4a__sprite128.raw
[12:52:09] [Worker-Main-24/WARN]: Removing file cache entry: C:\Users\bastelkorb\curseforge\minecraft\Instances\testy (1)\cache\immersiverailroading\rolling_stock.passenger.ic2000a.json_73df26df95beb8ea18c1908df8f75867__sprite128.raw
[12:52:09] [Worker-Main-24/WARN]: Removing file cache entry: C:\Users\bastelkorb\curseforge\minecraft\Instances\testy (1)\cache\immersiverailroading\rolling_stock.passenger.ic2000ad.json_294895c63de77e6c0427f2a0b2020c45__sprite128.raw
[12:52:09] [Worker-Main-24/WARN]: Removing file cache entry: C:\Users\bastelkorb\curseforge\minecraft\Instances\testy (1)\cache\immersiverailroading\rolling_stock.passenger.ic2000b.json_e25ff49dd78c0095939d6169c5dfbacd__sprite128.raw
[12:52:09] [Worker-Main-24/WARN]: Removing file cache entry: C:\Users\bastelkorb\curseforge\minecraft\Instances\testy (1)\cache\immersiverailroading\rolling_stock.passenger.ic2000wrb.json_649ad8436808bd53296122a9c731da7d__sprite128.raw
[12:52:09] [Worker-Main-24/WARN]: Removing file cache entry: C:\Users\bastelkorb\curseforge\minecraft\Instances\testy (1)\cache\immersiverailroading\rolling_stock.passenger.ic2020a.json_e49c884c6f4967f7debd2eac2d1d6672__sprite128.raw
[12:52:09] [Worker-Main-24/WARN]: Removing file cache entry: C:\Users\bastelkorb\curseforge\minecraft\Instances\testy (1)\cache\immersiverailroading\rolling_stock.passenger.ic2020ad.json_f50b4f168bf6e1545017a939c7d2c6e8__sprite128.raw
[12:52:09] [Worker-Main-24/WARN]: Removing file cache entry: C:\Users\bastelkorb\curseforge\minecraft\Instances\testy (1)\cache\immersiverailroading\rolling_stock.passenger.ic2020b.json_a7ef8594818c477ea32fe1ba9e12176d__sprite128.raw
[12:52:09] [Worker-Main-24/WARN]: Removing file cache entry: C:\Users\bastelkorb\curseforge\minecraft\Instances\testy (1)\cache\immersiverailroading\rolling_stock.passenger.ic2020wrb.json_5bcaa26053bc91c6879319fbbbdc870a__sprite128.raw
[12:52:09] [Worker-Main-24/WARN]: Removing file cache entry: C:\Users\bastelkorb\curseforge\minecraft\Instances\testy (1)\cache\immersiverailroading\rolling_stock.passenger.icmma.json_efdd6be1153419a21a3c44ee57494800__sprite128.raw
[12:52:09] [Worker-Main-24/WARN]: Removing file cache entry: C:\Users\bastelkorb\curseforge\minecraft\Instances\testy (1)\cache\immersiverailroading\rolling_stock.passenger.icmmab.json_a6c952a023ab4fc2e12738429429d075__sprite128.raw
[12:52:09] [Worker-Main-24/WARN]: Removing file cache entry: C:\Users\bastelkorb\curseforge\minecraft\Instances\testy (1)\cache\immersiverailroading\rolling_stock.passenger.icra.json_a411a7fe33dda38398c21deb4d50c4f6__sprite128.raw
[12:52:09] [Worker-Main-24/WARN]: Removing file cache entry: C:\Users\bastelkorb\curseforge\minecraft\Instances\testy (1)\cache\immersiverailroading\rolling_stock.passenger.icrb.json_51eefb1ca0042d3b18cb3a6a7d0936b1__sprite128.raw
[12:52:09] [Worker-Main-24/WARN]: Removing file cache entry: C:\Users\bastelkorb\curseforge\minecraft\Instances\testy (1)\cache\immersiverailroading\rolling_stock.passenger.icrbd.json_c6bf2c82fbd3982da61bab48d8357408__sprite128.raw
[12:52:09] [Worker-Main-24/WARN]: Removing file cache entry: C:\Users\bastelkorb\curseforge\minecraft\Instances\testy (1)\cache\immersiverailroading\rolling_stock.passenger.icrbpmz10.json_dfd3196e665d0c01ad2b8e8596a30d56__sprite128.raw
[12:52:09] [Worker-Main-24/WARN]: Removing file cache entry: C:\Users\bastelkorb\curseforge\minecraft\Instances\testy (1)\cache\immersiverailroading\rolling_stock.passenger.ngtbellow.json_049180067246f4a1e2b624f1292b1423__sprite128.raw
[12:52:09] [Worker-Main-24/WARN]: Removing file cache entry: C:\Users\bastelkorb\curseforge\minecraft\Instances\testy (1)\cache\immersiverailroading\rolling_stock.passenger.ngtbridge.json_464edddb296a617968bb5672d3fb6c41__sprite128.raw
[12:52:09] [Worker-Main-24/WARN]: Removing file cache entry: C:\Users\bastelkorb\curseforge\minecraft\Instances\testy (1)\cache\immersiverailroading\rolling_stock.passenger.ngtcenter.json_f5f5897e3d1a7542934b7893bbbc76a8__sprite128.raw
[12:52:09] [Worker-Main-24/WARN]: Removing file cache entry: C:\Users\bastelkorb\curseforge\minecraft\Instances\testy (1)\cache\immersiverailroading\rolling_stock.passenger.ns_icmm_a.json_aafd70cfcc2956b4d1a276b794f31632__sprite128.raw
[12:52:09] [Worker-Main-24/WARN]: Removing file cache entry: C:\Users\bastelkorb\curseforge\minecraft\Instances\testy (1)\cache\immersiverailroading\rolling_stock.passenger.ns_icmm_ab.json_c953dd3a8ff7f3b20afdc592d5bb97d3__sprite128.raw
[12:52:09] [Worker-Main-24/WARN]: Removing file cache entry: C:\Users\bastelkorb\curseforge\minecraft\Instances\testy (1)\cache\immersiverailroading\rolling_stock.passenger.ns_sng_b.json_c72d11a9451b007dbb66bd8c847ef88c__sprite128.raw
[12:52:09] [Worker-Main-24/WARN]: Removing file cache entry: C:\Users\bastelkorb\curseforge\minecraft\Instances\testy (1)\cache\immersiverailroading\rolling_stock.passenger.ns_virmm1_abv3.4.json_d069af8781129eec2bff8ccf353533ef__sprite128.raw
[12:52:09] [Worker-Main-24/WARN]: Removing file cache entry: C:\Users\bastelkorb\curseforge\minecraft\Instances\testy (1)\cache\immersiverailroading\rolling_stock.passenger.ns_virmm1_abv5.json_4f8d4ac10e3fe72adf064533e5f4c43c__sprite128.raw
[12:52:09] [Worker-Main-24/WARN]: Removing file cache entry: C:\Users\bastelkorb\curseforge\minecraft\Instances\testy (1)\cache\immersiverailroading\rolling_stock.passenger.ns_virmm1_abv6.json_5c1b64c0d6aebace8a519d40ed9dfe64__sprite128.raw
[12:52:09] [Worker-Main-24/WARN]: Removing file cache entry: C:\Users\bastelkorb\curseforge\minecraft\Instances\testy (1)\cache\immersiverailroading\rolling_stock.passenger.portaloo.json_9f1ea06f569fb4ea90f652600a1f0e7c__sprite128.raw
[12:52:09] [Worker-Main-24/WARN]: Removing file cache entry: C:\Users\bastelkorb\curseforge\minecraft\Instances\testy (1)\cache\immersiverailroading\rolling_stock.passenger.railjet_bmpz.json_0c07645096ca3d7f579203803041e576__sprite128.raw
[12:52:09] [Worker-Main-24/WARN]: Removing file cache entry: C:\Users\bastelkorb\curseforge\minecraft\Instances\testy (1)\cache\immersiverailroading\rolling_stock.passenger.rhb_b316.json_8c9f669e9220f7b236f7b7fad3984918__sprite128.raw
[12:52:09] [Worker-Main-24/WARN]: Removing file cache entry: C:\Users\bastelkorb\curseforge\minecraft\Instances\testy (1)\cache\immersiverailroading\rolling_stock.passenger.rhb_b317.json_89d496206cd27420c6f01547a8d53376__sprite128.raw
[12:52:09] [Worker-Main-24/WARN]: Removing file cache entry: C:\Users\bastelkorb\curseforge\minecraft\Instances\testy (1)\cache\immersiverailroading\rolling_stock.passenger.sbbwrm.json_4870df1295066ab1e7972d16ecd5f97b__sprite128.raw
[12:52:09] [Worker-Main-24/WARN]: Removing file cache entry: C:\Users\bastelkorb\curseforge\minecraft\Instances\testy (1)\cache\immersiverailroading\rolling_stock.passenger.sbb_ab_dpzplus.json_02404ab0009521a6bd990e4cf5bc3367__sprite128.raw
[12:52:09] [Worker-Main-24/WARN]: Removing file cache entry: C:\Users\bastelkorb\curseforge\minecraft\Instances\testy (1)\cache\immersiverailroading\rolling_stock.passenger.sbb_b_dpz_ndw.json_057f5bbda2f1a1bfda37729f0663440e__sprite128.raw
[12:52:09] [Worker-Main-24/WARN]: Removing file cache entry: C:\Users\bastelkorb\curseforge\minecraft\Instances\testy (1)\cache\immersiverailroading\rolling_stock.passenger.sbb_b_npz_do_toilet.json_83826cf0159f87ccf143cc7882afc13b__sprite128.raw
[12:52:09] [Worker-Main-24/WARN]: Removing file cache entry: C:\Users\bastelkorb\curseforge\minecraft\Instances\testy (1)\cache\immersiverailroading\rolling_stock.passenger.sbb_ec_apm.json_060c2bab71c1f84b66c5787bec59bd59__sprite128.raw
[12:52:09] [Worker-Main-24/WARN]: Removing file cache entry: C:\Users\bastelkorb\curseforge\minecraft\Instances\testy (1)\cache\immersiverailroading\rolling_stock.passenger.sbb_ec_apm_panorama.json_eb10eb537c112202abb1c76296e079b9__sprite128.raw
[12:52:09] [Worker-Main-24/WARN]: Removing file cache entry: C:\Users\bastelkorb\curseforge\minecraft\Instances\testy (1)\cache\immersiverailroading\rolling_stock.passenger.sbb_ic2000_a.json_012f9e8c3c41d5ecefe179ebb8249c30__sprite128.raw
[12:52:09] [Worker-Main-24/WARN]: Removing file cache entry: C:\Users\bastelkorb\curseforge\minecraft\Instances\testy (1)\cache\immersiverailroading\rolling_stock.passenger.sbb_ic2000_ad.json_4ac4eec6150d4d121e944b16771d1d63__sprite128.raw
[12:52:09] [Worker-Main-24/WARN]: Removing file cache entry: C:\Users\bastelkorb\curseforge\minecraft\Instances\testy (1)\cache\immersiverailroading\rolling_stock.passenger.sbb_ic2000_b.json_f88bc936abdd9afb21aa8a5cfc5c8c6d__sprite128.raw
[12:52:09] [Worker-Main-24/WARN]: Removing file cache entry: C:\Users\bastelkorb\curseforge\minecraft\Instances\testy (1)\cache\immersiverailroading\rolling_stock.passenger.sbb_ic_2020_a.json_f2a06d8b8335153a8918dba9f8b570bb__sprite128.raw
[12:52:09] [Worker-Main-24/WARN]: Removing file cache entry: C:\Users\bastelkorb\curseforge\minecraft\Instances\testy (1)\cache\immersiverailroading\rolling_stock.passenger.sbb_ic_2020_ad.json_ff320ea994c9a99a3bffa6b3daf37941__sprite128.raw
[12:52:09] [Worker-Main-24/WARN]: Removing file cache entry: C:\Users\bastelkorb\curseforge\minecraft\Instances\testy (1)\cache\immersiverailroading\rolling_stock.passenger.sbb_ic_2020_b.json_71a23e9d328f4592c821b82c336a6b06__sprite128.raw
[12:52:09] [Worker-Main-24/WARN]: Removing file cache entry: C:\Users\bastelkorb\curseforge\minecraft\Instances\testy (1)\cache\immersiverailroading\rolling_stock.passenger.sbb_rabde_500_a5.json_21cfe3697c69dec5e2bdf058bd98a241__sprite128.raw
[12:52:09] [Worker-Main-24/WARN]: Removing file cache entry: C:\Users\bastelkorb\curseforge\minecraft\Instances\testy (1)\cache\immersiverailroading\rolling_stock.passenger.sbb_rabde_500_ad6.json_7f11cbd41894c8e5b5d7dfd7924d371b__sprite128.raw
[12:52:09] [Worker-Main-24/WARN]: Removing file cache entry: C:\Users\bastelkorb\curseforge\minecraft\Instances\testy (1)\cache\immersiverailroading\rolling_stock.passenger.sbb_rabde_500_wra4.json_e25f6b865c4e009da740a64e8dcedb9a__sprite128.raw
[12:52:09] [Worker-Main-24/WARN]: Removing file cache entry: C:\Users\bastelkorb\curseforge\minecraft\Instances\testy (1)\cache\immersiverailroading\rolling_stock.passenger.sbb_rabe_511_ab2.json_bf481122ac6e33a0e3ea789695fc0ba7__sprite128.raw
[12:52:09] [Worker-Main-24/WARN]: Removing file cache entry: C:\Users\bastelkorb\curseforge\minecraft\Instances\testy (1)\cache\immersiverailroading\rolling_stock.passenger.sbb_rabe_511_ab5.json_e3c3d9df90b7473438f67b06810ce9f5__sprite128.raw
[12:52:09] [Worker-Main-24/WARN]: Removing file cache entry: C:\Users\bastelkorb\curseforge\minecraft\Instances\testy (1)\cache\immersiverailroading\rolling_stock.passenger.sbb_rabe_511_b3.json_3369b5d71f08019072a8751b5eadf5b6__sprite128.raw
[12:52:09] [Worker-Main-24/WARN]: Removing file cache entry: C:\Users\bastelkorb\curseforge\minecraft\Instances\testy (1)\cache\immersiverailroading\rolling_stock.passenger.sbb_rabe_511_b4.json_a7479d18e4f5cfad1a50dd2c4f6833c2__sprite128.raw
[12:52:09] [Worker-Main-24/WARN]: Removing file cache entry: C:\Users\bastelkorb\curseforge\minecraft\Instances\testy (1)\cache\immersiverailroading\rolling_stock.passenger.sbb_wrm.json_eee925c7196b45a7ac0f6f3c252b4a39__sprite128.raw
[12:52:09] [Worker-Main-24/WARN]: Removing file cache entry: C:\Users\bastelkorb\curseforge\minecraft\Instances\testy (1)\cache\immersiverailroading\rolling_stock.passenger.secondclass.json_13bc64d4f7c43193f03c3dadd6cfe1ec__sprite128.raw
[12:52:09] [Worker-Main-24/WARN]: Removing file cache entry: C:\Users\bastelkorb\curseforge\minecraft\Instances\testy (1)\cache\immersiverailroading\rolling_stock.passenger.sltab.json_532ff57e0d1c61ca55a54d120261f9ef__sprite128.raw
[12:52:09] [Worker-Main-24/WARN]: Removing file cache entry: C:\Users\bastelkorb\curseforge\minecraft\Instances\testy (1)\cache\immersiverailroading\rolling_stock.passenger.sltb1.json_4eccee15454103bf063675c56f01aa1a__sprite128.raw
[12:52:09] [Worker-Main-24/WARN]: Removing file cache entry: C:\Users\bastelkorb\curseforge\minecraft\Instances\testy (1)\cache\immersiverailroading\rolling_stock.passenger.sltb2.json_1b3a5ac7852a0d5a3fc4549e7394ca2d__sprite128.raw
[12:52:09] [Worker-Main-24/WARN]: Removing file cache entry: C:\Users\bastelkorb\curseforge\minecraft\Instances\testy (1)\cache\immersiverailroading\rolling_stock.passenger.sltl.json_825a34a321afc45d623083abee8c5902__sprite128.raw
[12:52:09] [Worker-Main-24/WARN]: Removing file cache entry: C:\Users\bastelkorb\curseforge\minecraft\Instances\testy (1)\cache\immersiverailroading\rolling_stock.passenger.sltmb.json_7f7a3a3d2d0b6f024a9f59626e975495__sprite128.raw
[12:52:09] [Worker-Main-24/WARN]: Removing file cache entry: C:\Users\bastelkorb\curseforge\minecraft\Instances\testy (1)\cache\immersiverailroading\rolling_stock.passenger.sngb.json_ffc8536717cc07474b0333ca48e2cfad__sprite128.raw
[12:52:09] [Worker-Main-24/WARN]: Removing file cache entry: C:\Users\bastelkorb\curseforge\minecraft\Instances\testy (1)\cache\immersiverailroading\rolling_stock.passenger.sob_flirt3_2.json_0b884f83627fd6ec380d029fbd018976__sprite128.raw
[12:52:09] [Worker-Main-24/WARN]: Removing file cache entry: C:\Users\bastelkorb\curseforge\minecraft\Instances\testy (1)\cache\immersiverailroading\rolling_stock.passenger.sob_flirt3_3.json_b02c5d233011be05d02ff297231e2d41__sprite128.raw
[12:52:09] [Worker-Main-24/WARN]: Removing file cache entry: C:\Users\bastelkorb\curseforge\minecraft\Instances\testy (1)\cache\immersiverailroading\rolling_stock.passenger.sob_traverso_2.json_4432cd11b78e332c89dd6460af31b7f3__sprite128.raw
[12:52:09] [Worker-Main-24/WARN]: Removing file cache entry: C:\Users\bastelkorb\curseforge\minecraft\Instances\testy (1)\cache\immersiverailroading\rolling_stock.passenger.sob_traverso_3.json_03de14dfd68d5794655009feb904e103__sprite128.raw
[12:52:09] [Worker-Main-24/WARN]: Removing file cache entry: C:\Users\bastelkorb\curseforge\minecraft\Instances\testy (1)\cache\immersiverailroading\rolling_stock.passenger.sob_traverso_6.json_c566dcc9c6d2af7aa1770d3e017c0124__sprite128.raw
[12:52:09] [Worker-Main-24/WARN]: Removing file cache entry: C:\Users\bastelkorb\curseforge\minecraft\Instances\testy (1)\cache\immersiverailroading\rolling_stock.passenger.sob_traverso_7.json_9b1a2f992004ffc9186d3b9ebad1b27f__sprite128.raw
[12:52:09] [Worker-Main-24/WARN]: Removing file cache entry: C:\Users\bastelkorb\curseforge\minecraft\Instances\testy (1)\cache\immersiverailroading\rolling_stock.passenger.sorefameregional1.json_dc9bb6d71425c068d670486b0dee7604__sprite128.raw
[12:52:09] [Worker-Main-24/WARN]: Removing file cache entry: C:\Users\bastelkorb\curseforge\minecraft\Instances\testy (1)\cache\immersiverailroading\rolling_stock.passenger.sorefameregional2.json_530cbb9ce53cfd58ecce803441a0ceaf__sprite128.raw
[12:52:09] [Worker-Main-24/WARN]: Removing file cache entry: C:\Users\bastelkorb\curseforge\minecraft\Instances\testy (1)\cache\immersiverailroading\rolling_stock.passenger.thurbo_rabe_526_7_b4.json_f0370239e8b59859a2b8cd0f7c63f4a2__sprite128.raw
[12:52:09] [Worker-Main-24/WARN]: Removing file cache entry: C:\Users\bastelkorb\curseforge\minecraft\Instances\testy (1)\cache\immersiverailroading\rolling_stock.passenger.tram20001bkrear.json_a23d92f78db50945df1b2dcded3f95c5__sprite128.raw
[12:52:09] [Worker-Main-24/WARN]: Removing file cache entry: C:\Users\bastelkorb\curseforge\minecraft\Instances\testy (1)\cache\immersiverailroading\rolling_stock.passenger.tram20001rear.json_98d94eeee74cf707398865a718211654__sprite128.raw
[12:52:09] [Worker-Main-24/WARN]: Removing file cache entry: C:\Users\bastelkorb\curseforge\minecraft\Instances\testy (1)\cache\immersiverailroading\rolling_stock.passenger.tram20002rear.json_3abac281c30db63e5ccc5ea27bb21a41__sprite128.raw
[12:52:09] [Worker-Main-24/WARN]: Removing file cache entry: C:\Users\bastelkorb\curseforge\minecraft\Instances\testy (1)\cache\immersiverailroading\rolling_stock.passenger.tram20003middle.json_faa54bdb31ef97bfe6e2b936b0f7879b__sprite128.raw
[12:52:09] [Worker-Main-24/WARN]: Removing file cache entry: C:\Users\bastelkorb\curseforge\minecraft\Instances\testy (1)\cache\immersiverailroading\rolling_stock.passenger.tram20003rear.json_4e257328e1b9061b1ab24e8dccc3ac03__sprite128.raw
[12:52:09] [Worker-Main-24/WARN]: Removing file cache entry: C:\Users\bastelkorb\curseforge\minecraft\Instances\testy (1)\cache\immersiverailroading\rolling_stock.passenger.tram2000bogie.json_795078202ae16004bce6f77eff50567d__sprite128.raw
[12:52:09] [Worker-Main-24/WARN]: Removing file cache entry: C:\Users\bastelkorb\curseforge\minecraft\Instances\testy (1)\cache\immersiverailroading\rolling_stock.passenger.tri_dbpza_751.json_1cf7c5b4285a0dd2359d7092cf15f31d__sprite128.raw
[12:52:09] [Worker-Main-24/WARN]: Removing file cache entry: C:\Users\bastelkorb\curseforge\minecraft\Instances\testy (1)\cache\immersiverailroading\rolling_stock.passenger.uppcars.json_c4fa12be2feac32f2c00a6739236f065__sprite128.raw
[12:52:09] [Worker-Main-24/WARN]: Removing file cache entry: C:\Users\bastelkorb\curseforge\minecraft\Instances\testy (1)\cache\immersiverailroading\rolling_stock.passenger.vbg2.json_ea43be5182d778926040ac98b71406b7__sprite128.raw
[12:52:09] [Worker-Main-24/WARN]: Removing file cache entry: C:\Users\bastelkorb\curseforge\minecraft\Instances\testy (1)\cache\immersiverailroading\rolling_stock.passenger.vbg3.json_d91f5b64d8199f20aa091843205c8714__sprite128.raw
[12:52:09] [Worker-Main-24/WARN]: Removing file cache entry: C:\Users\bastelkorb\curseforge\minecraft\Instances\testy (1)\cache\immersiverailroading\rolling_stock.passenger.vbg4.json_3b48b104782d134337e6c3cd586d66d2__sprite128.raw
[12:52:09] [Worker-Main-24/WARN]: Removing file cache entry: C:\Users\bastelkorb\curseforge\minecraft\Instances\testy (1)\cache\immersiverailroading\rolling_stock.passenger.vbg5.json_7a44f990ec03c74171017b1e8cd32ab2__sprite128.raw
[12:52:09] [Worker-Main-24/WARN]: Removing file cache entry: C:\Users\bastelkorb\curseforge\minecraft\Instances\testy (1)\cache\immersiverailroading\rolling_stock.passenger.vbgbellow.json_3f4b4ab9846b21267c07915296bf386e__sprite128.raw
[12:52:09] [Worker-Main-24/WARN]: Removing file cache entry: C:\Users\bastelkorb\curseforge\minecraft\Instances\testy (1)\cache\immersiverailroading\rolling_stock.passenger.virmmabv3.4.json_5825633f0465842bd372aca6bbc1f363__sprite128.raw
[12:52:09] [Worker-Main-24/WARN]: Removing file cache entry: C:\Users\bastelkorb\curseforge\minecraft\Instances\testy (1)\cache\immersiverailroading\rolling_stock.passenger.virmmabv5.json_f886ef5ef1d14a331b9cfff6f6289e75__sprite128.raw
[12:52:09] [Worker-Main-24/WARN]: Removing file cache entry: C:\Users\bastelkorb\curseforge\minecraft\Instances\testy (1)\cache\immersiverailroading\rolling_stock.passenger.virmmabv6.json_55f65c76890bce62fc244a92894af160__sprite128.raw
[12:52:09] [Worker-Main-24/WARN]: Removing file cache entry: C:\Users\bastelkorb\curseforge\minecraft\Instances\testy (1)\cache\immersiverailroading\rolling_stock.passenger.vtua10.json_e753ef8de710e85929d01359a89bc308__sprite128.raw
[12:52:09] [Worker-Main-24/WARN]: Removing file cache entry: C:\Users\bastelkorb\curseforge\minecraft\Instances\testy (1)\cache\immersiverailroading\rolling_stock.passenger.wcb61848870.json_9a07638ea1b358344cc9603791ba3c07__sprite128.raw
[12:52:09] [Worker-Main-24/WARN]: Removing file cache entry: C:\Users\bastelkorb\curseforge\minecraft\Instances\testy (1)\cache\immersiverailroading\rolling_stock.passenger.wr6501.json_4da25e5001ea769569a4f4b56da2d22f__sprite128.raw
[12:52:09] [Worker-Main-24/WARN]: Removing file cache entry: C:\Users\bastelkorb\curseforge\minecraft\Instances\testy (1)\cache\immersiverailroading\rolling_stock.tender.20.c_800.json_40549f64603505273c47902b884819c5__sprite128.raw
[12:52:09] [Worker-Main-24/WARN]: Removing file cache entry: C:\Users\bastelkorb\curseforge\minecraft\Instances\testy (1)\cache\immersiverailroading\rolling_stock.tender.23.c_800.json_7cac6849a492288dccf28fff6b86852d__sprite128.raw
[12:52:09] [Worker-Main-24/WARN]: Removing file cache entry: C:\Users\bastelkorb\curseforge\minecraft\Instances\testy (1)\cache\immersiverailroading\rolling_stock.tender.23.c_800_gh.json_a0265ba24ff071d78beb16a8053a99a7__sprite128.raw
[12:52:09] [Worker-Main-24/WARN]: Removing file cache entry: C:\Users\bastelkorb\curseforge\minecraft\Instances\testy (1)\cache\immersiverailroading\rolling_stock.tender.24.gte.json_c7877fe111116ddba23edac5e8640071__sprite128.raw
[12:52:09] [Worker-Main-24/WARN]: Removing file cache entry: C:\Users\bastelkorb\curseforge\minecraft\Instances\testy (1)\cache\immersiverailroading\rolling_stock.tender.25.c_4005.json_db96f08c713ba92d3cf11074b168df66__sprite128.raw
[12:52:09] [Worker-Main-24/WARN]: Removing file cache entry: C:\Users\bastelkorb\curseforge\minecraft\Instances\testy (1)\cache\immersiverailroading\rolling_stock.tender.25.c_4014.json_7c913932732eb8acf53d2d3269263333__sprite128.raw
[12:52:09] [Worker-Main-24/WARN]: Removing file cache entry: C:\Users\bastelkorb\curseforge\minecraft\Instances\testy (1)\cache\immersiverailroading\rolling_stock.tender.upp809.json_ae4caa8f8afc39268e7976538fc6ccdf__sprite128.raw
[12:52:09] [Worker-Main-24/WARN]: Removing file cache entry: C:\Users\bastelkorb\curseforge\minecraft\Instances\testy (1)\cache\immersiverailroading\rolling_stock.tender.upp814.json_b7faf3245992c2e3863415fc546a2ac6__sprite128.raw
[12:52:09] [main/INFO]: OpenAL initialized.
[12:52:09] [main/INFO]: Sound engine started
[12:52:10] [main/INFO]: Created: 2048x1024x4 minecraft:textures/atlas/blocks.png-atlas
[12:52:10] [main/INFO]: Created: 256x128x4 minecraft:textures/atlas/signs.png-atlas
[12:52:10] [main/INFO]: Created: 512x512x4 minecraft:textures/atlas/banner_patterns.png-atlas
[12:52:10] [main/INFO]: Created: 512x512x4 minecraft:textures/atlas/shield_patterns.png-atlas
[12:52:10] [main/INFO]: Created: 256x256x4 minecraft:textures/atlas/chest.png-atlas
[12:52:10] [main/INFO]: Created: 512x256x4 minecraft:textures/atlas/beds.png-atlas
[12:52:10] [main/INFO]: Created: 512x256x4 minecraft:textures/atlas/shulker_boxes.png-atlas
[12:52:10] [main/INFO]: Created: 256x256x0 minecraft:textures/atlas/particles.png-atlas
[12:52:10] [main/INFO]: Created: 256x256x0 minecraft:textures/atlas/paintings.png-atlas
[12:52:10] [main/INFO]: Created: 256x128x0 minecraft:textures/atlas/mob_effects.png-atlas
[12:52:39] [main/WARN]: Ambiguity between arguments [teleport, destination] and [teleport, targets] with inputs: [Player, 0123, @e, dd12be42-52a9-4a91-a8a1-11c01849e498]
[12:52:39] [main/WARN]: Ambiguity between arguments [teleport, location] and [teleport, destination] with inputs: [0.1 -0.5 .9, 0 0 0]
[12:52:39] [main/WARN]: Ambiguity between arguments [teleport, location] and [teleport, targets] with inputs: [0.1 -0.5 .9, 0 0 0]
[12:52:39] [main/WARN]: Ambiguity between arguments [teleport, targets] and [teleport, destination] with inputs: [Player, 0123, dd12be42-52a9-4a91-a8a1-11c01849e498]
[12:52:39] [main/WARN]: Ambiguity between arguments [teleport, targets, location] and [teleport, targets, destination] with inputs: [0.1 -0.5 .9, 0 0 0]
[12:52:39] [main/INFO]: Reloading ResourceManager: Default, forge-1.16.5-36.2.42-universal.jar, ImmersiveEngineering-1.16.5-5.1.0-148.jar, ImmersiveRailroading-1.16.5-forge-1.10.0-2742641.jar, TrackAPI-1.16.5-forge-1.2.jar, UniversalModCore-1.16.5-forge-1.2.3-012a521.jar, memoryleakfix-forge-pre1.17-1.0.0.jar, ImmersivePetroleum-1.16.5-3.4.0-20.jar, memorysettings-1.16.5-5.2.jar, EntityCulling-1.16.5-2.1.7.jar, ferritecore-2.1.1-forge.jar
[12:52:39] [main/INFO]: Skipping loading recipe immersiverailroading:item_manual1164420761113116098 as it's serializer returned null
[12:52:39] [main/INFO]: Skipping loading recipe immersiverailroading:item_large_wrench2019113087113116098 as it's serializer returned null
[12:52:39] [main/INFO]: Skipping loading recipe immersiverailroading:item_hook397829275113116098 as it's serializer returned null
[12:52:39] [main/INFO]: Skipping loading recipe immersiverailroading:item_switch_key1558876647113116098 as it's serializer returned null
[12:52:39] [main/INFO]: Skipping loading recipe immersiverailroading:item_rail1268175541113116098 as it's serializer returned null
[12:52:39] [main/INFO]: Loaded 29 recipes
[12:52:39] [main/INFO]: Loaded 1464 advancements
[12:52:39] [main/INFO]: Finished recipe profiler for Arc Recycling, took 20 milliseconds
[12:52:39] [main/INFO]: Loading Distillation Recipes.
[12:52:39] [main/INFO]: Loading Reservoirs.
[12:52:39] [main/INFO]: Loading Coker-Unit Recipes.
[12:52:39] [main/INFO]: Loading Sulfur Recovery Recipes.
[12:52:39] [main/INFO]: Recipes for potions: minecraft:long_strength, minecraft:mundane, minecraft:fire_resistance, minecraft:strength, minecraft:slowness, minecraft:strong_swiftness, minecraft:invisibility, minecraft:strong_turtle_master, minecraft:turtle_master, minecraft:slow_falling, minecraft:long_invisibility, minecraft:long_slow_falling, minecraft:night_vision, minecraft:water, minecraft:strong_harming, minecraft:poison, minecraft:strong_healing, minecraft:swiftness, minecraft:thick, minecraft:long_night_vision, minecraft:long_weakness, minecraft:long_swiftness, minecraft:weakness, minecraft:strong_leaping, minecraft:awkward, minecraft:long_slowness, minecraft:water_breathing, minecraft:strong_regeneration, minecraft:long_poison, minecraft:strong_poison, minecraft:long_leaping, minecraft:healing, minecraft:regeneration, minecraft:long_water_breathing, minecraft:long_turtle_master, minecraft:strong_strength, minecraft:long_regeneration, minecraft:harming, minecraft:long_fire_resistance, minecraft:leaping, minecraft:strong_slowness
[12:52:40] [main/INFO]: Injecting existing registry data into this CLIENT instance
[12:52:40] [main/WARN]: Ambiguity between arguments [teleport, destination] and [teleport, targets] with inputs: [Player, 0123, @e, dd12be42-52a9-4a91-a8a1-11c01849e498]
[12:52:40] [main/WARN]: Ambiguity between arguments [teleport, location] and [teleport, destination] with inputs: [0.1 -0.5 .9, 0 0 0]
[12:52:40] [main/WARN]: Ambiguity between arguments [teleport, location] and [teleport, targets] with inputs: [0.1 -0.5 .9, 0 0 0]
[12:52:40] [main/WARN]: Ambiguity between arguments [teleport, targets] and [teleport, destination] with inputs: [Player, 0123, dd12be42-52a9-4a91-a8a1-11c01849e498]
[12:52:40] [main/WARN]: Ambiguity between arguments [teleport, targets, location] and [teleport, targets, destination] with inputs: [0.1 -0.5 .9, 0 0 0]
[12:52:40] [main/INFO]: Reloading ResourceManager: Default, forge-1.16.5-36.2.42-universal.jar, ImmersiveEngineering-1.16.5-5.1.0-148.jar, ImmersiveRailroading-1.16.5-forge-1.10.0-2742641.jar, TrackAPI-1.16.5-forge-1.2.jar, UniversalModCore-1.16.5-forge-1.2.3-012a521.jar, memoryleakfix-forge-pre1.17-1.0.0.jar, ImmersivePetroleum-1.16.5-3.4.0-20.jar, memorysettings-1.16.5-5.2.jar, EntityCulling-1.16.5-2.1.7.jar, ferritecore-2.1.1-forge.jar
[12:52:40] [main/INFO]: Skipping loading recipe immersiverailroading:item_manual1164420761113116098 as it's serializer returned null
[12:52:40] [main/INFO]: Skipping loading recipe immersiverailroading:item_large_wrench2019113087113116098 as it's serializer returned null
[12:52:40] [main/INFO]: Skipping loading recipe immersiverailroading:item_hook397829275113116098 as it's serializer returned null
[12:52:40] [main/INFO]: Skipping loading recipe immersiverailroading:item_switch_key1558876647113116098 as it's serializer returned null
[12:52:40] [main/INFO]: Skipping loading recipe immersiverailroading:item_rail1268175541113116098 as it's serializer returned null
[12:52:40] [main/INFO]: Loaded 29 recipes
[12:52:40] [main/INFO]: Loaded 1464 advancements
[12:52:40] [main/INFO]: Finished recipe profiler for Arc Recycling, took 7 milliseconds
[12:52:40] [main/INFO]: Loading Distillation Recipes.
[12:52:40] [main/INFO]: Loading Reservoirs.
[12:52:40] [main/INFO]: Loading Coker-Unit Recipes.
[12:52:40] [main/INFO]: Loading Sulfur Recovery Recipes.
[12:52:40] [main/INFO]: Recipes for potions: minecraft:long_strength, minecraft:mundane, minecraft:fire_resistance, minecraft:strength, minecraft:slowness, minecraft:strong_swiftness, minecraft:invisibility, minecraft:strong_turtle_master, minecraft:turtle_master, minecraft:slow_falling, minecraft:long_invisibility, minecraft:long_slow_falling, minecraft:night_vision, minecraft:water, minecraft:strong_harming, minecraft:poison, minecraft:strong_healing, minecraft:swiftness, minecraft:thick, minecraft:long_night_vision, minecraft:long_weakness, minecraft:long_swiftness, minecraft:weakness, minecraft:strong_leaping, minecraft:awkward, minecraft:long_slowness, minecraft:water_breathing, minecraft:strong_regeneration, minecraft:long_poison, minecraft:strong_poison, minecraft:long_leaping, minecraft:healing, minecraft:regeneration, minecraft:long_water_breathing, minecraft:long_turtle_master, minecraft:strong_strength, minecraft:long_regeneration, minecraft:harming, minecraft:long_fire_resistance, minecraft:leaping, minecraft:strong_slowness
[12:52:40] [main/INFO]: Injecting existing registry data into this CLIENT instance
[12:52:41] [main/INFO]: Environment: authHost='https://authserver.mojang.com', accountsHost='https://api.mojang.com', sessionHost='https://sessionserver.mojang.com', servicesHost='https://api.minecraftservices.com', name='PROD'
[12:52:41] [Server thread/INFO]: Starting integrated minecraft server version 1.16.5
[12:52:41] [Server thread/INFO]: Generating keypair
[12:52:41] [Server thread/INFO]: Added immersivepetroleum:gasoline as Portable Generator Fuel. (256RF/t 5mB/t)
[12:52:41] [Server thread/INFO]: Added immersivepetroleum:gasoline as Motorboat Fuel. (1 mB/t)
[12:52:41] [Server thread/INFO]: Preparing start region for dimension minecraft:overworld
[12:52:41] [main/INFO]: Preparing spawn area: 0%
[12:52:41] [main/INFO]: Preparing spawn area: 0%
[12:52:42] [main/INFO]: Time elapsed: 667 ms
[12:52:42] [Server thread/INFO]: Changing view distance to 11, from 10
[12:52:43] [Netty Local Client IO #0/INFO]: Connected to a modded server.
[12:52:43] [Server thread/INFO]: Using new advancement loading for net.minecraft.advancements.PlayerAdvancements@31a976a7
[12:52:43] [Server thread/INFO]: bastelkorb[local:E:22c99d55] logged in with entity id 18 at (-31.100093575289012, 78.62737310095484, -103.99935098394215)
[12:52:43] [Server thread/INFO]: bastelkorb joined the game
[12:52:43] [Server thread/INFO]: Saving and pausing game...
[12:52:43] [Server thread/INFO]: Saving chunks for level 'ServerLevel[New World]'/minecraft:overworld
[12:52:43] [main/INFO]: Loaded 3 advancements
[12:52:43] [Server thread/INFO]: Saving chunks for level 'ServerLevel[New World]'/minecraft:the_nether
[12:52:43] [Server thread/INFO]: Saving chunks for level 'ServerLevel[New World]'/minecraft:the_end
[12:52:46] [main/FATAL]: Preparing crash report with UUID 32135e68-a938-45fe-be72-7278b3db7de6
[12:52:47] [Server thread/INFO]: Stopping server
[12:52:47] [Server thread/INFO]: Saving players
[12:52:47] [Server thread/INFO]: bastelkorb lost connection: Disconnected
[12:52:47] [Server thread/INFO]: bastelkorb left the game
[12:52:47] [Server thread/INFO]: Stopping singleplayer server as player logged out
[12:52:47] [Server thread/INFO]: Saving worlds
[12:52:47] [Server thread/INFO]: Saving chunks for level 'ServerLevel[New World]'/minecraft:overworld
[12:52:48] [Server thread/INFO]: ThreadedAnvilChunkStorage (New World): All chunks are saved
[12:52:48] [Server thread/INFO]: Saving chunks for level 'ServerLevel[New World]'/minecraft:the_nether
[12:52:48] [Server thread/INFO]: ThreadedAnvilChunkStorage (DIM-1): All chunks are saved
[12:52:48] [Server thread/INFO]: Saving chunks for level 'ServerLevel[New World]'/minecraft:the_end
[12:52:48] [Server thread/INFO]: ThreadedAnvilChunkStorage (DIM1): All chunks are saved
[12:52:48] [Server thread/INFO]: ThreadedAnvilChunkStorage (New World): All chunks are saved
[12:52:48] [Server thread/INFO]: ThreadedAnvilChunkStorage (DIM-1): All chunks are saved
[12:52:48] [Server thread/INFO]: ThreadedAnvilChunkStorage (DIM1): All chunks are saved
[12:52:50] [main/FATAL]: Reported exception thrown!
net.minecraft.crash.ReportedException: Rendering screen
	at net.minecraft.client.renderer.GameRenderer.func_195458_a(GameRenderer.java:505) ~[?:?]
	at net.minecraft.client.Minecraft.func_195542_b(Minecraft.java:977) ~[?:?]
	at net.minecraft.client.Minecraft.func_99999_d(Minecraft.java:607) [?:?]
	at net.minecraft.client.main.Main.main(Main.java:184) [?:?]
	at sun.reflect.NativeMethodAccessorImpl.invoke0(Native Method) ~[?:1.8.0_51]
	at sun.reflect.NativeMethodAccessorImpl.invoke(NativeMethodAccessorImpl.java:62) ~[?:1.8.0_51]
	at sun.reflect.DelegatingMethodAccessorImpl.invoke(DelegatingMethodAccessorImpl.java:43) ~[?:1.8.0_51]
	at java.lang.reflect.Method.invoke(Method.java:497) ~[?:1.8.0_51]
	at net.minecraftforge.fml.loading.FMLClientLaunchProvider.lambda$launchService$0(FMLClientLaunchProvider.java:37) [forge-1.16.5-36.2.42.jar:36.2]
	at net.minecraftforge.fml.loading.FMLClientLaunchProvider$$Lambda$465/1867177582.call(Unknown Source) [forge-1.16.5-36.2.42.jar:36.2]
	at cpw.mods.modlauncher.LaunchServiceHandlerDecorator.launch(LaunchServiceHandlerDecorator.java:37) [modlauncher-8.1.3.jar:?]
	at cpw.mods.modlauncher.LaunchServiceHandler.launch(LaunchServiceHandler.java:54) [modlauncher-8.1.3.jar:?]
	at cpw.mods.modlauncher.LaunchServiceHandler.launch(LaunchServiceHandler.java:72) [modlauncher-8.1.3.jar:?]
	at cpw.mods.modlauncher.Launcher.run(Launcher.java:82) [modlauncher-8.1.3.jar:?]
	at cpw.mods.modlauncher.Launcher.main(Launcher.java:66) [modlauncher-8.1.3.jar:?]
Caused by: java.util.NoSuchElementException
	at java.util.LinkedList.getFirst(LinkedList.java:244) ~[?:1.8.0_51]
	at cam72cam.immersiverailroading.items.ItemMultipleUnit.getItemVariants(ItemMultipleUnit.java:129) ~[?:1.16.5-forge-1.10.0-2742641]
	at cam72cam.immersiverailroading.items.ItemTabs.lambda$static$4(ItemTabs.java:43) ~[?:1.16.5-forge-1.10.0-2742641]
	at cam72cam.immersiverailroading.items.ItemTabs$$Lambda$3498/87341987.get(Unknown Source) ~[?:?]
	at cam72cam.mod.item.CreativeTab$1.func_78016_d(CreativeTab.java:18) ~[?:1.2.3-012a521]
	at net.minecraft.item.ItemGroup.func_151244_d(ItemGroup.java:140) ~[?:?]
	at net.minecraft.client.gui.screen.inventory.CreativeScreen.func_238808_a_(CreativeScreen.java:809) ~[?:?]
	at net.minecraft.client.gui.screen.inventory.CreativeScreen.func_230450_a_(CreativeScreen.java:695) ~[?:?]
	at net.minecraft.client.gui.screen.inventory.ContainerScreen.func_230430_a_(ContainerScreen.java:88) ~[?:?]
	at net.minecraft.client.gui.DisplayEffectsScreen.func_230430_a_(DisplayEffectsScreen.java:48) ~[?:?]
	at net.minecraft.client.gui.screen.inventory.CreativeScreen.func_230430_a_(CreativeScreen.java:608) ~[?:?]
	at net.minecraftforge.client.ForgeHooksClient.drawScreenInternal(ForgeHooksClient.java:363) ~[?:?]
	at net.minecraftforge.client.ForgeHooksClient.drawScreen(ForgeHooksClient.java:356) ~[?:?]
	at net.minecraft.client.renderer.GameRenderer.func_195458_a(GameRenderer.java:492) ~[?:?]
	... 14 more
[12:52:50] [main/INFO]: [net.minecraft.util.registry.Bootstrap:func_179870_a:123]: ---- Minecraft Crash Report ----
// Daisy, daisy...

Time: 3/20/26 12:52 PM
Description: Rendering screen

java.util.NoSuchElementException: null
	at java.util.LinkedList.getFirst(LinkedList.java:244) ~[?:1.8.0_51] {}
	at cam72cam.immersiverailroading.items.ItemMultipleUnit.getItemVariants(ItemMultipleUnit.java:129) ~[?:1.16.5-forge-1.10.0-2742641] {re:classloading}
	at cam72cam.immersiverailroading.items.ItemTabs.lambda$static$4(ItemTabs.java:43) ~[?:1.16.5-forge-1.10.0-2742641] {re:classloading}
	at cam72cam.immersiverailroading.items.ItemTabs$$Lambda$3498/87341987.get(Unknown Source) ~[?:?] {}
	at cam72cam.mod.item.CreativeTab$1.func_78016_d(CreativeTab.java:18) ~[?:1.2.3-012a521] {re:classloading}
	at net.minecraft.item.ItemGroup.func_151244_d(ItemGroup.java:140) ~[?:?] {re:classloading,pl:accesstransformer:B}
	at net.minecraft.client.gui.screen.inventory.CreativeScreen.func_238808_a_(CreativeScreen.java:809) ~[?:?] {re:classloading,pl:runtimedistcleaner:A}
	at net.minecraft.client.gui.screen.inventory.CreativeScreen.func_230450_a_(CreativeScreen.java:695) ~[?:?] {re:classloading,pl:runtimedistcleaner:A}
	at net.minecraft.client.gui.screen.inventory.ContainerScreen.func_230430_a_(ContainerScreen.java:88) ~[?:?] {re:classloading,pl:runtimedistcleaner:A}
	at net.minecraft.client.gui.DisplayEffectsScreen.func_230430_a_(DisplayEffectsScreen.java:48) ~[?:?] {re:classloading,pl:runtimedistcleaner:A}
	at net.minecraft.client.gui.screen.inventory.CreativeScreen.func_230430_a_(CreativeScreen.java:608) ~[?:?] {re:classloading,pl:runtimedistcleaner:A}
	at net.minecraftforge.client.ForgeHooksClient.drawScreenInternal(ForgeHooksClient.java:363) ~[?:?] {re:classloading}
	at net.minecraftforge.client.ForgeHooksClient.drawScreen(ForgeHooksClient.java:356) ~[?:?] {re:classloading}
	at net.minecraft.client.renderer.GameRenderer.func_195458_a(GameRenderer.java:492) ~[?:?] {re:mixin,pl:accesstransformer:B,pl:runtimedistcleaner:A,re:classloading,pl:accesstransformer:B,pl:runtimedistcleaner:A}
	at net.minecraft.client.Minecraft.func_195542_b(Minecraft.java:977) [?:?] {re:mixin,pl:accesstransformer:B,pl:runtimedistcleaner:A,re:classloading,pl:accesstransformer:B,pl:mixin:APP:memoryleakfix-16.mixins.json:targetEntityLeak.Minecraft_targetClearMixin,pl:mixin:APP:immersiveengineering.mixins.json:accessors.client.MinecraftAccess,pl:mixin:A,pl:runtimedistcleaner:A}
	at net.minecraft.client.Minecraft.func_99999_d(Minecraft.java:607) [?:?] {re:mixin,pl:accesstransformer:B,pl:runtimedistcleaner:A,re:classloading,pl:accesstransformer:B,pl:mixin:APP:memoryleakfix-16.mixins.json:targetEntityLeak.Minecraft_targetClearMixin,pl:mixin:APP:immersiveengineering.mixins.json:accessors.client.MinecraftAccess,pl:mixin:A,pl:runtimedistcleaner:A}
	at net.minecraft.client.main.Main.main(Main.java:184) [?:?] {re:classloading,pl:runtimedistcleaner:A}
	at sun.reflect.NativeMethodAccessorImpl.invoke0(Native Method) ~[?:1.8.0_51] {}
	at sun.reflect.NativeMethodAccessorImpl.invoke(NativeMethodAccessorImpl.java:62) ~[?:1.8.0_51] {}
	at sun.reflect.DelegatingMethodAccessorImpl.invoke(DelegatingMethodAccessorImpl.java:43) ~[?:1.8.0_51] {}
	at java.lang.reflect.Method.invoke(Method.java:497) ~[?:1.8.0_51] {}
	at net.minecraftforge.fml.loading.FMLClientLaunchProvider.lambda$launchService$0(FMLClientLaunchProvider.java:37) [forge-1.16.5-36.2.42.jar:36.2] {}
	at net.minecraftforge.fml.loading.FMLClientLaunchProvider$$Lambda$465/1867177582.call(Unknown Source) [forge-1.16.5-36.2.42.jar:36.2] {}
	at cpw.mods.modlauncher.LaunchServiceHandlerDecorator.launch(LaunchServiceHandlerDecorator.java:37) [modlauncher-8.1.3.jar:?] {}
	at cpw.mods.modlauncher.LaunchServiceHandler.launch(LaunchServiceHandler.java:54) [modlauncher-8.1.3.jar:?] {}
	at cpw.mods.modlauncher.LaunchServiceHandler.launch(LaunchServiceHandler.java:72) [modlauncher-8.1.3.jar:?] {}
	at cpw.mods.modlauncher.Launcher.run(Launcher.java:82) [modlauncher-8.1.3.jar:?] {}
	at cpw.mods.modlauncher.Launcher.main(Launcher.java:66) [modlauncher-8.1.3.jar:?] {}


A detailed walkthrough of the error, its code path and all known details is as follows:
---------------------------------------------------------------------------------------

-- Head --
Thread: Render thread
Stacktrace:
	at java.util.LinkedList.getFirst(LinkedList.java:244) ~[?:1.8.0_51] {}
	at cam72cam.immersiverailroading.items.ItemMultipleUnit.getItemVariants(ItemMultipleUnit.java:129) ~[?:1.16.5-forge-1.10.0-2742641] {re:classloading}
	at cam72cam.immersiverailroading.items.ItemTabs.lambda$static$4(ItemTabs.java:43) ~[?:1.16.5-forge-1.10.0-2742641] {re:classloading}
	at cam72cam.immersiverailroading.items.ItemTabs$$Lambda$3498/87341987.get(Unknown Source) ~[?:?] {}
	at cam72cam.mod.item.CreativeTab$1.func_78016_d(CreativeTab.java:18) ~[?:1.2.3-012a521] {re:classloading}
	at net.minecraft.item.ItemGroup.func_151244_d(ItemGroup.java:140) ~[?:?] {re:classloading,pl:accesstransformer:B}
	at net.minecraft.client.gui.screen.inventory.CreativeScreen.func_238808_a_(CreativeScreen.java:809) ~[?:?] {re:classloading,pl:runtimedistcleaner:A}
	at net.minecraft.client.gui.screen.inventory.CreativeScreen.func_230450_a_(CreativeScreen.java:695) ~[?:?] {re:classloading,pl:runtimedistcleaner:A}
	at net.minecraft.client.gui.screen.inventory.ContainerScreen.func_230430_a_(ContainerScreen.java:88) ~[?:?] {re:classloading,pl:runtimedistcleaner:A}
	at net.minecraft.client.gui.DisplayEffectsScreen.func_230430_a_(DisplayEffectsScreen.java:48) ~[?:?] {re:classloading,pl:runtimedistcleaner:A}
	at net.minecraft.client.gui.screen.inventory.CreativeScreen.func_230430_a_(CreativeScreen.java:608) ~[?:?] {re:classloading,pl:runtimedistcleaner:A}
	at net.minecraftforge.client.ForgeHooksClient.drawScreenInternal(ForgeHooksClient.java:363) ~[?:?] {re:classloading}
	at net.minecraftforge.client.ForgeHooksClient.drawScreen(ForgeHooksClient.java:356) ~[?:?] {re:classloading}
-- Screen render details --
Details:
	Screen name: net.minecraft.client.gui.screen.inventory.CreativeScreen
	Mouse location: Scaled: (412, 63). Absolute: (1237.000000, 191.000000)
	Screen size: Scaled: (640, 337). Absolute: (1920, 1009). Scale factor of 3.000000

-- Affected level --
Details:
	All players: 1 total; [ClientPlayerEntity['bastelkorb'/18, l='ClientLevel', x=-33.68, y=78.63, z=-103.62]]
	Chunk stats: Client Chunk Cache: 841, 571
	Level dimension: minecraft:overworld
	Level spawn location: World: (-160,64,-208), Chunk: (at 0,4,0 in -10,-13; contains blocks -160,0,-208 to -145,255,-193), Region: (-1,-1; contains chunks -32,-32 to -1,-1, blocks -512,0,-512 to -1,255,-1)
	Level time: 16748 game time, 2128 day time
	Server brand: forge
	Server type: Integrated singleplayer server
Stacktrace:
	at net.minecraft.client.world.ClientWorld.func_72914_a(ClientWorld.java:458) ~[?:?] {re:classloading,pl:accesstransformer:B,pl:runtimedistcleaner:A}
	at net.minecraft.client.Minecraft.func_71396_d(Minecraft.java:2031) [?:?] {re:mixin,pl:accesstransformer:B,pl:runtimedistcleaner:A,re:classloading,pl:accesstransformer:B,pl:mixin:APP:memoryleakfix-16.mixins.json:targetEntityLeak.Minecraft_targetClearMixin,pl:mixin:APP:immersiveengineering.mixins.json:accessors.client.MinecraftAccess,pl:mixin:A,pl:runtimedistcleaner:A}
	at net.minecraft.client.Minecraft.func_99999_d(Minecraft.java:623) [?:?] {re:mixin,pl:accesstransformer:B,pl:runtimedistcleaner:A,re:classloading,pl:accesstransformer:B,pl:mixin:APP:memoryleakfix-16.mixins.json:targetEntityLeak.Minecraft_targetClearMixin,pl:mixin:APP:immersiveengineering.mixins.json:accessors.client.MinecraftAccess,pl:mixin:A,pl:runtimedistcleaner:A}
	at net.minecraft.client.main.Main.main(Main.java:184) [?:?] {re:classloading,pl:runtimedistcleaner:A}
	at sun.reflect.NativeMethodAccessorImpl.invoke0(Native Method) ~[?:1.8.0_51] {}
	at sun.reflect.NativeMethodAccessorImpl.invoke(NativeMethodAccessorImpl.java:62) ~[?:1.8.0_51] {}
	at sun.reflect.DelegatingMethodAccessorImpl.invoke(DelegatingMethodAccessorImpl.java:43) ~[?:1.8.0_51] {}
	at java.lang.reflect.Method.invoke(Method.java:497) ~[?:1.8.0_51] {}
	at net.minecraftforge.fml.loading.FMLClientLaunchProvider.lambda$launchService$0(FMLClientLaunchProvider.java:37) [forge-1.16.5-36.2.42.jar:36.2] {}
	at net.minecraftforge.fml.loading.FMLClientLaunchProvider$$Lambda$465/1867177582.call(Unknown Source) [forge-1.16.5-36.2.42.jar:36.2] {}
	at cpw.mods.modlauncher.LaunchServiceHandlerDecorator.launch(LaunchServiceHandlerDecorator.java:37) [modlauncher-8.1.3.jar:?] {}
	at cpw.mods.modlauncher.LaunchServiceHandler.launch(LaunchServiceHandler.java:54) [modlauncher-8.1.3.jar:?] {}
	at cpw.mods.modlauncher.LaunchServiceHandler.launch(LaunchServiceHandler.java:72) [modlauncher-8.1.3.jar:?] {}
	at cpw.mods.modlauncher.Launcher.run(Launcher.java:82) [modlauncher-8.1.3.jar:?] {}
	at cpw.mods.modlauncher.Launcher.main(Launcher.java:66) [modlauncher-8.1.3.jar:?] {}


-- System Details --
Details:
	Minecraft Version: 1.16.5
	Minecraft Version ID: 1.16.5
	Operating System: Windows 10 (amd64) version 10.0
	Java Version: 1.8.0_51, Oracle Corporation
	Java VM Version: Java HotSpot(TM) 64-Bit Server VM (mixed mode), Oracle Corporation
	Memory: 4275486712 bytes (4077 MB) / 18952486912 bytes (18074 MB) up to 22369796096 bytes (21333 MB)
	CPUs: 16
	JVM Flags: 4 total; -XX:HeapDumpPath=MojangTricksIntelDriversForPerformance_javaw.exe_minecraft.exe.heapdump -Xss1M -Xmx24000m -Xms256m
	ModLauncher: 8.1.3+8.1.3+main-8.1.x.c94d18ec
	ModLauncher launch target: fmlclient
	ModLauncher naming: srg
	ModLauncher services: 
		/mixin-0.8.4.jar mixin PLUGINSERVICE 
		/eventbus-4.0.0.jar eventbus PLUGINSERVICE 
		/forge-1.16.5-36.2.42.jar object_holder_definalize PLUGINSERVICE 
		/forge-1.16.5-36.2.42.jar runtime_enum_extender PLUGINSERVICE 
		/accesstransformers-3.0.1.jar accesstransformer PLUGINSERVICE 
		/forge-1.16.5-36.2.42.jar capability_inject_definalize PLUGINSERVICE 
		/forge-1.16.5-36.2.42.jar runtimedistcleaner PLUGINSERVICE 
		/mixin-0.8.4.jar mixin TRANSFORMATIONSERVICE 
		/forge-1.16.5-36.2.42.jar fml TRANSFORMATIONSERVICE 
	FML: 36.2
	Forge: net.minecraftforge:36.2.42
	FML Language Providers: 
		javafml@36.2
		minecraft@1
	Mod List: 
		forge-1.16.5-36.2.42-client.jar                   |Minecraft                     |minecraft                     |1.16.5              |DONE      |Manifest: NOSIGNATURE
		memoryleakfix-forge-pre1.17-1.0.0.jar             |Memory Leak Fix               |memoryleakfix                 |1.0.0               |DONE      |Manifest: NOSIGNATURE
		ImmersivePetroleum-1.16.5-3.4.0-20.jar            |Immersive Petroleum           |immersivepetroleum            |3.4.0-20            |DONE      |Manifest: NOSIGNATURE
		forge-1.16.5-36.2.42-universal.jar                |Forge                         |forge                         |36.2.42             |DONE      |Manifest: 22:af:21:d8:19:82:7f:93:94:fe:2b:ac:b7:e4:41:57:68:39:87:b1:a7:5c:c6:44:f9:25:74:21:14:f5:0d:90
		ImmersiveEngineering-1.16.5-5.1.0-148.jar         |Immersive Engineering         |immersiveengineering          |1.16.5-5.1.0-148    |DONE      |Manifest: NOSIGNATURE
		memorysettings-1.16.5-5.2.jar                     |memorysettings mod            |memorysettings                |1.16.5-5.2          |DONE      |Manifest: NOSIGNATURE
		EntityCulling-1.16.5-2.1.7.jar                    |Entity Culling                |entity_culling                |2.1.7               |DONE      |Manifest: NOSIGNATURE
		ImmersiveRailroading-1.16.5-forge-1.10.0-2742641.j|Immersive Railroading         |immersiverailroading          |1.16.5-forge-1.10.0-|DONE      |Manifest: NOSIGNATURE
		TrackAPI-1.16.5-forge-1.2.jar                     |TrackAPI                      |trackapi                      |1.2                 |DONE      |Manifest: NOSIGNATURE
		ferritecore-2.1.1-forge.jar                       |Ferrite Core                  |ferritecore                   |2.1.1               |DONE      |Manifest: 41:ce:50:66:d1:a0:05:ce:a1:0e:02:85:9b:46:64:e0:bf:2e:cf:60:30:9a:fe:0c:27:e0:63:66:9a:84:ce:8a
		UniversalModCore-1.16.5-forge-1.2.3-012a521.jar   |Universal Mod Core            |universalmodcore              |1.2.3               |DONE      |Manifest: NOSIGNATURE
	Crash Report UUID: 32135e68-a938-45fe-be72-7278b3db7de6
	Launched Version: forge-36.2.42
	Backend library: LWJGL version 3.2.2 build 10
	Backend API: NVIDIA GeForce RTX 3060 Laptop GPU/PCIe/SSE2 GL version 4.6.0 NVIDIA 595.79, NVIDIA Corporation
	GL Caps: Using framebuffer using OpenGL 3.0
	Using VBOs: Yes
	Is Modded: Definitely; Client brand changed to 'forge'
	Type: Client (map_client.txt)
	Graphics mode: fancy
	Resource Packs: vanilla, mod_resources
	Current Language: English (US)
	CPU: 16x 11th Gen Intel(R) Core(TM) i7-11800H @ 2.30GHz
[12:52:50] [main/INFO]: [net.minecraft.util.registry.Bootstrap:func_179870_a:123]: #@!@# Game crashed! Crash report saved to: #@!@# C:\Users\bastelkorb\curseforge\minecraft\Instances\testy (1)\crash-reports\crash-2026-03-20_12.52.50-client.txt
